<annotation>
	<folder>my-project-name</folder>
	<filename>free-photo-of-dieta-de-cafe-da-manha-com-queijos-e-ovos.jpeg</filename>
	<path>/my-project-name/free-photo-of-dieta-de-cafe-da-manha-com-queijos-e-ovos.jpeg</path>
	<source>
		<database>Unspecified</database>
	</source>
	<size>
		<width>500</width>
		<height>333</height>
		<depth>3</depth>
	</size>
	<object>
		<name>knife</name>
		<pose>Unspecified</pose>
		<truncated>0</truncated>
		<difficult>0</difficult>
		<bndbox>
			<xmin>105</xmin>
			<ymin>10</ymin>
			<xmax>166</xmax>
			<ymax>171</ymax>
		</bndbox>
	</object>
</annotation>