<annotation>
	<folder>my-project-name</folder>
	<filename>knife-kitchen-cook-wooden-board-50585.jpeg</filename>
	<path>/my-project-name/knife-kitchen-cook-wooden-board-50585.jpeg</path>
	<source>
		<database>Unspecified</database>
	</source>
	<size>
		<width>500</width>
		<height>332</height>
		<depth>3</depth>
	</size>
	<object>
		<name>knife</name>
		<pose>Unspecified</pose>
		<truncated>0</truncated>
		<difficult>0</difficult>
		<bndbox>
			<xmin>104</xmin>
			<ymin>7</ymin>
			<xmax>500</xmax>
			<ymax>234</ymax>
		</bndbox>
	</object>
</annotation>