<annotation>
	<folder>my-project-name</folder>
	<filename>paprika-vegetables-snack-vegetables-cut-39011.jpeg</filename>
	<path>/my-project-name/paprika-vegetables-snack-vegetables-cut-39011.jpeg</path>
	<source>
		<database>Unspecified</database>
	</source>
	<size>
		<width>500</width>
		<height>305</height>
		<depth>3</depth>
	</size>
	<object>
		<name>knife</name>
		<pose>Unspecified</pose>
		<truncated>0</truncated>
		<difficult>0</difficult>
		<bndbox>
			<xmin>111</xmin>
			<ymin>57</ymin>
			<xmax>478</xmax>
			<ymax>158</ymax>
		</bndbox>
	</object>
</annotation>