<annotation>
	<folder>my-project-name</folder>
	<filename>pexels-photo-1535418.jpeg</filename>
	<path>/my-project-name/pexels-photo-1535418.jpeg</path>
	<source>
		<database>Unspecified</database>
	</source>
	<size>
		<width>500</width>
		<height>667</height>
		<depth>3</depth>
	</size>
	<object>
		<name>knife</name>
		<pose>Unspecified</pose>
		<truncated>0</truncated>
		<difficult>0</difficult>
		<bndbox>
			<xmin>300</xmin>
			<ymin>358</ymin>
			<xmax>500</xmax>
			<ymax>415</ymax>
		</bndbox>
	</object>
	<object>
		<name>alcohol</name>
		<pose>Unspecified</pose>
		<truncated>0</truncated>
		<difficult>0</difficult>
		<bndbox>
			<xmin>0</xmin>
			<ymin>199</ymin>
			<xmax>148</xmax>
			<ymax>376</ymax>
		</bndbox>
	</object>
	<object>
		<name>alcohol</name>
		<pose>Unspecified</pose>
		<truncated>0</truncated>
		<difficult>0</difficult>
		<bndbox>
			<xmin>268</xmin>
			<ymin>0</ymin>
			<xmax>408</xmax>
			<ymax>140</ymax>
		</bndbox>
	</object>
</annotation>