<annotation>
	<folder>my-project-name</folder>
	<filename>pexels-photo-6479604.jpeg</filename>
	<path>/my-project-name/pexels-photo-6479604.jpeg</path>
	<source>
		<database>Unspecified</database>
	</source>
	<size>
		<width>500</width>
		<height>750</height>
		<depth>3</depth>
	</size>
	<object>
		<name>knife</name>
		<pose>Unspecified</pose>
		<truncated>0</truncated>
		<difficult>0</difficult>
		<bndbox>
			<xmin>471</xmin>
			<ymin>459</ymin>
			<xmax>500</xmax>
			<ymax>498</ymax>
		</bndbox>
	</object>
	<object>
		<name>knife</name>
		<pose>Unspecified</pose>
		<truncated>0</truncated>
		<difficult>0</difficult>
		<bndbox>
			<xmin>197</xmin>
			<ymin>463</ymin>
			<xmax>214</xmax>
			<ymax>502</ymax>
		</bndbox>
	</object>
</annotation>