<annotation>
	<folder>my-project-name</folder>
	<filename>pexels-photo-4992638.jpeg</filename>
	<path>/my-project-name/pexels-photo-4992638.jpeg</path>
	<source>
		<database>Unspecified</database>
	</source>
	<size>
		<width>500</width>
		<height>750</height>
		<depth>3</depth>
	</size>
	<object>
		<name>knife</name>
		<pose>Unspecified</pose>
		<truncated>0</truncated>
		<difficult>0</difficult>
		<bndbox>
			<xmin>70</xmin>
			<ymin>308</ymin>
			<xmax>99</xmax>
			<ymax>466</ymax>
		</bndbox>
	</object>
	<object>
		<name>knife</name>
		<pose>Unspecified</pose>
		<truncated>0</truncated>
		<difficult>0</difficult>
		<bndbox>
			<xmin>99</xmin>
			<ymin>320</ymin>
			<xmax>133</xmax>
			<ymax>461</ymax>
		</bndbox>
	</object>
</annotation>