<annotation>
	<folder>my-project-name</folder>
	<filename>pexels-photo-13394035.jpeg</filename>
	<path>/my-project-name/pexels-photo-13394035.jpeg</path>
	<source>
		<database>Unspecified</database>
	</source>
	<size>
		<width>500</width>
		<height>750</height>
		<depth>3</depth>
	</size>
	<object>
		<name>knife</name>
		<pose>Unspecified</pose>
		<truncated>0</truncated>
		<difficult>0</difficult>
		<bndbox>
			<xmin>264</xmin>
			<ymin>504</ymin>
			<xmax>352</xmax>
			<ymax>642</ymax>
		</bndbox>
	</object>
	<object>
		<name>alcohol</name>
		<pose>Unspecified</pose>
		<truncated>0</truncated>
		<difficult>0</difficult>
		<bndbox>
			<xmin>164</xmin>
			<ymin>217</ymin>
			<xmax>292</xmax>
			<ymax>533</ymax>
		</bndbox>
	</object>
	<object>
		<name>alcohol</name>
		<pose>Unspecified</pose>
		<truncated>0</truncated>
		<difficult>0</difficult>
		<bndbox>
			<xmin>333</xmin>
			<ymin>104</ymin>
			<xmax>441</xmax>
			<ymax>498</ymax>
		</bndbox>
	</object>
</annotation>