<annotation>
	<folder>my-project-name</folder>
	<filename>pexels-photo-12749404.jpeg</filename>
	<path>/my-project-name/pexels-photo-12749404.jpeg</path>
	<source>
		<database>Unspecified</database>
	</source>
	<size>
		<width>500</width>
		<height>750</height>
		<depth>3</depth>
	</size>
	<object>
		<name>knife</name>
		<pose>Unspecified</pose>
		<truncated>0</truncated>
		<difficult>0</difficult>
		<bndbox>
			<xmin>197</xmin>
			<ymin>144</ymin>
			<xmax>329</xmax>
			<ymax>608</ymax>
		</bndbox>
	</object>
	<object>
		<name>knife</name>
		<pose>Unspecified</pose>
		<truncated>0</truncated>
		<difficult>0</difficult>
		<bndbox>
			<xmin>0</xmin>
			<ymin>551</ymin>
			<xmax>412</xmax>
			<ymax>605</ymax>
		</bndbox>
	</object>
</annotation>