<annotation>
	<folder>my-project-name</folder>
	<filename>pexels-photo-4846377.jpeg</filename>
	<path>/my-project-name/pexels-photo-4846377.jpeg</path>
	<source>
		<database>Unspecified</database>
	</source>
	<size>
		<width>500</width>
		<height>750</height>
		<depth>3</depth>
	</size>
	<object>
		<name>knife</name>
		<pose>Unspecified</pose>
		<truncated>0</truncated>
		<difficult>0</difficult>
		<bndbox>
			<xmin>169</xmin>
			<ymin>331</ymin>
			<xmax>212</xmax>
			<ymax>497</ymax>
		</bndbox>
	</object>
	<object>
		<name>knife</name>
		<pose>Unspecified</pose>
		<truncated>0</truncated>
		<difficult>0</difficult>
		<bndbox>
			<xmin>241</xmin>
			<ymin>399</ymin>
			<xmax>273</xmax>
			<ymax>607</ymax>
		</bndbox>
	</object>
	<object>
		<name>alcohol</name>
		<pose>Unspecified</pose>
		<truncated>0</truncated>
		<difficult>0</difficult>
		<bndbox>
			<xmin>0</xmin>
			<ymin>312</ymin>
			<xmax>103</xmax>
			<ymax>423</ymax>
		</bndbox>
	</object>
</annotation>