<annotation>
	<folder>my-project-name</folder>
	<filename>pexels-photo-541216.jpeg</filename>
	<path>/my-project-name/pexels-photo-541216.jpeg</path>
	<source>
		<database>Unspecified</database>
	</source>
	<size>
		<width>500</width>
		<height>667</height>
		<depth>3</depth>
	</size>
	<object>
		<name>knife</name>
		<pose>Unspecified</pose>
		<truncated>0</truncated>
		<difficult>0</difficult>
		<bndbox>
			<xmin>10</xmin>
			<ymin>436</ymin>
			<xmax>128</xmax>
			<ymax>506</ymax>
		</bndbox>
	</object>
	<object>
		<name>knife</name>
		<pose>Unspecified</pose>
		<truncated>0</truncated>
		<difficult>0</difficult>
		<bndbox>
			<xmin>398</xmin>
			<ymin>150</ymin>
			<xmax>500</xmax>
			<ymax>186</ymax>
		</bndbox>
	</object>
</annotation>