<annotation>
	<folder>my-project-name</folder>
	<filename>pexels-photo-4108723.jpeg</filename>
	<path>/my-project-name/pexels-photo-4108723.jpeg</path>
	<source>
		<database>Unspecified</database>
	</source>
	<size>
		<width>500</width>
		<height>667</height>
		<depth>3</depth>
	</size>
	<object>
		<name>knife</name>
		<pose>Unspecified</pose>
		<truncated>0</truncated>
		<difficult>0</difficult>
		<bndbox>
			<xmin>271</xmin>
			<ymin>510</ymin>
			<xmax>384</xmax>
			<ymax>667</ymax>
		</bndbox>
	</object>
	<object>
		<name>knife</name>
		<pose>Unspecified</pose>
		<truncated>0</truncated>
		<difficult>0</difficult>
		<bndbox>
			<xmin>244</xmin>
			<ymin>531</ymin>
			<xmax>288</xmax>
			<ymax>667</ymax>
		</bndbox>
	</object>
	<object>
		<name>knife</name>
		<pose>Unspecified</pose>
		<truncated>0</truncated>
		<difficult>0</difficult>
		<bndbox>
			<xmin>211</xmin>
			<ymin>525</ymin>
			<xmax>260</xmax>
			<ymax>667</ymax>
		</bndbox>
	</object>
</annotation>