<annotation>
	<folder>my-project-name</folder>
	<filename>pexels-photo-4992963.jpeg</filename>
	<path>/my-project-name/pexels-photo-4992963.jpeg</path>
	<source>
		<database>Unspecified</database>
	</source>
	<size>
		<width>500</width>
		<height>750</height>
		<depth>3</depth>
	</size>
	<object>
		<name>knife</name>
		<pose>Unspecified</pose>
		<truncated>0</truncated>
		<difficult>0</difficult>
		<bndbox>
			<xmin>66</xmin>
			<ymin>494</ymin>
			<xmax>226</xmax>
			<ymax>563</ymax>
		</bndbox>
	</object>
	<object>
		<name>knife</name>
		<pose>Unspecified</pose>
		<truncated>0</truncated>
		<difficult>0</difficult>
		<bndbox>
			<xmin>274</xmin>
			<ymin>283</ymin>
			<xmax>391</xmax>
			<ymax>319</ymax>
		</bndbox>
	</object>
</annotation>