<annotation>
	<folder>my-project-name</folder>
	<filename>pexels-photo-6061882.jpeg</filename>
	<path>/my-project-name/pexels-photo-6061882.jpeg</path>
	<source>
		<database>Unspecified</database>
	</source>
	<size>
		<width>500</width>
		<height>750</height>
		<depth>3</depth>
	</size>
	<object>
		<name>knife</name>
		<pose>Unspecified</pose>
		<truncated>0</truncated>
		<difficult>0</difficult>
		<bndbox>
			<xmin>334</xmin>
			<ymin>578</ymin>
			<xmax>500</xmax>
			<ymax>601</ymax>
		</bndbox>
	</object>
	<object>
		<name>knife</name>
		<pose>Unspecified</pose>
		<truncated>0</truncated>
		<difficult>0</difficult>
		<bndbox>
			<xmin>438</xmin>
			<ymin>481</ymin>
			<xmax>500</xmax>
			<ymax>491</ymax>
		</bndbox>
	</object>
</annotation>