<annotation>
	<folder>my-project-name</folder>
	<filename>pexels-photo-3730913.jpeg</filename>
	<path>/my-project-name/pexels-photo-3730913.jpeg</path>
	<source>
		<database>Unspecified</database>
	</source>
	<size>
		<width>500</width>
		<height>749</height>
		<depth>3</depth>
	</size>
	<object>
		<name>knife</name>
		<pose>Unspecified</pose>
		<truncated>0</truncated>
		<difficult>0</difficult>
		<bndbox>
			<xmin>382</xmin>
			<ymin>471</ymin>
			<xmax>451</xmax>
			<ymax>749</ymax>
		</bndbox>
	</object>
</annotation>