<annotation>
	<folder>my-project-name</folder>
	<filename>pexels-photo-10049567.jpeg</filename>
	<path>/my-project-name/pexels-photo-10049567.jpeg</path>
	<source>
		<database>Unspecified</database>
	</source>
	<size>
		<width>500</width>
		<height>672</height>
		<depth>3</depth>
	</size>
	<object>
		<name>knife</name>
		<pose>Unspecified</pose>
		<truncated>0</truncated>
		<difficult>0</difficult>
		<bndbox>
			<xmin>380</xmin>
			<ymin>461</ymin>
			<xmax>407</xmax>
			<ymax>558</ymax>
		</bndbox>
	</object>
	<object>
		<name>knife</name>
		<pose>Unspecified</pose>
		<truncated>0</truncated>
		<difficult>0</difficult>
		<bndbox>
			<xmin>395</xmin>
			<ymin>476</ymin>
			<xmax>428</xmax>
			<ymax>583</ymax>
		</bndbox>
	</object>
</annotation>