<annotation>
	<folder>my-project-name</folder>
	<filename>pexels-photo-5957129.jpeg</filename>
	<path>/my-project-name/pexels-photo-5957129.jpeg</path>
	<source>
		<database>Unspecified</database>
	</source>
	<size>
		<width>500</width>
		<height>333</height>
		<depth>3</depth>
	</size>
	<object>
		<name>knife</name>
		<pose>Unspecified</pose>
		<truncated>0</truncated>
		<difficult>0</difficult>
		<bndbox>
			<xmin>423</xmin>
			<ymin>0</ymin>
			<xmax>458</xmax>
			<ymax>293</ymax>
		</bndbox>
	</object>
</annotation>