<annotation>
	<folder>my-project-name</folder>
	<filename>pexels-photo-2878738.jpeg</filename>
	<path>/my-project-name/pexels-photo-2878738.jpeg</path>
	<source>
		<database>Unspecified</database>
	</source>
	<size>
		<width>500</width>
		<height>750</height>
		<depth>3</depth>
	</size>
	<object>
		<name>knife</name>
		<pose>Unspecified</pose>
		<truncated>0</truncated>
		<difficult>0</difficult>
		<bndbox>
			<xmin>376</xmin>
			<ymin>227</ymin>
			<xmax>439</xmax>
			<ymax>409</ymax>
		</bndbox>
	</object>
	<object>
		<name>knife</name>
		<pose>Unspecified</pose>
		<truncated>0</truncated>
		<difficult>0</difficult>
		<bndbox>
			<xmin>0</xmin>
			<ymin>84</ymin>
			<xmax>99</xmax>
			<ymax>145</ymax>
		</bndbox>
	</object>
	<object>
		<name>alcohol</name>
		<pose>Unspecified</pose>
		<truncated>0</truncated>
		<difficult>0</difficult>
		<bndbox>
			<xmin>289</xmin>
			<ymin>0</ymin>
			<xmax>387</xmax>
			<ymax>238</ymax>
		</bndbox>
	</object>
	<object>
		<name>alcohol</name>
		<pose>Unspecified</pose>
		<truncated>0</truncated>
		<difficult>0</difficult>
		<bndbox>
			<xmin>24</xmin>
			<ymin>79</ymin>
			<xmax>146</xmax>
			<ymax>299</ymax>
		</bndbox>
	</object>
</annotation>