<annotation>
	<folder>my-project-name</folder>
	<filename>pexels-photo-5490929.jpeg</filename>
	<path>/my-project-name/pexels-photo-5490929.jpeg</path>
	<source>
		<database>Unspecified</database>
	</source>
	<size>
		<width>500</width>
		<height>333</height>
		<depth>3</depth>
	</size>
	<object>
		<name>knife</name>
		<pose>Unspecified</pose>
		<truncated>0</truncated>
		<difficult>0</difficult>
		<bndbox>
			<xmin>59</xmin>
			<ymin>301</ymin>
			<xmax>210</xmax>
			<ymax>316</ymax>
		</bndbox>
	</object>
	<object>
		<name>knife</name>
		<pose>Unspecified</pose>
		<truncated>0</truncated>
		<difficult>0</difficult>
		<bndbox>
			<xmin>280</xmin>
			<ymin>196</ymin>
			<xmax>385</xmax>
			<ymax>207</ymax>
		</bndbox>
	</object>
	<object>
		<name>knife</name>
		<pose>Unspecified</pose>
		<truncated>0</truncated>
		<difficult>0</difficult>
		<bndbox>
			<xmin>124</xmin>
			<ymin>195</ymin>
			<xmax>222</xmax>
			<ymax>203</ymax>
		</bndbox>
	</object>
</annotation>