<annotation>
	<folder>my-project-name</folder>
	<filename>pexels-photo-1448722.jpeg</filename>
	<path>/my-project-name/pexels-photo-1448722.jpeg</path>
	<source>
		<database>Unspecified</database>
	</source>
	<size>
		<width>500</width>
		<height>333</height>
		<depth>3</depth>
	</size>
	<object>
		<name>knife</name>
		<pose>Unspecified</pose>
		<truncated>0</truncated>
		<difficult>0</difficult>
		<bndbox>
			<xmin>244</xmin>
			<ymin>102</ymin>
			<xmax>270</xmax>
			<ymax>276</ymax>
		</bndbox>
	</object>
	<object>
		<name>knife</name>
		<pose>Unspecified</pose>
		<truncated>0</truncated>
		<difficult>0</difficult>
		<bndbox>
			<xmin>359</xmin>
			<ymin>18</ymin>
			<xmax>500</xmax>
			<ymax>147</ymax>
		</bndbox>
	</object>
</annotation>