<annotation>
	<folder>my-project-name</folder>
	<filename>pexels-photo-3951670.jpeg</filename>
	<path>/my-project-name/pexels-photo-3951670.jpeg</path>
	<source>
		<database>Unspecified</database>
	</source>
	<size>
		<width>500</width>
		<height>749</height>
		<depth>3</depth>
	</size>
	<object>
		<name>alcohol</name>
		<pose>Unspecified</pose>
		<truncated>0</truncated>
		<difficult>0</difficult>
		<bndbox>
			<xmin>181</xmin>
			<ymin>325</ymin>
			<xmax>294</xmax>
			<ymax>632</ymax>
		</bndbox>
	</object>
	<object>
		<name>alcohol</name>
		<pose>Unspecified</pose>
		<truncated>0</truncated>
		<difficult>0</difficult>
		<bndbox>
			<xmin>224</xmin>
			<ymin>218</ymin>
			<xmax>373</xmax>
			<ymax>324</ymax>
		</bndbox>
	</object>
	<object>
		<name>knife</name>
		<pose>Unspecified</pose>
		<truncated>0</truncated>
		<difficult>0</difficult>
		<bndbox>
			<xmin>0</xmin>
			<ymin>590</ymin>
			<xmax>173</xmax>
			<ymax>676</ymax>
		</bndbox>
	</object>
</annotation>