<annotation>
	<folder>my-project-name</folder>
	<filename>pexels-photo-2878745.jpeg</filename>
	<path>/my-project-name/pexels-photo-2878745.jpeg</path>
	<source>
		<database>Unspecified</database>
	</source>
	<size>
		<width>500</width>
		<height>333</height>
		<depth>3</depth>
	</size>
	<object>
		<name>knife</name>
		<pose>Unspecified</pose>
		<truncated>0</truncated>
		<difficult>0</difficult>
		<bndbox>
			<xmin>209</xmin>
			<ymin>74</ymin>
			<xmax>353</xmax>
			<ymax>112</ymax>
		</bndbox>
	</object>
	<object>
		<name>alcohol</name>
		<pose>Unspecified</pose>
		<truncated>0</truncated>
		<difficult>0</difficult>
		<bndbox>
			<xmin>135</xmin>
			<ymin>0</ymin>
			<xmax>202</xmax>
			<ymax>125</ymax>
		</bndbox>
	</object>
	<object>
		<name>alcohol</name>
		<pose>Unspecified</pose>
		<truncated>0</truncated>
		<difficult>0</difficult>
		<bndbox>
			<xmin>101</xmin>
			<ymin>132</ymin>
			<xmax>210</xmax>
			<ymax>278</ymax>
		</bndbox>
	</object>
</annotation>