<annotation>
	<folder>my-project-name</folder>
	<filename>pexels-photo-6642474.jpeg</filename>
	<path>/my-project-name/pexels-photo-6642474.jpeg</path>
	<source>
		<database>Unspecified</database>
	</source>
	<size>
		<width>500</width>
		<height>750</height>
		<depth>3</depth>
	</size>
	<object>
		<name>knife</name>
		<pose>Unspecified</pose>
		<truncated>0</truncated>
		<difficult>0</difficult>
		<bndbox>
			<xmin>178</xmin>
			<ymin>560</ymin>
			<xmax>338</xmax>
			<ymax>710</ymax>
		</bndbox>
	</object>
	<object>
		<name>knife</name>
		<pose>Unspecified</pose>
		<truncated>0</truncated>
		<difficult>0</difficult>
		<bndbox>
			<xmin>251</xmin>
			<ymin>201</ymin>
			<xmax>324</xmax>
			<ymax>280</ymax>
		</bndbox>
	</object>
</annotation>