<annotation>
	<folder>my-project-name</folder>
	<filename>pexels-photo-7245417.jpeg</filename>
	<path>/my-project-name/pexels-photo-7245417.jpeg</path>
	<source>
		<database>Unspecified</database>
	</source>
	<size>
		<width>500</width>
		<height>333</height>
		<depth>3</depth>
	</size>
	<object>
		<name>knife</name>
		<pose>Unspecified</pose>
		<truncated>0</truncated>
		<difficult>0</difficult>
		<bndbox>
			<xmin>0</xmin>
			<ymin>266</ymin>
			<xmax>256</xmax>
			<ymax>301</ymax>
		</bndbox>
	</object>
	<object>
		<name>alcohol</name>
		<pose>Unspecified</pose>
		<truncated>0</truncated>
		<difficult>0</difficult>
		<bndbox>
			<xmin>210</xmin>
			<ymin>86</ymin>
			<xmax>293</xmax>
			<ymax>273</ymax>
		</bndbox>
	</object>
</annotation>