<annotation>
	<folder>my-project-name</folder>
	<filename>pexels-photo-6310606.jpeg</filename>
	<path>/my-project-name/pexels-photo-6310606.jpeg</path>
	<source>
		<database>Unspecified</database>
	</source>
	<size>
		<width>500</width>
		<height>748</height>
		<depth>3</depth>
	</size>
	<object>
		<name>knife</name>
		<pose>Unspecified</pose>
		<truncated>0</truncated>
		<difficult>0</difficult>
		<bndbox>
			<xmin>265</xmin>
			<ymin>518</ymin>
			<xmax>466</xmax>
			<ymax>678</ymax>
		</bndbox>
	</object>
	<object>
		<name>knife</name>
		<pose>Unspecified</pose>
		<truncated>0</truncated>
		<difficult>0</difficult>
		<bndbox>
			<xmin>223</xmin>
			<ymin>511</ymin>
			<xmax>434</xmax>
			<ymax>662</ymax>
		</bndbox>
	</object>
	<object>
		<name>knife</name>
		<pose>Unspecified</pose>
		<truncated>0</truncated>
		<difficult>0</difficult>
		<bndbox>
			<xmin>12</xmin>
			<ymin>207</ymin>
			<xmax>181</xmax>
			<ymax>282</ymax>
		</bndbox>
	</object>
	<object>
		<name>knife</name>
		<pose>Unspecified</pose>
		<truncated>0</truncated>
		<difficult>0</difficult>
		<bndbox>
			<xmin>0</xmin>
			<ymin>191</ymin>
			<xmax>166</xmax>
			<ymax>273</ymax>
		</bndbox>
	</object>
</annotation>