<annotation>
	<folder>my-project-name</folder>
	<filename>pexels-photo-2351274.jpeg</filename>
	<path>/my-project-name/pexels-photo-2351274.jpeg</path>
	<source>
		<database>Unspecified</database>
	</source>
	<size>
		<width>500</width>
		<height>644</height>
		<depth>3</depth>
	</size>
	<object>
		<name>knife</name>
		<pose>Unspecified</pose>
		<truncated>0</truncated>
		<difficult>0</difficult>
		<bndbox>
			<xmin>221</xmin>
			<ymin>194</ymin>
			<xmax>375</xmax>
			<ymax>325</ymax>
		</bndbox>
	</object>
	<object>
		<name>knife</name>
		<pose>Unspecified</pose>
		<truncated>0</truncated>
		<difficult>0</difficult>
		<bndbox>
			<xmin>0</xmin>
			<ymin>69</ymin>
			<xmax>99</xmax>
			<ymax>135</ymax>
		</bndbox>
	</object>
	<object>
		<name>knife</name>
		<pose>Unspecified</pose>
		<truncated>0</truncated>
		<difficult>0</difficult>
		<bndbox>
			<xmin>0</xmin>
			<ymin>103</ymin>
			<xmax>86</xmax>
			<ymax>150</ymax>
		</bndbox>
	</object>
</annotation>