<annotation>
	<folder>my-project-name</folder>
	<filename>pexels-photo-2128027.jpeg</filename>
	<path>/my-project-name/pexels-photo-2128027.jpeg</path>
	<source>
		<database>Unspecified</database>
	</source>
	<size>
		<width>500</width>
		<height>755</height>
		<depth>3</depth>
	</size>
	<object>
		<name>knife</name>
		<pose>Unspecified</pose>
		<truncated>0</truncated>
		<difficult>0</difficult>
		<bndbox>
			<xmin>248</xmin>
			<ymin>538</ymin>
			<xmax>389</xmax>
			<ymax>707</ymax>
		</bndbox>
	</object>
</annotation>