<annotation>
	<folder>my-project-name</folder>
	<filename>pexels-photo-3522515.jpeg</filename>
	<path>/my-project-name/pexels-photo-3522515.jpeg</path>
	<source>
		<database>Unspecified</database>
	</source>
	<size>
		<width>500</width>
		<height>707</height>
		<depth>3</depth>
	</size>
	<object>
		<name>knife</name>
		<pose>Unspecified</pose>
		<truncated>0</truncated>
		<difficult>0</difficult>
		<bndbox>
			<xmin>0</xmin>
			<ymin>339</ymin>
			<xmax>231</xmax>
			<ymax>587</ymax>
		</bndbox>
	</object>
	<object>
		<name>alcohol</name>
		<pose>Unspecified</pose>
		<truncated>0</truncated>
		<difficult>0</difficult>
		<bndbox>
			<xmin>19</xmin>
			<ymin>97</ymin>
			<xmax>160</xmax>
			<ymax>414</ymax>
		</bndbox>
	</object>
	<object>
		<name>alcohol</name>
		<pose>Unspecified</pose>
		<truncated>0</truncated>
		<difficult>0</difficult>
		<bndbox>
			<xmin>110</xmin>
			<ymin>0</ymin>
			<xmax>249</xmax>
			<ymax>358</ymax>
		</bndbox>
	</object>
</annotation>