<annotation>
	<folder>my-project-name</folder>
	<filename>pexels-photo-5876726.jpeg</filename>
	<path>/my-project-name/pexels-photo-5876726.jpeg</path>
	<source>
		<database>Unspecified</database>
	</source>
	<size>
		<width>500</width>
		<height>750</height>
		<depth>3</depth>
	</size>
	<object>
		<name>knife</name>
		<pose>Unspecified</pose>
		<truncated>0</truncated>
		<difficult>0</difficult>
		<bndbox>
			<xmin>141</xmin>
			<ymin>419</ymin>
			<xmax>193</xmax>
			<ymax>450</ymax>
		</bndbox>
	</object>
	<object>
		<name>alcohol</name>
		<pose>Unspecified</pose>
		<truncated>0</truncated>
		<difficult>0</difficult>
		<bndbox>
			<xmin>0</xmin>
			<ymin>479</ymin>
			<xmax>86</xmax>
			<ymax>720</ymax>
		</bndbox>
	</object>
	<object>
		<name>alcohol</name>
		<pose>Unspecified</pose>
		<truncated>0</truncated>
		<difficult>0</difficult>
		<bndbox>
			<xmin>0</xmin>
			<ymin>413</ymin>
			<xmax>53</xmax>
			<ymax>554</ymax>
		</bndbox>
	</object>
</annotation>