<annotation>
	<folder>my-project-name</folder>
	<filename>pexels-photo-3634652.jpeg</filename>
	<path>/my-project-name/pexels-photo-3634652.jpeg</path>
	<source>
		<database>Unspecified</database>
	</source>
	<size>
		<width>500</width>
		<height>333</height>
		<depth>3</depth>
	</size>
	<object>
		<name>knife</name>
		<pose>Unspecified</pose>
		<truncated>0</truncated>
		<difficult>0</difficult>
		<bndbox>
			<xmin>79</xmin>
			<ymin>214</ymin>
			<xmax>300</xmax>
			<ymax>286</ymax>
		</bndbox>
	</object>
	<object>
		<name>knife</name>
		<pose>Unspecified</pose>
		<truncated>0</truncated>
		<difficult>0</difficult>
		<bndbox>
			<xmin>25</xmin>
			<ymin>199</ymin>
			<xmax>272</xmax>
			<ymax>276</ymax>
		</bndbox>
	</object>
</annotation>