<annotation>
	<folder>my-project-name</folder>
	<filename>pexels-photo-3186254.jpeg</filename>
	<path>/my-project-name/pexels-photo-3186254.jpeg</path>
	<source>
		<database>Unspecified</database>
	</source>
	<size>
		<width>500</width>
		<height>761</height>
		<depth>3</depth>
	</size>
	<object>
		<name>knife</name>
		<pose>Unspecified</pose>
		<truncated>0</truncated>
		<difficult>0</difficult>
		<bndbox>
			<xmin>56</xmin>
			<ymin>494</ymin>
			<xmax>371</xmax>
			<ymax>565</ymax>
		</bndbox>
	</object>
	<object>
		<name>alcohol</name>
		<pose>Unspecified</pose>
		<truncated>0</truncated>
		<difficult>0</difficult>
		<bndbox>
			<xmin>346</xmin>
			<ymin>241</ymin>
			<xmax>472</xmax>
			<ymax>541</ymax>
		</bndbox>
	</object>
</annotation>