<annotation>
	<folder>my-project-name</folder>
	<filename>pexels-photo-696204.jpeg</filename>
	<path>/my-project-name/pexels-photo-696204.jpeg</path>
	<source>
		<database>Unspecified</database>
	</source>
	<size>
		<width>500</width>
		<height>334</height>
		<depth>3</depth>
	</size>
	<object>
		<name>knife</name>
		<pose>Unspecified</pose>
		<truncated>0</truncated>
		<difficult>0</difficult>
		<bndbox>
			<xmin>46</xmin>
			<ymin>82</ymin>
			<xmax>417</xmax>
			<ymax>234</ymax>
		</bndbox>
	</object>
</annotation>