<annotation>
	<folder>my-project-name</folder>
	<filename>pexels-photo-3951667.jpeg</filename>
	<path>/my-project-name/pexels-photo-3951667.jpeg</path>
	<source>
		<database>Unspecified</database>
	</source>
	<size>
		<width>500</width>
		<height>749</height>
		<depth>3</depth>
	</size>
	<object>
		<name>knife</name>
		<pose>Unspecified</pose>
		<truncated>0</truncated>
		<difficult>0</difficult>
		<bndbox>
			<xmin>229</xmin>
			<ymin>536</ymin>
			<xmax>500</xmax>
			<ymax>705</ymax>
		</bndbox>
	</object>
	<object>
		<name>knife</name>
		<pose>Unspecified</pose>
		<truncated>0</truncated>
		<difficult>0</difficult>
		<bndbox>
			<xmin>145</xmin>
			<ymin>313</ymin>
			<xmax>255</xmax>
			<ymax>380</ymax>
		</bndbox>
	</object>
	<object>
		<name>alcohol</name>
		<pose>Unspecified</pose>
		<truncated>0</truncated>
		<difficult>0</difficult>
		<bndbox>
			<xmin>238</xmin>
			<ymin>59</ymin>
			<xmax>359</xmax>
			<ymax>370</ymax>
		</bndbox>
	</object>
	<object>
		<name>alcohol</name>
		<pose>Unspecified</pose>
		<truncated>0</truncated>
		<difficult>0</difficult>
		<bndbox>
			<xmin>344</xmin>
			<ymin>11</ymin>
			<xmax>473</xmax>
			<ymax>301</ymax>
		</bndbox>
	</object>
</annotation>