<annotation>
	<folder>my-project-name</folder>
	<filename>pexels-photo-4993242.jpeg</filename>
	<path>/my-project-name/pexels-photo-4993242.jpeg</path>
	<source>
		<database>Unspecified</database>
	</source>
	<size>
		<width>500</width>
		<height>644</height>
		<depth>3</depth>
	</size>
	<object>
		<name>knife</name>
		<pose>Unspecified</pose>
		<truncated>0</truncated>
		<difficult>0</difficult>
		<bndbox>
			<xmin>185</xmin>
			<ymin>133</ymin>
			<xmax>236</xmax>
			<ymax>192</ymax>
		</bndbox>
	</object>
</annotation>