<annotation>
	<folder>my-project-name</folder>
	<filename>pexels-photo-1395964.jpeg</filename>
	<path>/my-project-name/pexels-photo-1395964.jpeg</path>
	<source>
		<database>Unspecified</database>
	</source>
	<size>
		<width>500</width>
		<height>333</height>
		<depth>3</depth>
	</size>
	<object>
		<name>knife</name>
		<pose>Unspecified</pose>
		<truncated>0</truncated>
		<difficult>0</difficult>
		<bndbox>
			<xmin>215</xmin>
			<ymin>201</ymin>
			<xmax>324</xmax>
			<ymax>314</ymax>
		</bndbox>
	</object>
	<object>
		<name>knife</name>
		<pose>Unspecified</pose>
		<truncated>0</truncated>
		<difficult>0</difficult>
		<bndbox>
			<xmin>278</xmin>
			<ymin>209</ymin>
			<xmax>360</xmax>
			<ymax>320</ymax>
		</bndbox>
	</object>
</annotation>