<annotation>
	<folder>my-project-name</folder>
	<filename>pexels-photo-745471.jpeg</filename>
	<path>/my-project-name/pexels-photo-745471.jpeg</path>
	<source>
		<database>Unspecified</database>
	</source>
	<size>
		<width>500</width>
		<height>281</height>
		<depth>3</depth>
	</size>
	<object>
		<name>knife</name>
		<pose>Unspecified</pose>
		<truncated>0</truncated>
		<difficult>0</difficult>
		<bndbox>
			<xmin>459</xmin>
			<ymin>109</ymin>
			<xmax>486</xmax>
			<ymax>245</ymax>
		</bndbox>
	</object>
	<object>
		<name>alcohol</name>
		<pose>Unspecified</pose>
		<truncated>0</truncated>
		<difficult>0</difficult>
		<bndbox>
			<xmin>257</xmin>
			<ymin>0</ymin>
			<xmax>321</xmax>
			<ymax>85</ymax>
		</bndbox>
	</object>
	<object>
		<name>alcohol</name>
		<pose>Unspecified</pose>
		<truncated>0</truncated>
		<difficult>0</difficult>
		<bndbox>
			<xmin>160</xmin>
			<ymin>0</ymin>
			<xmax>219</xmax>
			<ymax>81</ymax>
		</bndbox>
	</object>
</annotation>