<annotation>
	<folder>my-project-name</folder>
	<filename>pexels-photo-12662756.jpeg</filename>
	<path>/my-project-name/pexels-photo-12662756.jpeg</path>
	<source>
		<database>Unspecified</database>
	</source>
	<size>
		<width>500</width>
		<height>667</height>
		<depth>3</depth>
	</size>
	<object>
		<name>knife</name>
		<pose>Unspecified</pose>
		<truncated>0</truncated>
		<difficult>0</difficult>
		<bndbox>
			<xmin>265</xmin>
			<ymin>254</ymin>
			<xmax>447</xmax>
			<ymax>507</ymax>
		</bndbox>
	</object>
</annotation>