<annotation>
	<folder>my-project-name</folder>
	<filename>pexels-photo-6310588.jpeg</filename>
	<path>/my-project-name/pexels-photo-6310588.jpeg</path>
	<source>
		<database>Unspecified</database>
	</source>
	<size>
		<width>500</width>
		<height>748</height>
		<depth>3</depth>
	</size>
	<object>
		<name>knife</name>
		<pose>Unspecified</pose>
		<truncated>0</truncated>
		<difficult>0</difficult>
		<bndbox>
			<xmin>189</xmin>
			<ymin>458</ymin>
			<xmax>440</xmax>
			<ymax>597</ymax>
		</bndbox>
	</object>
	<object>
		<name>knife</name>
		<pose>Unspecified</pose>
		<truncated>0</truncated>
		<difficult>0</difficult>
		<bndbox>
			<xmin>192</xmin>
			<ymin>489</ymin>
			<xmax>449</xmax>
			<ymax>637</ymax>
		</bndbox>
	</object>
</annotation>