<annotation>
	<folder>my-project-name</folder>
	<filename>pexels-photo-1382904.jpeg</filename>
	<path>/my-project-name/pexels-photo-1382904.jpeg</path>
	<source>
		<database>Unspecified</database>
	</source>
	<size>
		<width>500</width>
		<height>334</height>
		<depth>3</depth>
	</size>
	<object>
		<name>knife</name>
		<pose>Unspecified</pose>
		<truncated>0</truncated>
		<difficult>0</difficult>
		<bndbox>
			<xmin>0</xmin>
			<ymin>56</ymin>
			<xmax>381</xmax>
			<ymax>288</ymax>
		</bndbox>
	</object>
</annotation>