<annotation>
	<folder>my-project-name</folder>
	<filename>pexels-photo-5836517.jpeg</filename>
	<path>/my-project-name/pexels-photo-5836517.jpeg</path>
	<source>
		<database>Unspecified</database>
	</source>
	<size>
		<width>500</width>
		<height>375</height>
		<depth>3</depth>
	</size>
	<object>
		<name>knife</name>
		<pose>Unspecified</pose>
		<truncated>0</truncated>
		<difficult>0</difficult>
		<bndbox>
			<xmin>439</xmin>
			<ymin>41</ymin>
			<xmax>500</xmax>
			<ymax>230</ymax>
		</bndbox>
	</object>
	<object>
		<name>knife</name>
		<pose>Unspecified</pose>
		<truncated>0</truncated>
		<difficult>0</difficult>
		<bndbox>
			<xmin>102</xmin>
			<ymin>270</ymin>
			<xmax>124</xmax>
			<ymax>375</ymax>
		</bndbox>
	</object>
</annotation>