<annotation>
	<folder>my-project-name</folder>
	<filename>pexels-photo-6209451.jpeg</filename>
	<path>/my-project-name/pexels-photo-6209451.jpeg</path>
	<source>
		<database>Unspecified</database>
	</source>
	<size>
		<width>500</width>
		<height>750</height>
		<depth>3</depth>
	</size>
	<object>
		<name>knife</name>
		<pose>Unspecified</pose>
		<truncated>0</truncated>
		<difficult>0</difficult>
		<bndbox>
			<xmin>338</xmin>
			<ymin>493</ymin>
			<xmax>379</xmax>
			<ymax>713</ymax>
		</bndbox>
	</object>
	<object>
		<name>knife</name>
		<pose>Unspecified</pose>
		<truncated>0</truncated>
		<difficult>0</difficult>
		<bndbox>
			<xmin>0</xmin>
			<ymin>345</ymin>
			<xmax>85</xmax>
			<ymax>376</ymax>
		</bndbox>
	</object>
</annotation>