<annotation>
	<folder>my-project-name</folder>
	<filename>pexels-photo-1395967.jpeg</filename>
	<path>/my-project-name/pexels-photo-1395967.jpeg</path>
	<source>
		<database>Unspecified</database>
	</source>
	<size>
		<width>500</width>
		<height>750</height>
		<depth>3</depth>
	</size>
	<object>
		<name>knife</name>
		<pose>Unspecified</pose>
		<truncated>0</truncated>
		<difficult>0</difficult>
		<bndbox>
			<xmin>166</xmin>
			<ymin>483</ymin>
			<xmax>449</xmax>
			<ymax>509</ymax>
		</bndbox>
	</object>
	<object>
		<name>knife</name>
		<pose>Unspecified</pose>
		<truncated>0</truncated>
		<difficult>0</difficult>
		<bndbox>
			<xmin>163</xmin>
			<ymin>285</ymin>
			<xmax>366</xmax>
			<ymax>308</ymax>
		</bndbox>
	</object>
</annotation>