<annotation>
	<folder>my-project-name</folder>
	<filename>pexels-photo-7533897.jpeg</filename>
	<path>/my-project-name/pexels-photo-7533897.jpeg</path>
	<source>
		<database>Unspecified</database>
	</source>
	<size>
		<width>500</width>
		<height>749</height>
		<depth>3</depth>
	</size>
	<object>
		<name>knife</name>
		<pose>Unspecified</pose>
		<truncated>0</truncated>
		<difficult>0</difficult>
		<bndbox>
			<xmin>149</xmin>
			<ymin>330</ymin>
			<xmax>190</xmax>
			<ymax>364</ymax>
		</bndbox>
	</object>
	<object>
		<name>knife</name>
		<pose>Unspecified</pose>
		<truncated>0</truncated>
		<difficult>0</difficult>
		<bndbox>
			<xmin>162</xmin>
			<ymin>338</ymin>
			<xmax>203</xmax>
			<ymax>373</ymax>
		</bndbox>
	</object>
	<object>
		<name>knife</name>
		<pose>Unspecified</pose>
		<truncated>0</truncated>
		<difficult>0</difficult>
		<bndbox>
			<xmin>179</xmin>
			<ymin>349</ymin>
			<xmax>216</xmax>
			<ymax>381</ymax>
		</bndbox>
	</object>
</annotation>