<annotation>
	<folder>my-project-name</folder>
	<filename>pexels-photo-13394044.jpeg</filename>
	<path>/my-project-name/pexels-photo-13394044.jpeg</path>
	<source>
		<database>Unspecified</database>
	</source>
	<size>
		<width>500</width>
		<height>750</height>
		<depth>3</depth>
	</size>
	<object>
		<name>knife</name>
		<pose>Unspecified</pose>
		<truncated>0</truncated>
		<difficult>0</difficult>
		<bndbox>
			<xmin>162</xmin>
			<ymin>557</ymin>
			<xmax>279</xmax>
			<ymax>644</ymax>
		</bndbox>
	</object>
	<object>
		<name>alcohol</name>
		<pose>Unspecified</pose>
		<truncated>0</truncated>
		<difficult>0</difficult>
		<bndbox>
			<xmin>148</xmin>
			<ymin>266</ymin>
			<xmax>239</xmax>
			<ymax>494</ymax>
		</bndbox>
	</object>
	<object>
		<name>alcohol</name>
		<pose>Unspecified</pose>
		<truncated>0</truncated>
		<difficult>0</difficult>
		<bndbox>
			<xmin>284</xmin>
			<ymin>188</ymin>
			<xmax>364</xmax>
			<ymax>433</ymax>
		</bndbox>
	</object>
</annotation>