<annotation>
	<folder>my-project-name</folder>
	<filename>pexels-photo-4397821.jpeg</filename>
	<path>/my-project-name/pexels-photo-4397821.jpeg</path>
	<source>
		<database>Unspecified</database>
	</source>
	<size>
		<width>500</width>
		<height>333</height>
		<depth>3</depth>
	</size>
	<object>
		<name>knife</name>
		<pose>Unspecified</pose>
		<truncated>0</truncated>
		<difficult>0</difficult>
		<bndbox>
			<xmin>271</xmin>
			<ymin>200</ymin>
			<xmax>381</xmax>
			<ymax>333</ymax>
		</bndbox>
	</object>
	<object>
		<name>knife</name>
		<pose>Unspecified</pose>
		<truncated>0</truncated>
		<difficult>0</difficult>
		<bndbox>
			<xmin>103</xmin>
			<ymin>195</ymin>
			<xmax>203</xmax>
			<ymax>333</ymax>
		</bndbox>
	</object>
</annotation>