<annotation>
	<folder>my-project-name</folder>
	<filename>pexels-photo-4108710.jpeg</filename>
	<path>/my-project-name/pexels-photo-4108710.jpeg</path>
	<source>
		<database>Unspecified</database>
	</source>
	<size>
		<width>500</width>
		<height>667</height>
		<depth>3</depth>
	</size>
	<object>
		<name>knife</name>
		<pose>Unspecified</pose>
		<truncated>0</truncated>
		<difficult>0</difficult>
		<bndbox>
			<xmin>288</xmin>
			<ymin>423</ymin>
			<xmax>463</xmax>
			<ymax>595</ymax>
		</bndbox>
	</object>
	<object>
		<name>knife</name>
		<pose>Unspecified</pose>
		<truncated>0</truncated>
		<difficult>0</difficult>
		<bndbox>
			<xmin>270</xmin>
			<ymin>447</ymin>
			<xmax>356</xmax>
			<ymax>636</ymax>
		</bndbox>
	</object>
	<object>
		<name>knife</name>
		<pose>Unspecified</pose>
		<truncated>0</truncated>
		<difficult>0</difficult>
		<bndbox>
			<xmin>239</xmin>
			<ymin>442</ymin>
			<xmax>308</xmax>
			<ymax>630</ymax>
		</bndbox>
	</object>
</annotation>