<annotation>
	<folder>my-project-name</folder>
	<filename>pexels-photo-5403486.jpeg</filename>
	<path>/my-project-name/pexels-photo-5403486.jpeg</path>
	<source>
		<database>Unspecified</database>
	</source>
	<size>
		<width>500</width>
		<height>667</height>
		<depth>3</depth>
	</size>
	<object>
		<name>knife</name>
		<pose>Unspecified</pose>
		<truncated>0</truncated>
		<difficult>0</difficult>
		<bndbox>
			<xmin>74</xmin>
			<ymin>341</ymin>
			<xmax>161</xmax>
			<ymax>619</ymax>
		</bndbox>
	</object>
	<object>
		<name>knife</name>
		<pose>Unspecified</pose>
		<truncated>0</truncated>
		<difficult>0</difficult>
		<bndbox>
			<xmin>90</xmin>
			<ymin>260</ymin>
			<xmax>197</xmax>
			<ymax>379</ymax>
		</bndbox>
	</object>
</annotation>