<annotation>
	<folder>my-project-name</folder>
	<filename>pexels-photo-2844465.jpeg</filename>
	<path>/my-project-name/pexels-photo-2844465.jpeg</path>
	<source>
		<database>Unspecified</database>
	</source>
	<size>
		<width>500</width>
		<height>333</height>
		<depth>3</depth>
	</size>
	<object>
		<name>knife</name>
		<pose>Unspecified</pose>
		<truncated>0</truncated>
		<difficult>0</difficult>
		<bndbox>
			<xmin>270</xmin>
			<ymin>220</ymin>
			<xmax>327</xmax>
			<ymax>238</ymax>
		</bndbox>
	</object>
	<object>
		<name>knife</name>
		<pose>Unspecified</pose>
		<truncated>0</truncated>
		<difficult>0</difficult>
		<bndbox>
			<xmin>190</xmin>
			<ymin>113</ymin>
			<xmax>223</xmax>
			<ymax>121</ymax>
		</bndbox>
	</object>
</annotation>