<annotation>
	<folder>my-project-name</folder>
	<filename>pexels-photo-13394042.jpeg</filename>
	<path>/my-project-name/pexels-photo-13394042.jpeg</path>
	<source>
		<database>Unspecified</database>
	</source>
	<size>
		<width>500</width>
		<height>750</height>
		<depth>3</depth>
	</size>
	<object>
		<name>alcohol</name>
		<pose>Unspecified</pose>
		<truncated>0</truncated>
		<difficult>0</difficult>
		<bndbox>
			<xmin>109</xmin>
			<ymin>150</ymin>
			<xmax>240</xmax>
			<ymax>481</ymax>
		</bndbox>
	</object>
	<object>
		<name>alcohol</name>
		<pose>Unspecified</pose>
		<truncated>0</truncated>
		<difficult>0</difficult>
		<bndbox>
			<xmin>307</xmin>
			<ymin>24</ymin>
			<xmax>419</xmax>
			<ymax>393</ymax>
		</bndbox>
	</object>
	<object>
		<name>knife</name>
		<pose>Unspecified</pose>
		<truncated>0</truncated>
		<difficult>0</difficult>
		<bndbox>
			<xmin>184</xmin>
			<ymin>619</ymin>
			<xmax>327</xmax>
			<ymax>750</ymax>
		</bndbox>
	</object>
</annotation>