<annotation>
	<folder>my-project-name</folder>
	<filename>pexels-photo-3730946.jpeg</filename>
	<path>/my-project-name/pexels-photo-3730946.jpeg</path>
	<source>
		<database>Unspecified</database>
	</source>
	<size>
		<width>500</width>
		<height>749</height>
		<depth>3</depth>
	</size>
	<object>
		<name>knife</name>
		<pose>Unspecified</pose>
		<truncated>0</truncated>
		<difficult>0</difficult>
		<bndbox>
			<xmin>0</xmin>
			<ymin>351</ymin>
			<xmax>89</xmax>
			<ymax>427</ymax>
		</bndbox>
	</object>
	<object>
		<name>knife</name>
		<pose>Unspecified</pose>
		<truncated>0</truncated>
		<difficult>0</difficult>
		<bndbox>
			<xmin>0</xmin>
			<ymin>365</ymin>
			<xmax>82</xmax>
			<ymax>453</ymax>
		</bndbox>
	</object>
	<object>
		<name>alcohol</name>
		<pose>Unspecified</pose>
		<truncated>0</truncated>
		<difficult>0</difficult>
		<bndbox>
			<xmin>303</xmin>
			<ymin>267</ymin>
			<xmax>445</xmax>
			<ymax>536</ymax>
		</bndbox>
	</object>
	<object>
		<name>alcohol</name>
		<pose>Unspecified</pose>
		<truncated>0</truncated>
		<difficult>0</difficult>
		<bndbox>
			<xmin>247</xmin>
			<ymin>89</ymin>
			<xmax>342</xmax>
			<ymax>303</ymax>
		</bndbox>
	</object>
</annotation>