<annotation>
	<folder>my-project-name</folder>
	<filename>pexels-photo-4397820.jpeg</filename>
	<path>/my-project-name/pexels-photo-4397820.jpeg</path>
	<source>
		<database>Unspecified</database>
	</source>
	<size>
		<width>500</width>
		<height>333</height>
		<depth>3</depth>
	</size>
	<object>
		<name>knife</name>
		<pose>Unspecified</pose>
		<truncated>0</truncated>
		<difficult>0</difficult>
		<bndbox>
			<xmin>176</xmin>
			<ymin>57</ymin>
			<xmax>204</xmax>
			<ymax>262</ymax>
		</bndbox>
	</object>
	<object>
		<name>knife</name>
		<pose>Unspecified</pose>
		<truncated>0</truncated>
		<difficult>0</difficult>
		<bndbox>
			<xmin>346</xmin>
			<ymin>84</ymin>
			<xmax>371</xmax>
			<ymax>266</ymax>
		</bndbox>
	</object>
</annotation>