<annotation>
	<folder>my-project-name</folder>
	<filename>pexels-photo-6248853.jpeg</filename>
	<path>/my-project-name/pexels-photo-6248853.jpeg</path>
	<source>
		<database>Unspecified</database>
	</source>
	<size>
		<width>500</width>
		<height>333</height>
		<depth>3</depth>
	</size>
	<object>
		<name>knife</name>
		<pose>Unspecified</pose>
		<truncated>0</truncated>
		<difficult>0</difficult>
		<bndbox>
			<xmin>449</xmin>
			<ymin>192</ymin>
			<xmax>493</xmax>
			<ymax>251</ymax>
		</bndbox>
	</object>
	<object>
		<name>knife</name>
		<pose>Unspecified</pose>
		<truncated>0</truncated>
		<difficult>0</difficult>
		<bndbox>
			<xmin>152</xmin>
			<ymin>96</ymin>
			<xmax>178</xmax>
			<ymax>133</ymax>
		</bndbox>
	</object>
</annotation>