<annotation>
	<folder>my-project-name</folder>
	<filename>pexels-photo-4825742.jpeg</filename>
	<path>/my-project-name/pexels-photo-4825742.jpeg</path>
	<source>
		<database>Unspecified</database>
	</source>
	<size>
		<width>500</width>
		<height>750</height>
		<depth>3</depth>
	</size>
	<object>
		<name>knife</name>
		<pose>Unspecified</pose>
		<truncated>0</truncated>
		<difficult>0</difficult>
		<bndbox>
			<xmin>333</xmin>
			<ymin>512</ymin>
			<xmax>431</xmax>
			<ymax>687</ymax>
		</bndbox>
	</object>
	<object>
		<name>knife</name>
		<pose>Unspecified</pose>
		<truncated>0</truncated>
		<difficult>0</difficult>
		<bndbox>
			<xmin>263</xmin>
			<ymin>481</ymin>
			<xmax>313</xmax>
			<ymax>611</ymax>
		</bndbox>
	</object>
	<object>
		<name>alcohol</name>
		<pose>Unspecified</pose>
		<truncated>0</truncated>
		<difficult>0</difficult>
		<bndbox>
			<xmin>123</xmin>
			<ymin>473</ymin>
			<xmax>194</xmax>
			<ymax>605</ymax>
		</bndbox>
	</object>
	<object>
		<name>alcohol</name>
		<pose>Unspecified</pose>
		<truncated>0</truncated>
		<difficult>0</difficult>
		<bndbox>
			<xmin>61</xmin>
			<ymin>522</ymin>
			<xmax>136</xmax>
			<ymax>638</ymax>
		</bndbox>
	</object>
</annotation>