<annotation>
	<folder>my-project-name</folder>
	<filename>pexels-photo-6715098.jpeg</filename>
	<path>/my-project-name/pexels-photo-6715098.jpeg</path>
	<source>
		<database>Unspecified</database>
	</source>
	<size>
		<width>500</width>
		<height>750</height>
		<depth>3</depth>
	</size>
	<object>
		<name>knife</name>
		<pose>Unspecified</pose>
		<truncated>0</truncated>
		<difficult>0</difficult>
		<bndbox>
			<xmin>267</xmin>
			<ymin>562</ymin>
			<xmax>500</xmax>
			<ymax>647</ymax>
		</bndbox>
	</object>
	<object>
		<name>alcohol</name>
		<pose>Unspecified</pose>
		<truncated>0</truncated>
		<difficult>0</difficult>
		<bndbox>
			<xmin>0</xmin>
			<ymin>13</ymin>
			<xmax>67</xmax>
			<ymax>461</ymax>
		</bndbox>
	</object>
	<object>
		<name>alcohol</name>
		<pose>Unspecified</pose>
		<truncated>0</truncated>
		<difficult>0</difficult>
		<bndbox>
			<xmin>335</xmin>
			<ymin>0</ymin>
			<xmax>429</xmax>
			<ymax>249</ymax>
		</bndbox>
	</object>
</annotation>