<annotation>
	<folder>my-project-name</folder>
	<filename>pexels-photo-2961968.jpeg</filename>
	<path>/my-project-name/pexels-photo-2961968.jpeg</path>
	<source>
		<database>Unspecified</database>
	</source>
	<size>
		<width>500</width>
		<height>281</height>
		<depth>3</depth>
	</size>
	<object>
		<name>knife</name>
		<pose>Unspecified</pose>
		<truncated>0</truncated>
		<difficult>0</difficult>
		<bndbox>
			<xmin>230</xmin>
			<ymin>152</ymin>
			<xmax>372</xmax>
			<ymax>245</ymax>
		</bndbox>
	</object>
</annotation>