<annotation>
	<folder>my-project-name</folder>
	<filename>pexels-photo-4886942.jpeg</filename>
	<path>/my-project-name/pexels-photo-4886942.jpeg</path>
	<source>
		<database>Unspecified</database>
	</source>
	<size>
		<width>500</width>
		<height>749</height>
		<depth>3</depth>
	</size>
	<object>
		<name>knife</name>
		<pose>Unspecified</pose>
		<truncated>0</truncated>
		<difficult>0</difficult>
		<bndbox>
			<xmin>137</xmin>
			<ymin>599</ymin>
			<xmax>474</xmax>
			<ymax>730</ymax>
		</bndbox>
	</object>
</annotation>