<annotation>
	<folder>my-project-name</folder>
	<filename>pexels-photo-4108718.jpeg</filename>
	<path>/my-project-name/pexels-photo-4108718.jpeg</path>
	<source>
		<database>Unspecified</database>
	</source>
	<size>
		<width>500</width>
		<height>667</height>
		<depth>3</depth>
	</size>
	<object>
		<name>knife</name>
		<pose>Unspecified</pose>
		<truncated>0</truncated>
		<difficult>0</difficult>
		<bndbox>
			<xmin>67</xmin>
			<ymin>472</ymin>
			<xmax>300</xmax>
			<ymax>587</ymax>
		</bndbox>
	</object>
	<object>
		<name>knife</name>
		<pose>Unspecified</pose>
		<truncated>0</truncated>
		<difficult>0</difficult>
		<bndbox>
			<xmin>77</xmin>
			<ymin>476</ymin>
			<xmax>300</xmax>
			<ymax>600</ymax>
		</bndbox>
	</object>
	<object>
		<name>knife</name>
		<pose>Unspecified</pose>
		<truncated>0</truncated>
		<difficult>0</difficult>
		<bndbox>
			<xmin>36</xmin>
			<ymin>484</ymin>
			<xmax>293</xmax>
			<ymax>575</ymax>
		</bndbox>
	</object>
</annotation>