<annotation>
	<folder>my-project-name</folder>
	<filename>pexels-photo-5876512.jpeg</filename>
	<path>/my-project-name/pexels-photo-5876512.jpeg</path>
	<source>
		<database>Unspecified</database>
	</source>
	<size>
		<width>500</width>
		<height>750</height>
		<depth>3</depth>
	</size>
	<object>
		<name>knife</name>
		<pose>Unspecified</pose>
		<truncated>0</truncated>
		<difficult>0</difficult>
		<bndbox>
			<xmin>117</xmin>
			<ymin>549</ymin>
			<xmax>148</xmax>
			<ymax>597</ymax>
		</bndbox>
	</object>
	<object>
		<name>knife</name>
		<pose>Unspecified</pose>
		<truncated>0</truncated>
		<difficult>0</difficult>
		<bndbox>
			<xmin>85</xmin>
			<ymin>684</ymin>
			<xmax>255</xmax>
			<ymax>726</ymax>
		</bndbox>
	</object>
	<object>
		<name>knife</name>
		<pose>Unspecified</pose>
		<truncated>0</truncated>
		<difficult>0</difficult>
		<bndbox>
			<xmin>346</xmin>
			<ymin>568</ymin>
			<xmax>417</xmax>
			<ymax>580</ymax>
		</bndbox>
	</object>
</annotation>