<annotation>
	<folder>my-project-name</folder>
	<filename>a-glass-of-wine-alcohol-white-wine-51970.jpeg</filename>
	<path>/my-project-name/a-glass-of-wine-alcohol-white-wine-51970.jpeg</path>
	<source>
		<database>Unspecified</database>
	</source>
	<size>
		<width>500</width>
		<height>752</height>
		<depth>3</depth>
	</size>
	<object>
		<name>alcohol</name>
		<pose>Unspecified</pose>
		<truncated>0</truncated>
		<difficult>0</difficult>
		<bndbox>
			<xmin>163</xmin>
			<ymin>168</ymin>
			<xmax>355</xmax>
			<ymax>641</ymax>
		</bndbox>
	</object>
</annotation>