<annotation>
	<folder>my-project-name</folder>
	<filename>drink-alcohol-cup-whiskey-51365.jpeg</filename>
	<path>/my-project-name/drink-alcohol-cup-whiskey-51365.jpeg</path>
	<source>
		<database>Unspecified</database>
	</source>
	<size>
		<width>500</width>
		<height>332</height>
		<depth>3</depth>
	</size>
	<object>
		<name>alcohol</name>
		<pose>Unspecified</pose>
		<truncated>0</truncated>
		<difficult>0</difficult>
		<bndbox>
			<xmin>244</xmin>
			<ymin>63</ymin>
			<xmax>355</xmax>
			<ymax>212</ymax>
		</bndbox>
	</object>
	<object>
		<name>alcohol</name>
		<pose>Unspecified</pose>
		<truncated>0</truncated>
		<difficult>0</difficult>
		<bndbox>
			<xmin>183</xmin>
			<ymin>138</ymin>
			<xmax>296</xmax>
			<ymax>290</ymax>
		</bndbox>
	</object>
</annotation>