<annotation>
	<folder>my-project-name</folder>
	<filename>pexels-photo-10477111.jpeg</filename>
	<path>/my-project-name/pexels-photo-10477111.jpeg</path>
	<source>
		<database>Unspecified</database>
	</source>
	<size>
		<width>500</width>
		<height>750</height>
		<depth>3</depth>
	</size>
	<object>
		<name>alcohol</name>
		<pose>Unspecified</pose>
		<truncated>0</truncated>
		<difficult>0</difficult>
		<bndbox>
			<xmin>187</xmin>
			<ymin>150</ymin>
			<xmax>415</xmax>
			<ymax>379</ymax>
		</bndbox>
	</object>
	<object>
		<name>alcohol</name>
		<pose>Unspecified</pose>
		<truncated>0</truncated>
		<difficult>0</difficult>
		<bndbox>
			<xmin>89</xmin>
			<ymin>363</ymin>
			<xmax>391</xmax>
			<ymax>699</ymax>
		</bndbox>
	</object>
	<object>
		<name>alcohol</name>
		<pose>Unspecified</pose>
		<truncated>0</truncated>
		<difficult>0</difficult>
		<bndbox>
			<xmin>291</xmin>
			<ymin>387</ymin>
			<xmax>500</xmax>
			<ymax>684</ymax>
		</bndbox>
	</object>
</annotation>