<annotation>
	<folder>my-project-name</folder>
	<filename>pexels-photo-4846242.jpeg</filename>
	<path>/my-project-name/pexels-photo-4846242.jpeg</path>
	<source>
		<database>Unspecified</database>
	</source>
	<size>
		<width>500</width>
		<height>750</height>
		<depth>3</depth>
	</size>
	<object>
		<name>alcohol</name>
		<pose>Unspecified</pose>
		<truncated>0</truncated>
		<difficult>0</difficult>
		<bndbox>
			<xmin>105</xmin>
			<ymin>261</ymin>
			<xmax>166</xmax>
			<ymax>422</ymax>
		</bndbox>
	</object>
	<object>
		<name>alcohol</name>
		<pose>Unspecified</pose>
		<truncated>0</truncated>
		<difficult>0</difficult>
		<bndbox>
			<xmin>191</xmin>
			<ymin>168</ymin>
			<xmax>397</xmax>
			<ymax>378</ymax>
		</bndbox>
	</object>
	<object>
		<name>alcohol</name>
		<pose>Unspecified</pose>
		<truncated>0</truncated>
		<difficult>0</difficult>
		<bndbox>
			<xmin>210</xmin>
			<ymin>341</ymin>
			<xmax>284</xmax>
			<ymax>549</ymax>
		</bndbox>
	</object>
</annotation>