<annotation>
	<folder>my-project-name</folder>
	<filename>pexels-photo-1841506.jpeg</filename>
	<path>/my-project-name/pexels-photo-1841506.jpeg</path>
	<source>
		<database>Unspecified</database>
	</source>
	<size>
		<width>500</width>
		<height>750</height>
		<depth>3</depth>
	</size>
	<object>
		<name>alcohol</name>
		<pose>Unspecified</pose>
		<truncated>0</truncated>
		<difficult>0</difficult>
		<bndbox>
			<xmin>30</xmin>
			<ymin>32</ymin>
			<xmax>142</xmax>
			<ymax>403</ymax>
		</bndbox>
	</object>
	<object>
		<name>alcohol</name>
		<pose>Unspecified</pose>
		<truncated>0</truncated>
		<difficult>0</difficult>
		<bndbox>
			<xmin>131</xmin>
			<ymin>63</ymin>
			<xmax>243</xmax>
			<ymax>440</ymax>
		</bndbox>
	</object>
	<object>
		<name>alcohol</name>
		<pose>Unspecified</pose>
		<truncated>0</truncated>
		<difficult>0</difficult>
		<bndbox>
			<xmin>307</xmin>
			<ymin>3</ymin>
			<xmax>492</xmax>
			<ymax>597</ymax>
		</bndbox>
	</object>
</annotation>