<annotation>
	<folder>my-project-name</folder>
	<filename>pexels-photo-4906282.jpeg</filename>
	<path>/my-project-name/pexels-photo-4906282.jpeg</path>
	<source>
		<database>Unspecified</database>
	</source>
	<size>
		<width>500</width>
		<height>750</height>
		<depth>3</depth>
	</size>
	<object>
		<name>alcohol</name>
		<pose>Unspecified</pose>
		<truncated>0</truncated>
		<difficult>0</difficult>
		<bndbox>
			<xmin>54</xmin>
			<ymin>520</ymin>
			<xmax>95</xmax>
			<ymax>622</ymax>
		</bndbox>
	</object>
	<object>
		<name>alcohol</name>
		<pose>Unspecified</pose>
		<truncated>0</truncated>
		<difficult>0</difficult>
		<bndbox>
			<xmin>242</xmin>
			<ymin>481</ymin>
			<xmax>278</xmax>
			<ymax>571</ymax>
		</bndbox>
	</object>
	<object>
		<name>alcohol</name>
		<pose>Unspecified</pose>
		<truncated>0</truncated>
		<difficult>0</difficult>
		<bndbox>
			<xmin>123</xmin>
			<ymin>458</ymin>
			<xmax>165</xmax>
			<ymax>587</ymax>
		</bndbox>
	</object>
</annotation>