<annotation>
	<folder>my-project-name</folder>
	<filename>pexels-photo-5947075.jpeg</filename>
	<path>/my-project-name/pexels-photo-5947075.jpeg</path>
	<source>
		<database>Unspecified</database>
	</source>
	<size>
		<width>500</width>
		<height>750</height>
		<depth>3</depth>
	</size>
	<object>
		<name>alcohol</name>
		<pose>Unspecified</pose>
		<truncated>0</truncated>
		<difficult>0</difficult>
		<bndbox>
			<xmin>197</xmin>
			<ymin>352</ymin>
			<xmax>329</xmax>
			<ymax>750</ymax>
		</bndbox>
	</object>
	<object>
		<name>alcohol</name>
		<pose>Unspecified</pose>
		<truncated>0</truncated>
		<difficult>0</difficult>
		<bndbox>
			<xmin>137</xmin>
			<ymin>26</ymin>
			<xmax>315</xmax>
			<ymax>230</ymax>
		</bndbox>
	</object>
</annotation>