<annotation>
	<folder>my-project-name</folder>
	<filename>pexels-photo-10477135.jpeg</filename>
	<path>/my-project-name/pexels-photo-10477135.jpeg</path>
	<source>
		<database>Unspecified</database>
	</source>
	<size>
		<width>500</width>
		<height>750</height>
		<depth>3</depth>
	</size>
	<object>
		<name>alcohol</name>
		<pose>Unspecified</pose>
		<truncated>0</truncated>
		<difficult>0</difficult>
		<bndbox>
			<xmin>62</xmin>
			<ymin>337</ymin>
			<xmax>282</xmax>
			<ymax>671</ymax>
		</bndbox>
	</object>
	<object>
		<name>alcohol</name>
		<pose>Unspecified</pose>
		<truncated>0</truncated>
		<difficult>0</difficult>
		<bndbox>
			<xmin>193</xmin>
			<ymin>560</ymin>
			<xmax>500</xmax>
			<ymax>690</ymax>
		</bndbox>
	</object>
	<object>
		<name>alcohol</name>
		<pose>Unspecified</pose>
		<truncated>0</truncated>
		<difficult>0</difficult>
		<bndbox>
			<xmin>199</xmin>
			<ymin>112</ymin>
			<xmax>500</xmax>
			<ymax>229</ymax>
		</bndbox>
	</object>
</annotation>