<annotation>
	<folder>my-project-name</folder>
	<filename>pexels-photo-4846412.jpeg</filename>
	<path>/my-project-name/pexels-photo-4846412.jpeg</path>
	<source>
		<database>Unspecified</database>
	</source>
	<size>
		<width>500</width>
		<height>750</height>
		<depth>3</depth>
	</size>
	<object>
		<name>alcohol</name>
		<pose>Unspecified</pose>
		<truncated>0</truncated>
		<difficult>0</difficult>
		<bndbox>
			<xmin>203</xmin>
			<ymin>395</ymin>
			<xmax>278</xmax>
			<ymax>575</ymax>
		</bndbox>
	</object>
	<object>
		<name>alcohol</name>
		<pose>Unspecified</pose>
		<truncated>0</truncated>
		<difficult>0</difficult>
		<bndbox>
			<xmin>152</xmin>
			<ymin>316</ymin>
			<xmax>235</xmax>
			<ymax>521</ymax>
		</bndbox>
	</object>
	<object>
		<name>knife</name>
		<pose>Unspecified</pose>
		<truncated>0</truncated>
		<difficult>0</difficult>
		<bndbox>
			<xmin>164</xmin>
			<ymin>356</ymin>
			<xmax>307</xmax>
			<ymax>415</ymax>
		</bndbox>
	</object>
	<object>
		<name>knife</name>
		<pose>Unspecified</pose>
		<truncated>0</truncated>
		<difficult>0</difficult>
		<bndbox>
			<xmin>261</xmin>
			<ymin>333</ymin>
			<xmax>430</xmax>
			<ymax>419</ymax>
		</bndbox>
	</object>
</annotation>