<annotation>
	<folder>my-project-name</folder>
	<filename>pexels-photo-4825751.jpeg</filename>
	<path>/my-project-name/pexels-photo-4825751.jpeg</path>
	<source>
		<database>Unspecified</database>
	</source>
	<size>
		<width>500</width>
		<height>750</height>
		<depth>3</depth>
	</size>
	<object>
		<name>alcohol</name>
		<pose>Unspecified</pose>
		<truncated>0</truncated>
		<difficult>0</difficult>
		<bndbox>
			<xmin>305</xmin>
			<ymin>570</ymin>
			<xmax>324</xmax>
			<ymax>608</ymax>
		</bndbox>
	</object>
	<object>
		<name>alcohol</name>
		<pose>Unspecified</pose>
		<truncated>0</truncated>
		<difficult>0</difficult>
		<bndbox>
			<xmin>294</xmin>
			<ymin>562</ymin>
			<xmax>312</xmax>
			<ymax>604</ymax>
		</bndbox>
	</object>
</annotation>