<annotation>
	<folder>my-project-name</folder>
	<filename>pexels-photo-5713792.jpeg</filename>
	<path>/my-project-name/pexels-photo-5713792.jpeg</path>
	<source>
		<database>Unspecified</database>
	</source>
	<size>
		<width>500</width>
		<height>750</height>
		<depth>3</depth>
	</size>
	<object>
		<name>alcohol</name>
		<pose>Unspecified</pose>
		<truncated>0</truncated>
		<difficult>0</difficult>
		<bndbox>
			<xmin>228</xmin>
			<ymin>193</ymin>
			<xmax>366</xmax>
			<ymax>697</ymax>
		</bndbox>
	</object>
	<object>
		<name>alcohol</name>
		<pose>Unspecified</pose>
		<truncated>0</truncated>
		<difficult>0</difficult>
		<bndbox>
			<xmin>85</xmin>
			<ymin>189</ymin>
			<xmax>230</xmax>
			<ymax>720</ymax>
		</bndbox>
	</object>
</annotation>