<annotation>
	<folder>my-project-name</folder>
	<filename>pexels-photo-5946588.jpeg</filename>
	<path>/my-project-name/pexels-photo-5946588.jpeg</path>
	<source>
		<database>Unspecified</database>
	</source>
	<size>
		<width>500</width>
		<height>750</height>
		<depth>3</depth>
	</size>
	<object>
		<name>alcohol</name>
		<pose>Unspecified</pose>
		<truncated>0</truncated>
		<difficult>0</difficult>
		<bndbox>
			<xmin>204</xmin>
			<ymin>204</ymin>
			<xmax>324</xmax>
			<ymax>749</ymax>
		</bndbox>
	</object>
	<object>
		<name>alcohol</name>
		<pose>Unspecified</pose>
		<truncated>0</truncated>
		<difficult>0</difficult>
		<bndbox>
			<xmin>142</xmin>
			<ymin>0</ymin>
			<xmax>291</xmax>
			<ymax>73</ymax>
		</bndbox>
	</object>
</annotation>