<annotation>
	<folder>my-project-name</folder>
	<filename>pexels-photo-3171201.jpeg</filename>
	<path>/my-project-name/pexels-photo-3171201.jpeg</path>
	<source>
		<database>Unspecified</database>
	</source>
	<size>
		<width>500</width>
		<height>749</height>
		<depth>3</depth>
	</size>
	<object>
		<name>alcohol</name>
		<pose>Unspecified</pose>
		<truncated>0</truncated>
		<difficult>0</difficult>
		<bndbox>
			<xmin>325</xmin>
			<ymin>109</ymin>
			<xmax>406</xmax>
			<ymax>296</ymax>
		</bndbox>
	</object>
	<object>
		<name>alcohol</name>
		<pose>Unspecified</pose>
		<truncated>0</truncated>
		<difficult>0</difficult>
		<bndbox>
			<xmin>187</xmin>
			<ymin>168</ymin>
			<xmax>278</xmax>
			<ymax>362</ymax>
		</bndbox>
	</object>
	<object>
		<name>alcohol</name>
		<pose>Unspecified</pose>
		<truncated>0</truncated>
		<difficult>0</difficult>
		<bndbox>
			<xmin>160</xmin>
			<ymin>190</ymin>
			<xmax>251</xmax>
			<ymax>394</ymax>
		</bndbox>
	</object>
	<object>
		<name>knife</name>
		<pose>Unspecified</pose>
		<truncated>0</truncated>
		<difficult>0</difficult>
		<bndbox>
			<xmin>113</xmin>
			<ymin>411</ymin>
			<xmax>224</xmax>
			<ymax>510</ymax>
		</bndbox>
	</object>
</annotation>