<annotation>
	<folder>my-project-name</folder>
	<filename>pexels-photo-6288730.jpeg</filename>
	<path>/my-project-name/pexels-photo-6288730.jpeg</path>
	<source>
		<database>Unspecified</database>
	</source>
	<size>
		<width>500</width>
		<height>750</height>
		<depth>3</depth>
	</size>
	<object>
		<name>alcohol</name>
		<pose>Unspecified</pose>
		<truncated>0</truncated>
		<difficult>0</difficult>
		<bndbox>
			<xmin>79</xmin>
			<ymin>204</ymin>
			<xmax>254</xmax>
			<ymax>496</ymax>
		</bndbox>
	</object>
	<object>
		<name>alcohol</name>
		<pose>Unspecified</pose>
		<truncated>0</truncated>
		<difficult>0</difficult>
		<bndbox>
			<xmin>211</xmin>
			<ymin>292</ymin>
			<xmax>376</xmax>
			<ymax>576</ymax>
		</bndbox>
	</object>
	<object>
		<name>alcohol</name>
		<pose>Unspecified</pose>
		<truncated>0</truncated>
		<difficult>0</difficult>
		<bndbox>
			<xmin>158</xmin>
			<ymin>203</ymin>
			<xmax>314</xmax>
			<ymax>312</ymax>
		</bndbox>
	</object>
</annotation>