<annotation>
	<folder>my-project-name</folder>
	<filename>pexels-photo-3491939.jpeg</filename>
	<path>/my-project-name/pexels-photo-3491939.jpeg</path>
	<source>
		<database>Unspecified</database>
	</source>
	<size>
		<width>500</width>
		<height>625</height>
		<depth>3</depth>
	</size>
	<object>
		<name>alcohol</name>
		<pose>Unspecified</pose>
		<truncated>0</truncated>
		<difficult>0</difficult>
		<bndbox>
			<xmin>49</xmin>
			<ymin>80</ymin>
			<xmax>123</xmax>
			<ymax>186</ymax>
		</bndbox>
	</object>
	<object>
		<name>alcohol</name>
		<pose>Unspecified</pose>
		<truncated>0</truncated>
		<difficult>0</difficult>
		<bndbox>
			<xmin>440</xmin>
			<ymin>310</ymin>
			<xmax>500</xmax>
			<ymax>394</ymax>
		</bndbox>
	</object>
</annotation>