<annotation>
	<folder>my-project-name</folder>
	<filename>pexels-photo-3490355.jpeg</filename>
	<path>/my-project-name/pexels-photo-3490355.jpeg</path>
	<source>
		<database>Unspecified</database>
	</source>
	<size>
		<width>500</width>
		<height>749</height>
		<depth>3</depth>
	</size>
	<object>
		<name>alcohol</name>
		<pose>Unspecified</pose>
		<truncated>0</truncated>
		<difficult>0</difficult>
		<bndbox>
			<xmin>196</xmin>
			<ymin>196</ymin>
			<xmax>315</xmax>
			<ymax>626</ymax>
		</bndbox>
	</object>
	<object>
		<name>alcohol</name>
		<pose>Unspecified</pose>
		<truncated>0</truncated>
		<difficult>0</difficult>
		<bndbox>
			<xmin>313</xmin>
			<ymin>295</ymin>
			<xmax>408</xmax>
			<ymax>593</ymax>
		</bndbox>
	</object>
</annotation>