<annotation>
	<folder>my-project-name</folder>
	<filename>pexels-photo-3407779.jpeg</filename>
	<path>/my-project-name/pexels-photo-3407779.jpeg</path>
	<source>
		<database>Unspecified</database>
	</source>
	<size>
		<width>500</width>
		<height>625</height>
		<depth>3</depth>
	</size>
	<object>
		<name>alcohol</name>
		<pose>Unspecified</pose>
		<truncated>0</truncated>
		<difficult>0</difficult>
		<bndbox>
			<xmin>38</xmin>
			<ymin>175</ymin>
			<xmax>224</xmax>
			<ymax>608</ymax>
		</bndbox>
	</object>
	<object>
		<name>alcohol</name>
		<pose>Unspecified</pose>
		<truncated>0</truncated>
		<difficult>0</difficult>
		<bndbox>
			<xmin>0</xmin>
			<ymin>59</ymin>
			<xmax>147</xmax>
			<ymax>199</ymax>
		</bndbox>
	</object>
	<object>
		<name>alcohol</name>
		<pose>Unspecified</pose>
		<truncated>0</truncated>
		<difficult>0</difficult>
		<bndbox>
			<xmin>316</xmin>
			<ymin>79</ymin>
			<xmax>490</xmax>
			<ymax>509</ymax>
		</bndbox>
	</object>
</annotation>