<annotation>
	<folder>my-project-name</folder>
	<filename>pexels-photo-5876788.jpeg</filename>
	<path>/my-project-name/pexels-photo-5876788.jpeg</path>
	<source>
		<database>Unspecified</database>
	</source>
	<size>
		<width>500</width>
		<height>333</height>
		<depth>3</depth>
	</size>
	<object>
		<name>alcohol</name>
		<pose>Unspecified</pose>
		<truncated>0</truncated>
		<difficult>0</difficult>
		<bndbox>
			<xmin>88</xmin>
			<ymin>110</ymin>
			<xmax>163</xmax>
			<ymax>264</ymax>
		</bndbox>
	</object>
	<object>
		<name>alcohol</name>
		<pose>Unspecified</pose>
		<truncated>0</truncated>
		<difficult>0</difficult>
		<bndbox>
			<xmin>236</xmin>
			<ymin>21</ymin>
			<xmax>301</xmax>
			<ymax>175</ymax>
		</bndbox>
	</object>
</annotation>