<annotation>
	<folder>my-project-name</folder>
	<filename>pexels-photo-3756623.jpeg</filename>
	<path>/my-project-name/pexels-photo-3756623.jpeg</path>
	<source>
		<database>Unspecified</database>
	</source>
	<size>
		<width>500</width>
		<height>333</height>
		<depth>3</depth>
	</size>
	<object>
		<name>alcohol</name>
		<pose>Unspecified</pose>
		<truncated>0</truncated>
		<difficult>0</difficult>
		<bndbox>
			<xmin>95</xmin>
			<ymin>85</ymin>
			<xmax>290</xmax>
			<ymax>177</ymax>
		</bndbox>
	</object>
	<object>
		<name>alcohol</name>
		<pose>Unspecified</pose>
		<truncated>0</truncated>
		<difficult>0</difficult>
		<bndbox>
			<xmin>336</xmin>
			<ymin>136</ymin>
			<xmax>426</xmax>
			<ymax>333</ymax>
		</bndbox>
	</object>
	<object>
		<name>alcohol</name>
		<pose>Unspecified</pose>
		<truncated>0</truncated>
		<difficult>0</difficult>
		<bndbox>
			<xmin>241</xmin>
			<ymin>140</ymin>
			<xmax>341</xmax>
			<ymax>333</ymax>
		</bndbox>
	</object>
</annotation>