<annotation>
	<folder>my-project-name</folder>
	<filename>pexels-photo-4502959.jpeg</filename>
	<path>/my-project-name/pexels-photo-4502959.jpeg</path>
	<source>
		<database>Unspecified</database>
	</source>
	<size>
		<width>500</width>
		<height>750</height>
		<depth>3</depth>
	</size>
	<object>
		<name>alcohol</name>
		<pose>Unspecified</pose>
		<truncated>0</truncated>
		<difficult>0</difficult>
		<bndbox>
			<xmin>304</xmin>
			<ymin>364</ymin>
			<xmax>408</xmax>
			<ymax>498</ymax>
		</bndbox>
	</object>
	<object>
		<name>alcohol</name>
		<pose>Unspecified</pose>
		<truncated>0</truncated>
		<difficult>0</difficult>
		<bndbox>
			<xmin>214</xmin>
			<ymin>267</ymin>
			<xmax>309</xmax>
			<ymax>453</ymax>
		</bndbox>
	</object>
</annotation>