<annotation>
	<folder>my-project-name</folder>
	<filename>pexels-photo-5638816.jpeg</filename>
	<path>/my-project-name/pexels-photo-5638816.jpeg</path>
	<source>
		<database>Unspecified</database>
	</source>
	<size>
		<width>500</width>
		<height>333</height>
		<depth>3</depth>
	</size>
	<object>
		<name>alcohol</name>
		<pose>Unspecified</pose>
		<truncated>0</truncated>
		<difficult>0</difficult>
		<bndbox>
			<xmin>246</xmin>
			<ymin>105</ymin>
			<xmax>268</xmax>
			<ymax>136</ymax>
		</bndbox>
	</object>
	<object>
		<name>alcohol</name>
		<pose>Unspecified</pose>
		<truncated>0</truncated>
		<difficult>0</difficult>
		<bndbox>
			<xmin>186</xmin>
			<ymin>115</ymin>
			<xmax>207</xmax>
			<ymax>137</ymax>
		</bndbox>
	</object>
	<object>
		<name>alcohol</name>
		<pose>Unspecified</pose>
		<truncated>0</truncated>
		<difficult>0</difficult>
		<bndbox>
			<xmin>224</xmin>
			<ymin>107</ymin>
			<xmax>244</xmax>
			<ymax>129</ymax>
		</bndbox>
	</object>
</annotation>