<annotation>
	<folder>my-project-name</folder>
	<filename>pexels-photo-3009794.jpeg</filename>
	<path>/my-project-name/pexels-photo-3009794.jpeg</path>
	<source>
		<database>Unspecified</database>
	</source>
	<size>
		<width>500</width>
		<height>750</height>
		<depth>3</depth>
	</size>
	<object>
		<name>alcohol</name>
		<pose>Unspecified</pose>
		<truncated>0</truncated>
		<difficult>0</difficult>
		<bndbox>
			<xmin>177</xmin>
			<ymin>289</ymin>
			<xmax>280</xmax>
			<ymax>508</ymax>
		</bndbox>
	</object>
	<object>
		<name>alcohol</name>
		<pose>Unspecified</pose>
		<truncated>0</truncated>
		<difficult>0</difficult>
		<bndbox>
			<xmin>243</xmin>
			<ymin>287</ymin>
			<xmax>313</xmax>
			<ymax>437</ymax>
		</bndbox>
	</object>
</annotation>