<annotation>
	<folder>my-project-name</folder>
	<filename>pexels-photo-1304540.jpeg</filename>
	<path>/my-project-name/pexels-photo-1304540.jpeg</path>
	<source>
		<database>Unspecified</database>
	</source>
	<size>
		<width>500</width>
		<height>755</height>
		<depth>3</depth>
	</size>
	<object>
		<name>alcohol</name>
		<pose>Unspecified</pose>
		<truncated>0</truncated>
		<difficult>0</difficult>
		<bndbox>
			<xmin>55</xmin>
			<ymin>192</ymin>
			<xmax>415</xmax>
			<ymax>680</ymax>
		</bndbox>
	</object>
</annotation>