<annotation>
	<folder>my-project-name</folder>
	<filename>pexels-photo-3394225.jpeg</filename>
	<path>/my-project-name/pexels-photo-3394225.jpeg</path>
	<source>
		<database>Unspecified</database>
	</source>
	<size>
		<width>500</width>
		<height>332</height>
		<depth>3</depth>
	</size>
	<object>
		<name>alcohol</name>
		<pose>Unspecified</pose>
		<truncated>0</truncated>
		<difficult>0</difficult>
		<bndbox>
			<xmin>327</xmin>
			<ymin>133</ymin>
			<xmax>393</xmax>
			<ymax>227</ymax>
		</bndbox>
	</object>
	<object>
		<name>alcohol</name>
		<pose>Unspecified</pose>
		<truncated>0</truncated>
		<difficult>0</difficult>
		<bndbox>
			<xmin>253</xmin>
			<ymin>137</ymin>
			<xmax>317</xmax>
			<ymax>230</ymax>
		</bndbox>
	</object>
</annotation>