<annotation>
	<folder>my-project-name</folder>
	<filename>pexels-photo-6858621.jpeg</filename>
	<path>/my-project-name/pexels-photo-6858621.jpeg</path>
	<source>
		<database>Unspecified</database>
	</source>
	<size>
		<width>500</width>
		<height>667</height>
		<depth>3</depth>
	</size>
	<object>
		<name>alcohol</name>
		<pose>Unspecified</pose>
		<truncated>0</truncated>
		<difficult>0</difficult>
		<bndbox>
			<xmin>72</xmin>
			<ymin>306</ymin>
			<xmax>242</xmax>
			<ymax>507</ymax>
		</bndbox>
	</object>
	<object>
		<name>alcohol</name>
		<pose>Unspecified</pose>
		<truncated>0</truncated>
		<difficult>0</difficult>
		<bndbox>
			<xmin>260</xmin>
			<ymin>245</ymin>
			<xmax>463</xmax>
			<ymax>527</ymax>
		</bndbox>
	</object>
</annotation>