<annotation>
	<folder>my-project-name</folder>
	<filename>pexels-photo-3365553.jpeg</filename>
	<path>/my-project-name/pexels-photo-3365553.jpeg</path>
	<source>
		<database>Unspecified</database>
	</source>
	<size>
		<width>500</width>
		<height>333</height>
		<depth>3</depth>
	</size>
	<object>
		<name>alcohol</name>
		<pose>Unspecified</pose>
		<truncated>0</truncated>
		<difficult>0</difficult>
		<bndbox>
			<xmin>177</xmin>
			<ymin>127</ymin>
			<xmax>255</xmax>
			<ymax>312</ymax>
		</bndbox>
	</object>
	<object>
		<name>alcohol</name>
		<pose>Unspecified</pose>
		<truncated>0</truncated>
		<difficult>0</difficult>
		<bndbox>
			<xmin>225</xmin>
			<ymin>73</ymin>
			<xmax>340</xmax>
			<ymax>142</ymax>
		</bndbox>
	</object>
</annotation>