<annotation>
	<folder>my-project-name</folder>
	<filename>pexels-photo-3403512.jpeg</filename>
	<path>/my-project-name/pexels-photo-3403512.jpeg</path>
	<source>
		<database>Unspecified</database>
	</source>
	<size>
		<width>500</width>
		<height>749</height>
		<depth>3</depth>
	</size>
	<object>
		<name>alcohol</name>
		<pose>Unspecified</pose>
		<truncated>0</truncated>
		<difficult>0</difficult>
		<bndbox>
			<xmin>0</xmin>
			<ymin>424</ymin>
			<xmax>88</xmax>
			<ymax>605</ymax>
		</bndbox>
	</object>
	<object>
		<name>alcohol</name>
		<pose>Unspecified</pose>
		<truncated>0</truncated>
		<difficult>0</difficult>
		<bndbox>
			<xmin>202</xmin>
			<ymin>423</ymin>
			<xmax>348</xmax>
			<ymax>619</ymax>
		</bndbox>
	</object>
	<object>
		<name>alcohol</name>
		<pose>Unspecified</pose>
		<truncated>0</truncated>
		<difficult>0</difficult>
		<bndbox>
			<xmin>78</xmin>
			<ymin>226</ymin>
			<xmax>188</xmax>
			<ymax>588</ymax>
		</bndbox>
	</object>
</annotation>