<annotation>
	<folder>my-project-name</folder>
	<filename>pexels-photo-5921118.jpeg</filename>
	<path>/my-project-name/pexels-photo-5921118.jpeg</path>
	<source>
		<database>Unspecified</database>
	</source>
	<size>
		<width>500</width>
		<height>625</height>
		<depth>3</depth>
	</size>
	<object>
		<name>alcohol</name>
		<pose>Unspecified</pose>
		<truncated>0</truncated>
		<difficult>0</difficult>
		<bndbox>
			<xmin>357</xmin>
			<ymin>271</ymin>
			<xmax>461</xmax>
			<ymax>417</ymax>
		</bndbox>
	</object>
	<object>
		<name>alcohol</name>
		<pose>Unspecified</pose>
		<truncated>0</truncated>
		<difficult>0</difficult>
		<bndbox>
			<xmin>98</xmin>
			<ymin>224</ymin>
			<xmax>235</xmax>
			<ymax>440</ymax>
		</bndbox>
	</object>
	<object>
		<name>cigarette</name>
		<pose>Unspecified</pose>
		<truncated>0</truncated>
		<difficult>0</difficult>
		<bndbox>
			<xmin>237</xmin>
			<ymin>387</ymin>
			<xmax>385</xmax>
			<ymax>473</ymax>
		</bndbox>
	</object>
</annotation>