<annotation>
	<folder>my-project-name</folder>
	<filename>pexels-photo-1420695.jpeg</filename>
	<path>/my-project-name/pexels-photo-1420695.jpeg</path>
	<source>
		<database>Unspecified</database>
	</source>
	<size>
		<width>500</width>
		<height>335</height>
		<depth>3</depth>
	</size>
	<object>
		<name>alcohol</name>
		<pose>Unspecified</pose>
		<truncated>0</truncated>
		<difficult>0</difficult>
		<bndbox>
			<xmin>265</xmin>
			<ymin>166</ymin>
			<xmax>311</xmax>
			<ymax>270</ymax>
		</bndbox>
	</object>
	<object>
		<name>alcohol</name>
		<pose>Unspecified</pose>
		<truncated>0</truncated>
		<difficult>0</difficult>
		<bndbox>
			<xmin>152</xmin>
			<ymin>177</ymin>
			<xmax>197</xmax>
			<ymax>275</ymax>
		</bndbox>
	</object>
</annotation>