<annotation>
	<folder>my-project-name</folder>
	<filename>pexels-photo-255483.jpeg</filename>
	<path>/my-project-name/pexels-photo-255483.jpeg</path>
	<source>
		<database>Unspecified</database>
	</source>
	<size>
		<width>500</width>
		<height>667</height>
		<depth>3</depth>
	</size>
	<object>
		<name>alcohol</name>
		<pose>Unspecified</pose>
		<truncated>0</truncated>
		<difficult>0</difficult>
		<bndbox>
			<xmin>323</xmin>
			<ymin>281</ymin>
			<xmax>427</xmax>
			<ymax>639</ymax>
		</bndbox>
	</object>
	<object>
		<name>alcohol</name>
		<pose>Unspecified</pose>
		<truncated>0</truncated>
		<difficult>0</difficult>
		<bndbox>
			<xmin>200</xmin>
			<ymin>280</ymin>
			<xmax>308</xmax>
			<ymax>638</ymax>
		</bndbox>
	</object>
	<object>
		<name>alcohol</name>
		<pose>Unspecified</pose>
		<truncated>0</truncated>
		<difficult>0</difficult>
		<bndbox>
			<xmin>0</xmin>
			<ymin>94</ymin>
			<xmax>380</xmax>
			<ymax>228</ymax>
		</bndbox>
	</object>
</annotation>