<annotation>
	<folder>my-project-name</folder>
	<filename>pexels-photo-10572388.jpeg</filename>
	<path>/my-project-name/pexels-photo-10572388.jpeg</path>
	<source>
		<database>Unspecified</database>
	</source>
	<size>
		<width>500</width>
		<height>724</height>
		<depth>3</depth>
	</size>
	<object>
		<name>alcohol</name>
		<pose>Unspecified</pose>
		<truncated>0</truncated>
		<difficult>0</difficult>
		<bndbox>
			<xmin>256</xmin>
			<ymin>296</ymin>
			<xmax>462</xmax>
			<ymax>585</ymax>
		</bndbox>
	</object>
	<object>
		<name>alcohol</name>
		<pose>Unspecified</pose>
		<truncated>0</truncated>
		<difficult>0</difficult>
		<bndbox>
			<xmin>142</xmin>
			<ymin>229</ymin>
			<xmax>325</xmax>
			<ymax>483</ymax>
		</bndbox>
	</object>
</annotation>