<annotation>
	<folder>my-project-name</folder>
	<filename>pexels-photo-18059848.jpeg</filename>
	<path>/my-project-name/pexels-photo-18059848.jpeg</path>
	<source>
		<database>Unspecified</database>
	</source>
	<size>
		<width>500</width>
		<height>747</height>
		<depth>3</depth>
	</size>
	<object>
		<name>alcohol</name>
		<pose>Unspecified</pose>
		<truncated>0</truncated>
		<difficult>0</difficult>
		<bndbox>
			<xmin>91</xmin>
			<ymin>201</ymin>
			<xmax>259</xmax>
			<ymax>700</ymax>
		</bndbox>
	</object>
	<object>
		<name>alcohol</name>
		<pose>Unspecified</pose>
		<truncated>0</truncated>
		<difficult>0</difficult>
		<bndbox>
			<xmin>262</xmin>
			<ymin>364</ymin>
			<xmax>378</xmax>
			<ymax>698</ymax>
		</bndbox>
	</object>
</annotation>