<annotation>
	<folder>my-project-name</folder>
	<filename>pexels-photo-4667042.jpeg</filename>
	<path>/my-project-name/pexels-photo-4667042.jpeg</path>
	<source>
		<database>Unspecified</database>
	</source>
	<size>
		<width>500</width>
		<height>750</height>
		<depth>3</depth>
	</size>
	<object>
		<name>alcohol</name>
		<pose>Unspecified</pose>
		<truncated>0</truncated>
		<difficult>0</difficult>
		<bndbox>
			<xmin>227</xmin>
			<ymin>341</ymin>
			<xmax>398</xmax>
			<ymax>528</ymax>
		</bndbox>
	</object>
	<object>
		<name>alcohol</name>
		<pose>Unspecified</pose>
		<truncated>0</truncated>
		<difficult>0</difficult>
		<bndbox>
			<xmin>100</xmin>
			<ymin>241</ymin>
			<xmax>265</xmax>
			<ymax>504</ymax>
		</bndbox>
	</object>
</annotation>