<annotation>
	<folder>my-project-name</folder>
	<filename>pexels-photo-3023237.jpeg</filename>
	<path>/my-project-name/pexels-photo-3023237.jpeg</path>
	<source>
		<database>Unspecified</database>
	</source>
	<size>
		<width>500</width>
		<height>750</height>
		<depth>3</depth>
	</size>
	<object>
		<name>alcohol</name>
		<pose>Unspecified</pose>
		<truncated>0</truncated>
		<difficult>0</difficult>
		<bndbox>
			<xmin>54</xmin>
			<ymin>254</ymin>
			<xmax>212</xmax>
			<ymax>683</ymax>
		</bndbox>
	</object>
	<object>
		<name>alcohol</name>
		<pose>Unspecified</pose>
		<truncated>0</truncated>
		<difficult>0</difficult>
		<bndbox>
			<xmin>197</xmin>
			<ymin>301</ymin>
			<xmax>331</xmax>
			<ymax>665</ymax>
		</bndbox>
	</object>
</annotation>