<annotation>
	<folder>my-project-name</folder>
	<filename>pexels-photo-1545529.jpeg</filename>
	<path>/my-project-name/pexels-photo-1545529.jpeg</path>
	<source>
		<database>Unspecified</database>
	</source>
	<size>
		<width>500</width>
		<height>344</height>
		<depth>3</depth>
	</size>
	<object>
		<name>alcohol</name>
		<pose>Unspecified</pose>
		<truncated>0</truncated>
		<difficult>0</difficult>
		<bndbox>
			<xmin>272</xmin>
			<ymin>84</ymin>
			<xmax>363</xmax>
			<ymax>314</ymax>
		</bndbox>
	</object>
	<object>
		<name>alcohol</name>
		<pose>Unspecified</pose>
		<truncated>0</truncated>
		<difficult>0</difficult>
		<bndbox>
			<xmin>305</xmin>
			<ymin>0</ymin>
			<xmax>495</xmax>
			<ymax>88</ymax>
		</bndbox>
	</object>
</annotation>