<annotation>
	<folder>my-project-name</folder>
	<filename>pexels-photo-1267696.jpeg</filename>
	<path>/my-project-name/pexels-photo-1267696.jpeg</path>
	<source>
		<database>Unspecified</database>
	</source>
	<size>
		<width>500</width>
		<height>357</height>
		<depth>3</depth>
	</size>
	<object>
		<name>alcohol</name>
		<pose>Unspecified</pose>
		<truncated>0</truncated>
		<difficult>0</difficult>
		<bndbox>
			<xmin>308</xmin>
			<ymin>171</ymin>
			<xmax>343</xmax>
			<ymax>224</ymax>
		</bndbox>
	</object>
	<object>
		<name>alcohol</name>
		<pose>Unspecified</pose>
		<truncated>0</truncated>
		<difficult>0</difficult>
		<bndbox>
			<xmin>72</xmin>
			<ymin>173</ymin>
			<xmax>99</xmax>
			<ymax>219</ymax>
		</bndbox>
	</object>
</annotation>