<annotation>
	<folder>my-project-name</folder>
	<filename>pexels-photo-207080.jpeg</filename>
	<path>/my-project-name/pexels-photo-207080.jpeg</path>
	<source>
		<database>Unspecified</database>
	</source>
	<size>
		<width>500</width>
		<height>330</height>
		<depth>3</depth>
	</size>
	<object>
		<name>alcohol</name>
		<pose>Unspecified</pose>
		<truncated>0</truncated>
		<difficult>0</difficult>
		<bndbox>
			<xmin>41</xmin>
			<ymin>53</ymin>
			<xmax>114</xmax>
			<ymax>307</ymax>
		</bndbox>
	</object>
</annotation>