<annotation>
	<folder>my-project-name</folder>
	<filename>pexels-photo-5911161.jpeg</filename>
	<path>/my-project-name/pexels-photo-5911161.jpeg</path>
	<source>
		<database>Unspecified</database>
	</source>
	<size>
		<width>500</width>
		<height>750</height>
		<depth>3</depth>
	</size>
	<object>
		<name>alcohol</name>
		<pose>Unspecified</pose>
		<truncated>0</truncated>
		<difficult>0</difficult>
		<bndbox>
			<xmin>20</xmin>
			<ymin>463</ymin>
			<xmax>78</xmax>
			<ymax>596</ymax>
		</bndbox>
	</object>
	<object>
		<name>alcohol</name>
		<pose>Unspecified</pose>
		<truncated>0</truncated>
		<difficult>0</difficult>
		<bndbox>
			<xmin>16</xmin>
			<ymin>432</ymin>
			<xmax>71</xmax>
			<ymax>557</ymax>
		</bndbox>
	</object>
</annotation>