<annotation>
	<folder>my-project-name</folder>
	<filename>pexels-photo-2362391.jpeg</filename>
	<path>/my-project-name/pexels-photo-2362391.jpeg</path>
	<source>
		<database>Unspecified</database>
	</source>
	<size>
		<width>500</width>
		<height>750</height>
		<depth>3</depth>
	</size>
	<object>
		<name>alcohol</name>
		<pose>Unspecified</pose>
		<truncated>0</truncated>
		<difficult>0</difficult>
		<bndbox>
			<xmin>129</xmin>
			<ymin>281</ymin>
			<xmax>305</xmax>
			<ymax>724</ymax>
		</bndbox>
	</object>
	<object>
		<name>alcohol</name>
		<pose>Unspecified</pose>
		<truncated>0</truncated>
		<difficult>0</difficult>
		<bndbox>
			<xmin>251</xmin>
			<ymin>299</ymin>
			<xmax>392</xmax>
			<ymax>635</ymax>
		</bndbox>
	</object>
</annotation>