<annotation>
	<folder>my-project-name</folder>
	<filename>pexels-photo-3767353.jpeg</filename>
	<path>/my-project-name/pexels-photo-3767353.jpeg</path>
	<source>
		<database>Unspecified</database>
	</source>
	<size>
		<width>500</width>
		<height>750</height>
		<depth>3</depth>
	</size>
	<object>
		<name>alcohol</name>
		<pose>Unspecified</pose>
		<truncated>0</truncated>
		<difficult>0</difficult>
		<bndbox>
			<xmin>95</xmin>
			<ymin>485</ymin>
			<xmax>246</xmax>
			<ymax>750</ymax>
		</bndbox>
	</object>
	<object>
		<name>alcohol</name>
		<pose>Unspecified</pose>
		<truncated>0</truncated>
		<difficult>0</difficult>
		<bndbox>
			<xmin>212</xmin>
			<ymin>439</ymin>
			<xmax>319</xmax>
			<ymax>632</ymax>
		</bndbox>
	</object>
</annotation>