<annotation>
	<folder>my-project-name</folder>
	<filename>pexels-photo-5911151.jpeg</filename>
	<path>/my-project-name/pexels-photo-5911151.jpeg</path>
	<source>
		<database>Unspecified</database>
	</source>
	<size>
		<width>500</width>
		<height>333</height>
		<depth>3</depth>
	</size>
	<object>
		<name>alcohol</name>
		<pose>Unspecified</pose>
		<truncated>0</truncated>
		<difficult>0</difficult>
		<bndbox>
			<xmin>240</xmin>
			<ymin>126</ymin>
			<xmax>278</xmax>
			<ymax>173</ymax>
		</bndbox>
	</object>
	<object>
		<name>alcohol</name>
		<pose>Unspecified</pose>
		<truncated>0</truncated>
		<difficult>0</difficult>
		<bndbox>
			<xmin>272</xmin>
			<ymin>103</ymin>
			<xmax>320</xmax>
			<ymax>187</ymax>
		</bndbox>
	</object>
</annotation>