<annotation>
	<folder>my-project-name</folder>
	<filename>pexels-photo-5727959.jpeg</filename>
	<path>/my-project-name/pexels-photo-5727959.jpeg</path>
	<source>
		<database>Unspecified</database>
	</source>
	<size>
		<width>500</width>
		<height>750</height>
		<depth>3</depth>
	</size>
	<object>
		<name>alcohol</name>
		<pose>Unspecified</pose>
		<truncated>0</truncated>
		<difficult>0</difficult>
		<bndbox>
			<xmin>206</xmin>
			<ymin>263</ymin>
			<xmax>316</xmax>
			<ymax>521</ymax>
		</bndbox>
	</object>
	<object>
		<name>alcohol</name>
		<pose>Unspecified</pose>
		<truncated>0</truncated>
		<difficult>0</difficult>
		<bndbox>
			<xmin>90</xmin>
			<ymin>163</ymin>
			<xmax>165</xmax>
			<ymax>341</ymax>
		</bndbox>
	</object>
</annotation>