<annotation>
	<folder>my-project-name</folder>
	<filename>pexels-photo-5638746.jpeg</filename>
	<path>/my-project-name/pexels-photo-5638746.jpeg</path>
	<source>
		<database>Unspecified</database>
	</source>
	<size>
		<width>500</width>
		<height>750</height>
		<depth>3</depth>
	</size>
	<object>
		<name>alcohol</name>
		<pose>Unspecified</pose>
		<truncated>0</truncated>
		<difficult>0</difficult>
		<bndbox>
			<xmin>239</xmin>
			<ymin>461</ymin>
			<xmax>364</xmax>
			<ymax>719</ymax>
		</bndbox>
	</object>
	<object>
		<name>alcohol</name>
		<pose>Unspecified</pose>
		<truncated>0</truncated>
		<difficult>0</difficult>
		<bndbox>
			<xmin>142</xmin>
			<ymin>235</ymin>
			<xmax>312</xmax>
			<ymax>430</ymax>
		</bndbox>
	</object>
</annotation>