<annotation>
	<folder>my-project-name</folder>
	<filename>pexels-photo-6439149.jpeg</filename>
	<path>/my-project-name/pexels-photo-6439149.jpeg</path>
	<source>
		<database>Unspecified</database>
	</source>
	<size>
		<width>500</width>
		<height>399</height>
		<depth>3</depth>
	</size>
	<object>
		<name>alcohol</name>
		<pose>Unspecified</pose>
		<truncated>0</truncated>
		<difficult>0</difficult>
		<bndbox>
			<xmin>211</xmin>
			<ymin>174</ymin>
			<xmax>261</xmax>
			<ymax>276</ymax>
		</bndbox>
	</object>
	<object>
		<name>alcohol</name>
		<pose>Unspecified</pose>
		<truncated>0</truncated>
		<difficult>0</difficult>
		<bndbox>
			<xmin>266</xmin>
			<ymin>112</ymin>
			<xmax>308</xmax>
			<ymax>197</ymax>
		</bndbox>
	</object>
</annotation>