<annotation>
	<folder>my-project-name</folder>
	<filename>pexels-photo-6474921.jpeg</filename>
	<path>/my-project-name/pexels-photo-6474921.jpeg</path>
	<source>
		<database>Unspecified</database>
	</source>
	<size>
		<width>500</width>
		<height>750</height>
		<depth>3</depth>
	</size>
	<object>
		<name>alcohol</name>
		<pose>Unspecified</pose>
		<truncated>0</truncated>
		<difficult>0</difficult>
		<bndbox>
			<xmin>129</xmin>
			<ymin>311</ymin>
			<xmax>200</xmax>
			<ymax>537</ymax>
		</bndbox>
	</object>
	<object>
		<name>alcohol</name>
		<pose>Unspecified</pose>
		<truncated>0</truncated>
		<difficult>0</difficult>
		<bndbox>
			<xmin>272</xmin>
			<ymin>374</ymin>
			<xmax>358</xmax>
			<ymax>625</ymax>
		</bndbox>
	</object>
</annotation>