<annotation>
	<folder>my-project-name</folder>
	<filename>pexels-photo-10642719.jpeg</filename>
	<path>/my-project-name/pexels-photo-10642719.jpeg</path>
	<source>
		<database>Unspecified</database>
	</source>
	<size>
		<width>500</width>
		<height>747</height>
		<depth>3</depth>
	</size>
	<object>
		<name>alcohol</name>
		<pose>Unspecified</pose>
		<truncated>0</truncated>
		<difficult>0</difficult>
		<bndbox>
			<xmin>280</xmin>
			<ymin>214</ymin>
			<xmax>397</xmax>
			<ymax>409</ymax>
		</bndbox>
	</object>
	<object>
		<name>alcohol</name>
		<pose>Unspecified</pose>
		<truncated>0</truncated>
		<difficult>0</difficult>
		<bndbox>
			<xmin>146</xmin>
			<ymin>396</ymin>
			<xmax>303</xmax>
			<ymax>615</ymax>
		</bndbox>
	</object>
</annotation>