<annotation>
	<folder>my-project-name</folder>
	<filename>pexels-photo-6069745.jpeg</filename>
	<path>/my-project-name/pexels-photo-6069745.jpeg</path>
	<source>
		<database>Unspecified</database>
	</source>
	<size>
		<width>500</width>
		<height>750</height>
		<depth>3</depth>
	</size>
	<object>
		<name>alcohol</name>
		<pose>Unspecified</pose>
		<truncated>0</truncated>
		<difficult>0</difficult>
		<bndbox>
			<xmin>92</xmin>
			<ymin>291</ymin>
			<xmax>229</xmax>
			<ymax>488</ymax>
		</bndbox>
	</object>
	<object>
		<name>alcohol</name>
		<pose>Unspecified</pose>
		<truncated>0</truncated>
		<difficult>0</difficult>
		<bndbox>
			<xmin>309</xmin>
			<ymin>51</ymin>
			<xmax>437</xmax>
			<ymax>512</ymax>
		</bndbox>
	</object>
</annotation>