<annotation>
	<folder>my-project-name</folder>
	<filename>pexels-photo-17086665.jpeg</filename>
	<path>/my-project-name/pexels-photo-17086665.jpeg</path>
	<source>
		<database>Unspecified</database>
	</source>
	<size>
		<width>500</width>
		<height>750</height>
		<depth>3</depth>
	</size>
	<object>
		<name>alcohol</name>
		<pose>Unspecified</pose>
		<truncated>0</truncated>
		<difficult>0</difficult>
		<bndbox>
			<xmin>72</xmin>
			<ymin>44</ymin>
			<xmax>129</xmax>
			<ymax>211</ymax>
		</bndbox>
	</object>
	<object>
		<name>alcohol</name>
		<pose>Unspecified</pose>
		<truncated>0</truncated>
		<difficult>0</difficult>
		<bndbox>
			<xmin>210</xmin>
			<ymin>316</ymin>
			<xmax>254</xmax>
			<ymax>470</ymax>
		</bndbox>
	</object>
</annotation>