<annotation>
	<folder>my-project-name</folder>
	<filename>pexels-photo-5332364.jpeg</filename>
	<path>/my-project-name/pexels-photo-5332364.jpeg</path>
	<source>
		<database>Unspecified</database>
	</source>
	<size>
		<width>500</width>
		<height>333</height>
		<depth>3</depth>
	</size>
	<object>
		<name>alcohol</name>
		<pose>Unspecified</pose>
		<truncated>0</truncated>
		<difficult>0</difficult>
		<bndbox>
			<xmin>166</xmin>
			<ymin>138</ymin>
			<xmax>199</xmax>
			<ymax>217</ymax>
		</bndbox>
	</object>
	<object>
		<name>alcohol</name>
		<pose>Unspecified</pose>
		<truncated>0</truncated>
		<difficult>0</difficult>
		<bndbox>
			<xmin>191</xmin>
			<ymin>128</ymin>
			<xmax>234</xmax>
			<ymax>200</ymax>
		</bndbox>
	</object>
	<object>
		<name>alcohol</name>
		<pose>Unspecified</pose>
		<truncated>0</truncated>
		<difficult>0</difficult>
		<bndbox>
			<xmin>376</xmin>
			<ymin>167</ymin>
			<xmax>406</xmax>
			<ymax>250</ymax>
		</bndbox>
	</object>
</annotation>