<annotation>
	<folder>my-project-name</folder>
	<filename>pexels-photo-1269043.jpeg</filename>
	<path>/my-project-name/pexels-photo-1269043.jpeg</path>
	<source>
		<database>Unspecified</database>
	</source>
	<size>
		<width>500</width>
		<height>334</height>
		<depth>3</depth>
	</size>
	<object>
		<name>alcohol</name>
		<pose>Unspecified</pose>
		<truncated>0</truncated>
		<difficult>0</difficult>
		<bndbox>
			<xmin>197</xmin>
			<ymin>69</ymin>
			<xmax>303</xmax>
			<ymax>269</ymax>
		</bndbox>
	</object>
	<object>
		<name>alcohol</name>
		<pose>Unspecified</pose>
		<truncated>0</truncated>
		<difficult>0</difficult>
		<bndbox>
			<xmin>291</xmin>
			<ymin>106</ymin>
			<xmax>403</xmax>
			<ymax>297</ymax>
		</bndbox>
	</object>
</annotation>