<annotation>
	<folder>my-project-name</folder>
	<filename>pexels-photo-2789328.jpeg</filename>
	<path>/my-project-name/pexels-photo-2789328.jpeg</path>
	<source>
		<database>Unspecified</database>
	</source>
	<size>
		<width>500</width>
		<height>323</height>
		<depth>3</depth>
	</size>
	<object>
		<name>alcohol</name>
		<pose>Unspecified</pose>
		<truncated>0</truncated>
		<difficult>0</difficult>
		<bndbox>
			<xmin>270</xmin>
			<ymin>139</ymin>
			<xmax>373</xmax>
			<ymax>287</ymax>
		</bndbox>
	</object>
	<object>
		<name>alcohol</name>
		<pose>Unspecified</pose>
		<truncated>0</truncated>
		<difficult>0</difficult>
		<bndbox>
			<xmin>128</xmin>
			<ymin>100</ymin>
			<xmax>205</xmax>
			<ymax>289</ymax>
		</bndbox>
	</object>
</annotation>