<annotation>
	<folder>my-project-name</folder>
	<filename>pexels-photo-5566039.jpeg</filename>
	<path>/my-project-name/pexels-photo-5566039.jpeg</path>
	<source>
		<database>Unspecified</database>
	</source>
	<size>
		<width>500</width>
		<height>750</height>
		<depth>3</depth>
	</size>
	<object>
		<name>alcohol</name>
		<pose>Unspecified</pose>
		<truncated>0</truncated>
		<difficult>0</difficult>
		<bndbox>
			<xmin>144</xmin>
			<ymin>234</ymin>
			<xmax>283</xmax>
			<ymax>418</ymax>
		</bndbox>
	</object>
	<object>
		<name>alcohol</name>
		<pose>Unspecified</pose>
		<truncated>0</truncated>
		<difficult>0</difficult>
		<bndbox>
			<xmin>274</xmin>
			<ymin>350</ymin>
			<xmax>416</xmax>
			<ymax>528</ymax>
		</bndbox>
	</object>
	<object>
		<name>alcohol</name>
		<pose>Unspecified</pose>
		<truncated>0</truncated>
		<difficult>0</difficult>
		<bndbox>
			<xmin>123</xmin>
			<ymin>424</ymin>
			<xmax>274</xmax>
			<ymax>602</ymax>
		</bndbox>
	</object>
</annotation>