<annotation>
	<folder>my-project-name</folder>
	<filename>pexels-photo-1267351.jpeg</filename>
	<path>/my-project-name/pexels-photo-1267351.jpeg</path>
	<source>
		<database>Unspecified</database>
	</source>
	<size>
		<width>500</width>
		<height>290</height>
		<depth>3</depth>
	</size>
	<object>
		<name>alcohol</name>
		<pose>Unspecified</pose>
		<truncated>0</truncated>
		<difficult>0</difficult>
		<bndbox>
			<xmin>219</xmin>
			<ymin>172</ymin>
			<xmax>238</xmax>
			<ymax>209</ymax>
		</bndbox>
	</object>
	<object>
		<name>alcohol</name>
		<pose>Unspecified</pose>
		<truncated>0</truncated>
		<difficult>0</difficult>
		<bndbox>
			<xmin>350</xmin>
			<ymin>135</ymin>
			<xmax>378</xmax>
			<ymax>174</ymax>
		</bndbox>
	</object>
	<object>
		<name>alcohol</name>
		<pose>Unspecified</pose>
		<truncated>0</truncated>
		<difficult>0</difficult>
		<bndbox>
			<xmin>438</xmin>
			<ymin>178</ymin>
			<xmax>455</xmax>
			<ymax>204</ymax>
		</bndbox>
	</object>
	<object>
		<name>alcohol</name>
		<pose>Unspecified</pose>
		<truncated>0</truncated>
		<difficult>0</difficult>
		<bndbox>
			<xmin>378</xmin>
			<ymin>175</ymin>
			<xmax>394</xmax>
			<ymax>196</ymax>
		</bndbox>
	</object>
</annotation>