<annotation>
	<folder>my-project-name</folder>
	<filename>pexels-photo-5921123.jpeg</filename>
	<path>/my-project-name/pexels-photo-5921123.jpeg</path>
	<source>
		<database>Unspecified</database>
	</source>
	<size>
		<width>500</width>
		<height>625</height>
		<depth>3</depth>
	</size>
	<object>
		<name>alcohol</name>
		<pose>Unspecified</pose>
		<truncated>0</truncated>
		<difficult>0</difficult>
		<bndbox>
			<xmin>203</xmin>
			<ymin>268</ymin>
			<xmax>346</xmax>
			<ymax>487</ymax>
		</bndbox>
	</object>
</annotation>