<annotation>
	<folder>my-project-name</folder>
	<filename>pexels-photo-391213.jpeg</filename>
	<path>/my-project-name/pexels-photo-391213.jpeg</path>
	<source>
		<database>Unspecified</database>
	</source>
	<size>
		<width>500</width>
		<height>568</height>
		<depth>3</depth>
	</size>
	<object>
		<name>alcohol</name>
		<pose>Unspecified</pose>
		<truncated>0</truncated>
		<difficult>0</difficult>
		<bndbox>
			<xmin>0</xmin>
			<ymin>82</ymin>
			<xmax>414</xmax>
			<ymax>551</ymax>
		</bndbox>
	</object>
</annotation>