<annotation>
	<folder>my-project-name</folder>
	<filename>pexels-photo-17127754.jpeg</filename>
	<path>/my-project-name/pexels-photo-17127754.jpeg</path>
	<source>
		<database>Unspecified</database>
	</source>
	<size>
		<width>500</width>
		<height>333</height>
		<depth>3</depth>
	</size>
	<object>
		<name>alcohol</name>
		<pose>Unspecified</pose>
		<truncated>0</truncated>
		<difficult>0</difficult>
		<bndbox>
			<xmin>75</xmin>
			<ymin>92</ymin>
			<xmax>152</xmax>
			<ymax>302</ymax>
		</bndbox>
	</object>
	<object>
		<name>alcohol</name>
		<pose>Unspecified</pose>
		<truncated>0</truncated>
		<difficult>0</difficult>
		<bndbox>
			<xmin>263</xmin>
			<ymin>171</ymin>
			<xmax>345</xmax>
			<ymax>303</ymax>
		</bndbox>
	</object>
</annotation>