<annotation>
	<folder>my-project-name</folder>
	<filename>pexels-photo-5935214.jpeg</filename>
	<path>/my-project-name/pexels-photo-5935214.jpeg</path>
	<source>
		<database>Unspecified</database>
	</source>
	<size>
		<width>500</width>
		<height>333</height>
		<depth>3</depth>
	</size>
	<object>
		<name>alcohol</name>
		<pose>Unspecified</pose>
		<truncated>0</truncated>
		<difficult>0</difficult>
		<bndbox>
			<xmin>258</xmin>
			<ymin>59</ymin>
			<xmax>283</xmax>
			<ymax>121</ymax>
		</bndbox>
	</object>
	<object>
		<name>alcohol</name>
		<pose>Unspecified</pose>
		<truncated>0</truncated>
		<difficult>0</difficult>
		<bndbox>
			<xmin>240</xmin>
			<ymin>66</ymin>
			<xmax>265</xmax>
			<ymax>128</ymax>
		</bndbox>
	</object>
</annotation>