<annotation>
	<folder>my-project-name</folder>
	<filename>pexels-photo-1850595.jpeg</filename>
	<path>/my-project-name/pexels-photo-1850595.jpeg</path>
	<source>
		<database>Unspecified</database>
	</source>
	<size>
		<width>500</width>
		<height>333</height>
		<depth>3</depth>
	</size>
	<object>
		<name>alcohol</name>
		<pose>Unspecified</pose>
		<truncated>0</truncated>
		<difficult>0</difficult>
		<bndbox>
			<xmin>121</xmin>
			<ymin>30</ymin>
			<xmax>203</xmax>
			<ymax>248</ymax>
		</bndbox>
	</object>
	<object>
		<name>alcohol</name>
		<pose>Unspecified</pose>
		<truncated>0</truncated>
		<difficult>0</difficult>
		<bndbox>
			<xmin>384</xmin>
			<ymin>17</ymin>
			<xmax>480</xmax>
			<ymax>320</ymax>
		</bndbox>
	</object>
</annotation>