<annotation>
	<folder>my-project-name</folder>
	<filename>pexels-photo-602750.jpeg</filename>
	<path>/my-project-name/pexels-photo-602750.jpeg</path>
	<source>
		<database>Unspecified</database>
	</source>
	<size>
		<width>500</width>
		<height>527</height>
		<depth>3</depth>
	</size>
	<object>
		<name>alcohol</name>
		<pose>Unspecified</pose>
		<truncated>0</truncated>
		<difficult>0</difficult>
		<bndbox>
			<xmin>313</xmin>
			<ymin>208</ymin>
			<xmax>478</xmax>
			<ymax>391</ymax>
		</bndbox>
	</object>
	<object>
		<name>alcohol</name>
		<pose>Unspecified</pose>
		<truncated>0</truncated>
		<difficult>0</difficult>
		<bndbox>
			<xmin>143</xmin>
			<ymin>228</ymin>
			<xmax>313</xmax>
			<ymax>426</ymax>
		</bndbox>
	</object>
	<object>
		<name>alcohol</name>
		<pose>Unspecified</pose>
		<truncated>0</truncated>
		<difficult>0</difficult>
		<bndbox>
			<xmin>22</xmin>
			<ymin>113</ymin>
			<xmax>160</xmax>
			<ymax>371</ymax>
		</bndbox>
	</object>
</annotation>