<annotation>
	<folder>my-project-name</folder>
	<filename>pexels-photo-290316.jpeg</filename>
	<path>/my-project-name/pexels-photo-290316.jpeg</path>
	<source>
		<database>Unspecified</database>
	</source>
	<size>
		<width>500</width>
		<height>333</height>
		<depth>3</depth>
	</size>
	<object>
		<name>alcohol</name>
		<pose>Unspecified</pose>
		<truncated>0</truncated>
		<difficult>0</difficult>
		<bndbox>
			<xmin>255</xmin>
			<ymin>104</ymin>
			<xmax>357</xmax>
			<ymax>316</ymax>
		</bndbox>
	</object>
	<object>
		<name>alcohol</name>
		<pose>Unspecified</pose>
		<truncated>0</truncated>
		<difficult>0</difficult>
		<bndbox>
			<xmin>305</xmin>
			<ymin>7</ymin>
			<xmax>441</xmax>
			<ymax>80</ymax>
		</bndbox>
	</object>
</annotation>