<annotation>
	<folder>my-project-name</folder>
	<filename>pexels-photo-372959.jpeg</filename>
	<path>/my-project-name/pexels-photo-372959.jpeg</path>
	<source>
		<database>Unspecified</database>
	</source>
	<size>
		<width>500</width>
		<height>333</height>
		<depth>3</depth>
	</size>
	<object>
		<name>alcohol</name>
		<pose>Unspecified</pose>
		<truncated>0</truncated>
		<difficult>0</difficult>
		<bndbox>
			<xmin>103</xmin>
			<ymin>21</ymin>
			<xmax>188</xmax>
			<ymax>282</ymax>
		</bndbox>
	</object>
	<object>
		<name>alcohol</name>
		<pose>Unspecified</pose>
		<truncated>0</truncated>
		<difficult>0</difficult>
		<bndbox>
			<xmin>176</xmin>
			<ymin>100</ymin>
			<xmax>284</xmax>
			<ymax>297</ymax>
		</bndbox>
	</object>
	<object>
		<name>alcohol</name>
		<pose>Unspecified</pose>
		<truncated>0</truncated>
		<difficult>0</difficult>
		<bndbox>
			<xmin>272</xmin>
			<ymin>70</ymin>
			<xmax>370</xmax>
			<ymax>283</ymax>
		</bndbox>
	</object>
</annotation>