<annotation>
	<folder>my-project-name</folder>
	<filename>pexels-photo-1407472.jpeg</filename>
	<path>/my-project-name/pexels-photo-1407472.jpeg</path>
	<source>
		<database>Unspecified</database>
	</source>
	<size>
		<width>500</width>
		<height>625</height>
		<depth>3</depth>
	</size>
	<object>
		<name>alcohol</name>
		<pose>Unspecified</pose>
		<truncated>0</truncated>
		<difficult>0</difficult>
		<bndbox>
			<xmin>12</xmin>
			<ymin>229</ymin>
			<xmax>193</xmax>
			<ymax>468</ymax>
		</bndbox>
	</object>
	<object>
		<name>alcohol</name>
		<pose>Unspecified</pose>
		<truncated>0</truncated>
		<difficult>0</difficult>
		<bndbox>
			<xmin>163</xmin>
			<ymin>209</ymin>
			<xmax>453</xmax>
			<ymax>300</ymax>
		</bndbox>
	</object>
</annotation>