<annotation>
	<folder>my-project-name</folder>
	<filename>pexels-photo-6858628.jpeg</filename>
	<path>/my-project-name/pexels-photo-6858628.jpeg</path>
	<source>
		<database>Unspecified</database>
	</source>
	<size>
		<width>500</width>
		<height>584</height>
		<depth>3</depth>
	</size>
	<object>
		<name>alcohol</name>
		<pose>Unspecified</pose>
		<truncated>0</truncated>
		<difficult>0</difficult>
		<bndbox>
			<xmin>123</xmin>
			<ymin>275</ymin>
			<xmax>155</xmax>
			<ymax>346</ymax>
		</bndbox>
	</object>
	<object>
		<name>alcohol</name>
		<pose>Unspecified</pose>
		<truncated>0</truncated>
		<difficult>0</difficult>
		<bndbox>
			<xmin>156</xmin>
			<ymin>277</ymin>
			<xmax>189</xmax>
			<ymax>349</ymax>
		</bndbox>
	</object>
</annotation>