<annotation>
	<folder>my-project-name</folder>
	<filename>pexels-photo-3394221.jpeg</filename>
	<path>/my-project-name/pexels-photo-3394221.jpeg</path>
	<source>
		<database>Unspecified</database>
	</source>
	<size>
		<width>500</width>
		<height>332</height>
		<depth>3</depth>
	</size>
	<object>
		<name>alcohol</name>
		<pose>Unspecified</pose>
		<truncated>0</truncated>
		<difficult>0</difficult>
		<bndbox>
			<xmin>361</xmin>
			<ymin>76</ymin>
			<xmax>438</xmax>
			<ymax>179</ymax>
		</bndbox>
	</object>
	<object>
		<name>alcohol</name>
		<pose>Unspecified</pose>
		<truncated>0</truncated>
		<difficult>0</difficult>
		<bndbox>
			<xmin>64</xmin>
			<ymin>66</ymin>
			<xmax>139</xmax>
			<ymax>168</ymax>
		</bndbox>
	</object>
	<object>
		<name>alcohol</name>
		<pose>Unspecified</pose>
		<truncated>0</truncated>
		<difficult>0</difficult>
		<bndbox>
			<xmin>139</xmin>
			<ymin>61</ymin>
			<xmax>198</xmax>
			<ymax>127</ymax>
		</bndbox>
	</object>
</annotation>