<annotation>
	<folder>my-project-name</folder>
	<filename>pexels-photo-1201996.jpeg</filename>
	<path>/my-project-name/pexels-photo-1201996.jpeg</path>
	<source>
		<database>Unspecified</database>
	</source>
	<size>
		<width>500</width>
		<height>333</height>
		<depth>3</depth>
	</size>
	<object>
		<name>alcohol</name>
		<pose>Unspecified</pose>
		<truncated>0</truncated>
		<difficult>0</difficult>
		<bndbox>
			<xmin>91</xmin>
			<ymin>99</ymin>
			<xmax>156</xmax>
			<ymax>333</ymax>
		</bndbox>
	</object>
	<object>
		<name>alcohol</name>
		<pose>Unspecified</pose>
		<truncated>0</truncated>
		<difficult>0</difficult>
		<bndbox>
			<xmin>27</xmin>
			<ymin>102</ymin>
			<xmax>92</xmax>
			<ymax>333</ymax>
		</bndbox>
	</object>
</annotation>