<annotation>
	<folder>my-project-name</folder>
	<filename>pexels-photo-3419719.jpeg</filename>
	<path>/my-project-name/pexels-photo-3419719.jpeg</path>
	<source>
		<database>Unspecified</database>
	</source>
	<size>
		<width>500</width>
		<height>333</height>
		<depth>3</depth>
	</size>
	<object>
		<name>alcohol</name>
		<pose>Unspecified</pose>
		<truncated>0</truncated>
		<difficult>0</difficult>
		<bndbox>
			<xmin>21</xmin>
			<ymin>201</ymin>
			<xmax>127</xmax>
			<ymax>291</ymax>
		</bndbox>
	</object>
	<object>
		<name>alcohol</name>
		<pose>Unspecified</pose>
		<truncated>0</truncated>
		<difficult>0</difficult>
		<bndbox>
			<xmin>285</xmin>
			<ymin>92</ymin>
			<xmax>371</xmax>
			<ymax>177</ymax>
		</bndbox>
	</object>
	<object>
		<name>alcohol</name>
		<pose>Unspecified</pose>
		<truncated>0</truncated>
		<difficult>0</difficult>
		<bndbox>
			<xmin>207</xmin>
			<ymin>0</ymin>
			<xmax>286</xmax>
			<ymax>57</ymax>
		</bndbox>
	</object>
</annotation>