<annotation>
	<folder>my-project-name</folder>
	<filename>pexels-photo-6314327.jpeg</filename>
	<path>/my-project-name/pexels-photo-6314327.jpeg</path>
	<source>
		<database>Unspecified</database>
	</source>
	<size>
		<width>500</width>
		<height>750</height>
		<depth>3</depth>
	</size>
	<object>
		<name>alcohol</name>
		<pose>Unspecified</pose>
		<truncated>0</truncated>
		<difficult>0</difficult>
		<bndbox>
			<xmin>247</xmin>
			<ymin>395</ymin>
			<xmax>387</xmax>
			<ymax>584</ymax>
		</bndbox>
	</object>
	<object>
		<name>alcohol</name>
		<pose>Unspecified</pose>
		<truncated>0</truncated>
		<difficult>0</difficult>
		<bndbox>
			<xmin>154</xmin>
			<ymin>374</ymin>
			<xmax>279</xmax>
			<ymax>537</ymax>
		</bndbox>
	</object>
</annotation>