<annotation>
	<folder>my-project-name</folder>
	<filename>pexels-photo-18078964.jpeg</filename>
	<path>/my-project-name/pexels-photo-18078964.jpeg</path>
	<source>
		<database>Unspecified</database>
	</source>
	<size>
		<width>500</width>
		<height>667</height>
		<depth>3</depth>
	</size>
	<object>
		<name>alcohol</name>
		<pose>Unspecified</pose>
		<truncated>0</truncated>
		<difficult>0</difficult>
		<bndbox>
			<xmin>158</xmin>
			<ymin>203</ymin>
			<xmax>353</xmax>
			<ymax>412</ymax>
		</bndbox>
	</object>
	<object>
		<name>alcohol</name>
		<pose>Unspecified</pose>
		<truncated>0</truncated>
		<difficult>0</difficult>
		<bndbox>
			<xmin>370</xmin>
			<ymin>197</ymin>
			<xmax>500</xmax>
			<ymax>400</ymax>
		</bndbox>
	</object>
	<object>
		<name>alcohol</name>
		<pose>Unspecified</pose>
		<truncated>0</truncated>
		<difficult>0</difficult>
		<bndbox>
			<xmin>26</xmin>
			<ymin>0</ymin>
			<xmax>218</xmax>
			<ymax>196</ymax>
		</bndbox>
	</object>
</annotation>