<annotation>
	<folder>my-project-name</folder>
	<filename>pexels-photo-2531184.jpeg</filename>
	<path>/my-project-name/pexels-photo-2531184.jpeg</path>
	<source>
		<database>Unspecified</database>
	</source>
	<size>
		<width>500</width>
		<height>334</height>
		<depth>3</depth>
	</size>
	<object>
		<name>alcohol</name>
		<pose>Unspecified</pose>
		<truncated>0</truncated>
		<difficult>0</difficult>
		<bndbox>
			<xmin>222</xmin>
			<ymin>86</ymin>
			<xmax>322</xmax>
			<ymax>334</ymax>
		</bndbox>
	</object>
	<object>
		<name>alcohol</name>
		<pose>Unspecified</pose>
		<truncated>0</truncated>
		<difficult>0</difficult>
		<bndbox>
			<xmin>153</xmin>
			<ymin>71</ymin>
			<xmax>231</xmax>
			<ymax>279</ymax>
		</bndbox>
	</object>
	<object>
		<name>alcohol</name>
		<pose>Unspecified</pose>
		<truncated>0</truncated>
		<difficult>0</difficult>
		<bndbox>
			<xmin>316</xmin>
			<ymin>94</ymin>
			<xmax>393</xmax>
			<ymax>297</ymax>
		</bndbox>
	</object>
</annotation>