<annotation>
	<folder>my-project-name</folder>
	<filename>pexels-photo-6474925.jpeg</filename>
	<path>/my-project-name/pexels-photo-6474925.jpeg</path>
	<source>
		<database>Unspecified</database>
	</source>
	<size>
		<width>500</width>
		<height>750</height>
		<depth>3</depth>
	</size>
	<object>
		<name>alcohol</name>
		<pose>Unspecified</pose>
		<truncated>0</truncated>
		<difficult>0</difficult>
		<bndbox>
			<xmin>138</xmin>
			<ymin>252</ymin>
			<xmax>202</xmax>
			<ymax>450</ymax>
		</bndbox>
	</object>
	<object>
		<name>alcohol</name>
		<pose>Unspecified</pose>
		<truncated>0</truncated>
		<difficult>0</difficult>
		<bndbox>
			<xmin>342</xmin>
			<ymin>324</ymin>
			<xmax>409</xmax>
			<ymax>529</ymax>
		</bndbox>
	</object>
</annotation>