<annotation>
	<folder>my-project-name</folder>
	<filename>pexels-photo-4880330.jpeg</filename>
	<path>/my-project-name/pexels-photo-4880330.jpeg</path>
	<source>
		<database>Unspecified</database>
	</source>
	<size>
		<width>500</width>
		<height>750</height>
		<depth>3</depth>
	</size>
	<object>
		<name>alcohol</name>
		<pose>Unspecified</pose>
		<truncated>0</truncated>
		<difficult>0</difficult>
		<bndbox>
			<xmin>31</xmin>
			<ymin>331</ymin>
			<xmax>176</xmax>
			<ymax>605</ymax>
		</bndbox>
	</object>
	<object>
		<name>alcohol</name>
		<pose>Unspecified</pose>
		<truncated>0</truncated>
		<difficult>0</difficult>
		<bndbox>
			<xmin>258</xmin>
			<ymin>315</ymin>
			<xmax>344</xmax>
			<ymax>533</ymax>
		</bndbox>
	</object>
</annotation>