<annotation>
	<folder>my-project-name</folder>
	<filename>pexels-photo-3379273.jpeg</filename>
	<path>/my-project-name/pexels-photo-3379273.jpeg</path>
	<source>
		<database>Unspecified</database>
	</source>
	<size>
		<width>500</width>
		<height>790</height>
		<depth>3</depth>
	</size>
	<object>
		<name>alcohol</name>
		<pose>Unspecified</pose>
		<truncated>0</truncated>
		<difficult>0</difficult>
		<bndbox>
			<xmin>85</xmin>
			<ymin>260</ymin>
			<xmax>297</xmax>
			<ymax>552</ymax>
		</bndbox>
	</object>
	<object>
		<name>alcohol</name>
		<pose>Unspecified</pose>
		<truncated>0</truncated>
		<difficult>0</difficult>
		<bndbox>
			<xmin>332</xmin>
			<ymin>241</ymin>
			<xmax>464</xmax>
			<ymax>505</ymax>
		</bndbox>
	</object>
	<object>
		<name>alcohol</name>
		<pose>Unspecified</pose>
		<truncated>0</truncated>
		<difficult>0</difficult>
		<bndbox>
			<xmin>173</xmin>
			<ymin>209</ymin>
			<xmax>316</xmax>
			<ymax>408</ymax>
		</bndbox>
	</object>
</annotation>