<annotation>
	<folder>my-project-name</folder>
	<filename>pexels-photo-6314338.jpeg</filename>
	<path>/my-project-name/pexels-photo-6314338.jpeg</path>
	<source>
		<database>Unspecified</database>
	</source>
	<size>
		<width>500</width>
		<height>750</height>
		<depth>3</depth>
	</size>
	<object>
		<name>alcohol</name>
		<pose>Unspecified</pose>
		<truncated>0</truncated>
		<difficult>0</difficult>
		<bndbox>
			<xmin>0</xmin>
			<ymin>291</ymin>
			<xmax>208</xmax>
			<ymax>407</ymax>
		</bndbox>
	</object>
	<object>
		<name>alcohol</name>
		<pose>Unspecified</pose>
		<truncated>0</truncated>
		<difficult>0</difficult>
		<bndbox>
			<xmin>152</xmin>
			<ymin>475</ymin>
			<xmax>296</xmax>
			<ymax>667</ymax>
		</bndbox>
	</object>
	<object>
		<name>alcohol</name>
		<pose>Unspecified</pose>
		<truncated>0</truncated>
		<difficult>0</difficult>
		<bndbox>
			<xmin>308</xmin>
			<ymin>463</ymin>
			<xmax>430</xmax>
			<ymax>623</ymax>
		</bndbox>
	</object>
</annotation>