<annotation>
	<folder>my-project-name</folder>
	<filename>pexels-photo-2995333.jpeg</filename>
	<path>/my-project-name/pexels-photo-2995333.jpeg</path>
	<source>
		<database>Unspecified</database>
	</source>
	<size>
		<width>500</width>
		<height>750</height>
		<depth>3</depth>
	</size>
	<object>
		<name>alcohol</name>
		<pose>Unspecified</pose>
		<truncated>0</truncated>
		<difficult>0</difficult>
		<bndbox>
			<xmin>88</xmin>
			<ymin>91</ymin>
			<xmax>500</xmax>
			<ymax>620</ymax>
		</bndbox>
	</object>
	<object>
		<name>alcohol</name>
		<pose>Unspecified</pose>
		<truncated>0</truncated>
		<difficult>0</difficult>
		<bndbox>
			<xmin>47</xmin>
			<ymin>83</ymin>
			<xmax>298</xmax>
			<ymax>611</ymax>
		</bndbox>
	</object>
	<object>
		<name>alcohol</name>
		<pose>Unspecified</pose>
		<truncated>0</truncated>
		<difficult>0</difficult>
		<bndbox>
			<xmin>304</xmin>
			<ymin>292</ymin>
			<xmax>500</xmax>
			<ymax>612</ymax>
		</bndbox>
	</object>
</annotation>