<annotation>
	<folder>my-project-name</folder>
	<filename>pexels-photo-5667611.jpeg</filename>
	<path>/my-project-name/pexels-photo-5667611.jpeg</path>
	<source>
		<database>Unspecified</database>
	</source>
	<size>
		<width>500</width>
		<height>750</height>
		<depth>3</depth>
	</size>
	<object>
		<name>alcohol</name>
		<pose>Unspecified</pose>
		<truncated>0</truncated>
		<difficult>0</difficult>
		<bndbox>
			<xmin>59</xmin>
			<ymin>360</ymin>
			<xmax>151</xmax>
			<ymax>589</ymax>
		</bndbox>
	</object>
	<object>
		<name>alcohol</name>
		<pose>Unspecified</pose>
		<truncated>0</truncated>
		<difficult>0</difficult>
		<bndbox>
			<xmin>199</xmin>
			<ymin>355</ymin>
			<xmax>281</xmax>
			<ymax>507</ymax>
		</bndbox>
	</object>
	<object>
		<name>alcohol</name>
		<pose>Unspecified</pose>
		<truncated>0</truncated>
		<difficult>0</difficult>
		<bndbox>
			<xmin>300</xmin>
			<ymin>246</ymin>
			<xmax>374</xmax>
			<ymax>526</ymax>
		</bndbox>
	</object>
</annotation>