<annotation>
	<folder>my-project-name</folder>
	<filename>pexels-photo-6224424.jpeg</filename>
	<path>/my-project-name/pexels-photo-6224424.jpeg</path>
	<source>
		<database>Unspecified</database>
	</source>
	<size>
		<width>500</width>
		<height>750</height>
		<depth>3</depth>
	</size>
	<object>
		<name>alcohol</name>
		<pose>Unspecified</pose>
		<truncated>0</truncated>
		<difficult>0</difficult>
		<bndbox>
			<xmin>200</xmin>
			<ymin>290</ymin>
			<xmax>322</xmax>
			<ymax>351</ymax>
		</bndbox>
	</object>
	<object>
		<name>alcohol</name>
		<pose>Unspecified</pose>
		<truncated>0</truncated>
		<difficult>0</difficult>
		<bndbox>
			<xmin>296</xmin>
			<ymin>327</ymin>
			<xmax>337</xmax>
			<ymax>438</ymax>
		</bndbox>
	</object>
	<object>
		<name>alcohol</name>
		<pose>Unspecified</pose>
		<truncated>0</truncated>
		<difficult>0</difficult>
		<bndbox>
			<xmin>247</xmin>
			<ymin>349</ymin>
			<xmax>282</xmax>
			<ymax>461</ymax>
		</bndbox>
	</object>
</annotation>