<annotation>
	<folder>my-project-name</folder>
	<filename>pexels-photo-3951670.jpeg</filename>
	<path>/my-project-name/pexels-photo-3951670.jpeg</path>
	<source>
		<database>Unspecified</database>
	</source>
	<size>
		<width>500</width>
		<height>749</height>
		<depth>3</depth>
	</size>
	<object>
		<name>alcohol</name>
		<pose>Unspecified</pose>
		<truncated>0</truncated>
		<difficult>0</difficult>
		<bndbox>
			<xmin>182</xmin>
			<ymin>327</ymin>
			<xmax>294</xmax>
			<ymax>630</ymax>
		</bndbox>
	</object>
	<object>
		<name>alcohol</name>
		<pose>Unspecified</pose>
		<truncated>0</truncated>
		<difficult>0</difficult>
		<bndbox>
			<xmin>227</xmin>
			<ymin>222</ymin>
			<xmax>375</xmax>
			<ymax>324</ymax>
		</bndbox>
	</object>
</annotation>