<annotation>
	<folder>my-project-name</folder>
	<filename>pexels-photo-16873275.jpeg</filename>
	<path>/my-project-name/pexels-photo-16873275.jpeg</path>
	<source>
		<database>Unspecified</database>
	</source>
	<size>
		<width>500</width>
		<height>754</height>
		<depth>3</depth>
	</size>
	<object>
		<name>alcohol</name>
		<pose>Unspecified</pose>
		<truncated>0</truncated>
		<difficult>0</difficult>
		<bndbox>
			<xmin>281</xmin>
			<ymin>359</ymin>
			<xmax>379</xmax>
			<ymax>467</ymax>
		</bndbox>
	</object>
	<object>
		<name>alcohol</name>
		<pose>Unspecified</pose>
		<truncated>0</truncated>
		<difficult>0</difficult>
		<bndbox>
			<xmin>190</xmin>
			<ymin>358</ymin>
			<xmax>292</xmax>
			<ymax>468</ymax>
		</bndbox>
	</object>
	<object>
		<name>alcohol</name>
		<pose>Unspecified</pose>
		<truncated>0</truncated>
		<difficult>0</difficult>
		<bndbox>
			<xmin>270</xmin>
			<ymin>331</ymin>
			<xmax>344</xmax>
			<ymax>497</ymax>
		</bndbox>
	</object>
</annotation>