<annotation>
	<folder>my-project-name</folder>
	<filename>pexels-photo-5911186.jpeg</filename>
	<path>/my-project-name/pexels-photo-5911186.jpeg</path>
	<source>
		<database>Unspecified</database>
	</source>
	<size>
		<width>500</width>
		<height>333</height>
		<depth>3</depth>
	</size>
	<object>
		<name>alcohol</name>
		<pose>Unspecified</pose>
		<truncated>0</truncated>
		<difficult>0</difficult>
		<bndbox>
			<xmin>15</xmin>
			<ymin>201</ymin>
			<xmax>73</xmax>
			<ymax>271</ymax>
		</bndbox>
	</object>
	<object>
		<name>alcohol</name>
		<pose>Unspecified</pose>
		<truncated>0</truncated>
		<difficult>0</difficult>
		<bndbox>
			<xmin>20</xmin>
			<ymin>241</ymin>
			<xmax>84</xmax>
			<ymax>333</ymax>
		</bndbox>
	</object>
</annotation>