<annotation>
	<folder>my-project-name</folder>
	<filename>pexels-photo-301692.jpeg</filename>
	<path>/my-project-name/pexels-photo-301692.jpeg</path>
	<source>
		<database>Unspecified</database>
	</source>
	<size>
		<width>500</width>
		<height>333</height>
		<depth>3</depth>
	</size>
	<object>
		<name>alcohol</name>
		<pose>Unspecified</pose>
		<truncated>0</truncated>
		<difficult>0</difficult>
		<bndbox>
			<xmin>295</xmin>
			<ymin>149</ymin>
			<xmax>500</xmax>
			<ymax>327</ymax>
		</bndbox>
	</object>
	<object>
		<name>alcohol</name>
		<pose>Unspecified</pose>
		<truncated>0</truncated>
		<difficult>0</difficult>
		<bndbox>
			<xmin>291</xmin>
			<ymin>0</ymin>
			<xmax>402</xmax>
			<ymax>101</ymax>
		</bndbox>
	</object>
	<object>
		<name>alcohol</name>
		<pose>Unspecified</pose>
		<truncated>0</truncated>
		<difficult>0</difficult>
		<bndbox>
			<xmin>395</xmin>
			<ymin>16</ymin>
			<xmax>500</xmax>
			<ymax>130</ymax>
		</bndbox>
	</object>
</annotation>