<annotation>
	<folder>my-project-name</folder>
	<filename>pexels-photo-2260281.jpeg</filename>
	<path>/my-project-name/pexels-photo-2260281.jpeg</path>
	<source>
		<database>Unspecified</database>
	</source>
	<size>
		<width>500</width>
		<height>333</height>
		<depth>3</depth>
	</size>
	<object>
		<name>alcohol</name>
		<pose>Unspecified</pose>
		<truncated>0</truncated>
		<difficult>0</difficult>
		<bndbox>
			<xmin>204</xmin>
			<ymin>79</ymin>
			<xmax>342</xmax>
			<ymax>296</ymax>
		</bndbox>
	</object>
	<object>
		<name>alcohol</name>
		<pose>Unspecified</pose>
		<truncated>0</truncated>
		<difficult>0</difficult>
		<bndbox>
			<xmin>125</xmin>
			<ymin>80</ymin>
			<xmax>230</xmax>
			<ymax>277</ymax>
		</bndbox>
	</object>
</annotation>