<annotation>
	<folder>my-project-name</folder>
	<filename>pexels-photo-4786627.jpeg</filename>
	<path>/my-project-name/pexels-photo-4786627.jpeg</path>
	<source>
		<database>Unspecified</database>
	</source>
	<size>
		<width>500</width>
		<height>750</height>
		<depth>3</depth>
	</size>
	<object>
		<name>alcohol</name>
		<pose>Unspecified</pose>
		<truncated>0</truncated>
		<difficult>0</difficult>
		<bndbox>
			<xmin>171</xmin>
			<ymin>415</ymin>
			<xmax>384</xmax>
			<ymax>697</ymax>
		</bndbox>
	</object>
	<object>
		<name>alcohol</name>
		<pose>Unspecified</pose>
		<truncated>0</truncated>
		<difficult>0</difficult>
		<bndbox>
			<xmin>314</xmin>
			<ymin>394</ymin>
			<xmax>496</xmax>
			<ymax>628</ymax>
		</bndbox>
	</object>
</annotation>