<annotation>
	<folder>my-project-name</folder>
	<filename>pexels-photo-1267151.jpeg</filename>
	<path>/my-project-name/pexels-photo-1267151.jpeg</path>
	<source>
		<database>Unspecified</database>
	</source>
	<size>
		<width>500</width>
		<height>333</height>
		<depth>3</depth>
	</size>
	<object>
		<name>alcohol</name>
		<pose>Unspecified</pose>
		<truncated>0</truncated>
		<difficult>0</difficult>
		<bndbox>
			<xmin>261</xmin>
			<ymin>103</ymin>
			<xmax>351</xmax>
			<ymax>278</ymax>
		</bndbox>
	</object>
	<object>
		<name>alcohol</name>
		<pose>Unspecified</pose>
		<truncated>0</truncated>
		<difficult>0</difficult>
		<bndbox>
			<xmin>135</xmin>
			<ymin>47</ymin>
			<xmax>237</xmax>
			<ymax>300</ymax>
		</bndbox>
	</object>
</annotation>