<annotation>
	<folder>my-project-name</folder>
	<filename>pexels-photo-4667152.jpeg</filename>
	<path>/my-project-name/pexels-photo-4667152.jpeg</path>
	<source>
		<database>Unspecified</database>
	</source>
	<size>
		<width>500</width>
		<height>750</height>
		<depth>3</depth>
	</size>
	<object>
		<name>alcohol</name>
		<pose>Unspecified</pose>
		<truncated>0</truncated>
		<difficult>0</difficult>
		<bndbox>
			<xmin>253</xmin>
			<ymin>352</ymin>
			<xmax>397</xmax>
			<ymax>666</ymax>
		</bndbox>
	</object>
	<object>
		<name>alcohol</name>
		<pose>Unspecified</pose>
		<truncated>0</truncated>
		<difficult>0</difficult>
		<bndbox>
			<xmin>53</xmin>
			<ymin>316</ymin>
			<xmax>206</xmax>
			<ymax>647</ymax>
		</bndbox>
	</object>
</annotation>