<annotation>
	<folder>my-project-name</folder>
	<filename>pexels-photo-5028392.jpeg</filename>
	<path>/my-project-name/pexels-photo-5028392.jpeg</path>
	<source>
		<database>Unspecified</database>
	</source>
	<size>
		<width>500</width>
		<height>750</height>
		<depth>3</depth>
	</size>
	<object>
		<name>alcohol</name>
		<pose>Unspecified</pose>
		<truncated>0</truncated>
		<difficult>0</difficult>
		<bndbox>
			<xmin>229</xmin>
			<ymin>225</ymin>
			<xmax>357</xmax>
			<ymax>450</ymax>
		</bndbox>
	</object>
	<object>
		<name>alcohol</name>
		<pose>Unspecified</pose>
		<truncated>0</truncated>
		<difficult>0</difficult>
		<bndbox>
			<xmin>257</xmin>
			<ymin>438</ymin>
			<xmax>397</xmax>
			<ymax>634</ymax>
		</bndbox>
	</object>
</annotation>