<annotation>
	<folder>my-project-name</folder>
	<filename>pexels-photo-1478385.jpeg</filename>
	<path>/my-project-name/pexels-photo-1478385.jpeg</path>
	<source>
		<database>Unspecified</database>
	</source>
	<size>
		<width>500</width>
		<height>331</height>
		<depth>3</depth>
	</size>
	<object>
		<name>alcohol</name>
		<pose>Unspecified</pose>
		<truncated>0</truncated>
		<difficult>0</difficult>
		<bndbox>
			<xmin>214</xmin>
			<ymin>28</ymin>
			<xmax>290</xmax>
			<ymax>297</ymax>
		</bndbox>
	</object>
	<object>
		<name>alcohol</name>
		<pose>Unspecified</pose>
		<truncated>0</truncated>
		<difficult>0</difficult>
		<bndbox>
			<xmin>3</xmin>
			<ymin>60</ymin>
			<xmax>99</xmax>
			<ymax>250</ymax>
		</bndbox>
	</object>
</annotation>