<annotation>
	<folder>my-project-name</folder>
	<filename>pexels-photo-2308939.jpeg</filename>
	<path>/my-project-name/pexels-photo-2308939.jpeg</path>
	<source>
		<database>Unspecified</database>
	</source>
	<size>
		<width>500</width>
		<height>776</height>
		<depth>3</depth>
	</size>
	<object>
		<name>alcohol</name>
		<pose>Unspecified</pose>
		<truncated>0</truncated>
		<difficult>0</difficult>
		<bndbox>
			<xmin>97</xmin>
			<ymin>341</ymin>
			<xmax>253</xmax>
			<ymax>625</ymax>
		</bndbox>
	</object>
	<object>
		<name>alcohol</name>
		<pose>Unspecified</pose>
		<truncated>0</truncated>
		<difficult>0</difficult>
		<bndbox>
			<xmin>217</xmin>
			<ymin>46</ymin>
			<xmax>362</xmax>
			<ymax>578</ymax>
		</bndbox>
	</object>
</annotation>