<annotation>
	<folder>my-project-name</folder>
	<filename>pexels-photo-4874524.jpeg</filename>
	<path>/my-project-name/pexels-photo-4874524.jpeg</path>
	<source>
		<database>Unspecified</database>
	</source>
	<size>
		<width>500</width>
		<height>750</height>
		<depth>3</depth>
	</size>
	<object>
		<name>alcohol</name>
		<pose>Unspecified</pose>
		<truncated>0</truncated>
		<difficult>0</difficult>
		<bndbox>
			<xmin>260</xmin>
			<ymin>278</ymin>
			<xmax>363</xmax>
			<ymax>421</ymax>
		</bndbox>
	</object>
	<object>
		<name>alcohol</name>
		<pose>Unspecified</pose>
		<truncated>0</truncated>
		<difficult>0</difficult>
		<bndbox>
			<xmin>220</xmin>
			<ymin>347</ymin>
			<xmax>306</xmax>
			<ymax>474</ymax>
		</bndbox>
	</object>
	<object>
		<name>alcohol</name>
		<pose>Unspecified</pose>
		<truncated>0</truncated>
		<difficult>0</difficult>
		<bndbox>
			<xmin>156</xmin>
			<ymin>252</ymin>
			<xmax>257</xmax>
			<ymax>385</ymax>
		</bndbox>
	</object>
</annotation>