<annotation>
	<folder>my-project-name</folder>
	<filename>pexels-photo-1089930.jpeg</filename>
	<path>/my-project-name/pexels-photo-1089930.jpeg</path>
	<source>
		<database>Unspecified</database>
	</source>
	<size>
		<width>500</width>
		<height>750</height>
		<depth>3</depth>
	</size>
	<object>
		<name>alcohol</name>
		<pose>Unspecified</pose>
		<truncated>0</truncated>
		<difficult>0</difficult>
		<bndbox>
			<xmin>261</xmin>
			<ymin>132</ymin>
			<xmax>455</xmax>
			<ymax>490</ymax>
		</bndbox>
	</object>
	<object>
		<name>alcohol</name>
		<pose>Unspecified</pose>
		<truncated>0</truncated>
		<difficult>0</difficult>
		<bndbox>
			<xmin>64</xmin>
			<ymin>150</ymin>
			<xmax>256</xmax>
			<ymax>498</ymax>
		</bndbox>
	</object>
</annotation>