<annotation>
	<folder>my-project-name</folder>
	<filename>pexels-photo-3402697.jpeg</filename>
	<path>/my-project-name/pexels-photo-3402697.jpeg</path>
	<source>
		<database>Unspecified</database>
	</source>
	<size>
		<width>500</width>
		<height>749</height>
		<depth>3</depth>
	</size>
	<object>
		<name>alcohol</name>
		<pose>Unspecified</pose>
		<truncated>0</truncated>
		<difficult>0</difficult>
		<bndbox>
			<xmin>19</xmin>
			<ymin>233</ymin>
			<xmax>178</xmax>
			<ymax>473</ymax>
		</bndbox>
	</object>
	<object>
		<name>alcohol</name>
		<pose>Unspecified</pose>
		<truncated>0</truncated>
		<difficult>0</difficult>
		<bndbox>
			<xmin>156</xmin>
			<ymin>277</ymin>
			<xmax>321</xmax>
			<ymax>525</ymax>
		</bndbox>
	</object>
	<object>
		<name>alcohol</name>
		<pose>Unspecified</pose>
		<truncated>0</truncated>
		<difficult>0</difficult>
		<bndbox>
			<xmin>265</xmin>
			<ymin>349</ymin>
			<xmax>443</xmax>
			<ymax>617</ymax>
		</bndbox>
	</object>
</annotation>