<annotation>
	<folder>my-project-name</folder>
	<filename>pexels-photo-6605311.jpeg</filename>
	<path>/my-project-name/pexels-photo-6605311.jpeg</path>
	<source>
		<database>Unspecified</database>
	</source>
	<size>
		<width>500</width>
		<height>750</height>
		<depth>3</depth>
	</size>
	<object>
		<name>alcohol</name>
		<pose>Unspecified</pose>
		<truncated>0</truncated>
		<difficult>0</difficult>
		<bndbox>
			<xmin>206</xmin>
			<ymin>382</ymin>
			<xmax>388</xmax>
			<ymax>621</ymax>
		</bndbox>
	</object>
	<object>
		<name>alcohol</name>
		<pose>Unspecified</pose>
		<truncated>0</truncated>
		<difficult>0</difficult>
		<bndbox>
			<xmin>66</xmin>
			<ymin>294</ymin>
			<xmax>232</xmax>
			<ymax>520</ymax>
		</bndbox>
	</object>
	<object>
		<name>alcohol</name>
		<pose>Unspecified</pose>
		<truncated>0</truncated>
		<difficult>0</difficult>
		<bndbox>
			<xmin>293</xmin>
			<ymin>169</ymin>
			<xmax>500</xmax>
			<ymax>359</ymax>
		</bndbox>
	</object>
</annotation>