<annotation>
	<folder>my-project-name</folder>
	<filename>pexels-photo-10220128.jpeg</filename>
	<path>/my-project-name/pexels-photo-10220128.jpeg</path>
	<source>
		<database>Unspecified</database>
	</source>
	<size>
		<width>500</width>
		<height>750</height>
		<depth>3</depth>
	</size>
	<object>
		<name>alcohol</name>
		<pose>Unspecified</pose>
		<truncated>0</truncated>
		<difficult>0</difficult>
		<bndbox>
			<xmin>268</xmin>
			<ymin>285</ymin>
			<xmax>358</xmax>
			<ymax>493</ymax>
		</bndbox>
	</object>
	<object>
		<name>alcohol</name>
		<pose>Unspecified</pose>
		<truncated>0</truncated>
		<difficult>0</difficult>
		<bndbox>
			<xmin>344</xmin>
			<ymin>255</ymin>
			<xmax>425</xmax>
			<ymax>452</ymax>
		</bndbox>
	</object>
</annotation>