<annotation>
	<folder>my-project-name</folder>
	<filename>pexels-photo-5947109.jpeg</filename>
	<path>/my-project-name/pexels-photo-5947109.jpeg</path>
	<source>
		<database>Unspecified</database>
	</source>
	<size>
		<width>500</width>
		<height>750</height>
		<depth>3</depth>
	</size>
	<object>
		<name>alcohol</name>
		<pose>Unspecified</pose>
		<truncated>0</truncated>
		<difficult>0</difficult>
		<bndbox>
			<xmin>125</xmin>
			<ymin>191</ymin>
			<xmax>500</xmax>
			<ymax>633</ymax>
		</bndbox>
	</object>
	<object>
		<name>alcohol</name>
		<pose>Unspecified</pose>
		<truncated>0</truncated>
		<difficult>0</difficult>
		<bndbox>
			<xmin>0</xmin>
			<ymin>0</ymin>
			<xmax>309</xmax>
			<ymax>220</ymax>
		</bndbox>
	</object>
</annotation>