<annotation>
	<folder>my-project-name</folder>
	<filename>pexels-photo-1267693.jpeg</filename>
	<path>/my-project-name/pexels-photo-1267693.jpeg</path>
	<source>
		<database>Unspecified</database>
	</source>
	<size>
		<width>500</width>
		<height>750</height>
		<depth>3</depth>
	</size>
	<object>
		<name>alcohol</name>
		<pose>Unspecified</pose>
		<truncated>0</truncated>
		<difficult>0</difficult>
		<bndbox>
			<xmin>148</xmin>
			<ymin>335</ymin>
			<xmax>185</xmax>
			<ymax>404</ymax>
		</bndbox>
	</object>
	<object>
		<name>alcohol</name>
		<pose>Unspecified</pose>
		<truncated>0</truncated>
		<difficult>0</difficult>
		<bndbox>
			<xmin>267</xmin>
			<ymin>325</ymin>
			<xmax>317</xmax>
			<ymax>403</ymax>
		</bndbox>
	</object>
</annotation>