<annotation>
	<folder>my-project-name</folder>
	<filename>pexels-photo-1269044.jpeg</filename>
	<path>/my-project-name/pexels-photo-1269044.jpeg</path>
	<source>
		<database>Unspecified</database>
	</source>
	<size>
		<width>500</width>
		<height>749</height>
		<depth>3</depth>
	</size>
	<object>
		<name>alcohol</name>
		<pose>Unspecified</pose>
		<truncated>0</truncated>
		<difficult>0</difficult>
		<bndbox>
			<xmin>143</xmin>
			<ymin>347</ymin>
			<xmax>284</xmax>
			<ymax>583</ymax>
		</bndbox>
	</object>
	<object>
		<name>alcohol</name>
		<pose>Unspecified</pose>
		<truncated>0</truncated>
		<difficult>0</difficult>
		<bndbox>
			<xmin>230</xmin>
			<ymin>214</ymin>
			<xmax>374</xmax>
			<ymax>457</ymax>
		</bndbox>
	</object>
</annotation>