<annotation>
	<folder>my-project-name</folder>
	<filename>pexels-photo-4819645.jpeg</filename>
	<path>/my-project-name/pexels-photo-4819645.jpeg</path>
	<source>
		<database>Unspecified</database>
	</source>
	<size>
		<width>500</width>
		<height>750</height>
		<depth>3</depth>
	</size>
	<object>
		<name>alcohol</name>
		<pose>Unspecified</pose>
		<truncated>0</truncated>
		<difficult>0</difficult>
		<bndbox>
			<xmin>268</xmin>
			<ymin>294</ymin>
			<xmax>364</xmax>
			<ymax>454</ymax>
		</bndbox>
	</object>
	<object>
		<name>alcohol</name>
		<pose>Unspecified</pose>
		<truncated>0</truncated>
		<difficult>0</difficult>
		<bndbox>
			<xmin>166</xmin>
			<ymin>298</ymin>
			<xmax>267</xmax>
			<ymax>435</ymax>
		</bndbox>
	</object>
</annotation>