<annotation>
	<folder>my-project-name</folder>
	<filename>pexels-photo-6542761.jpeg</filename>
	<path>/my-project-name/pexels-photo-6542761.jpeg</path>
	<source>
		<database>Unspecified</database>
	</source>
	<size>
		<width>500</width>
		<height>670</height>
		<depth>3</depth>
	</size>
	<object>
		<name>alcohol</name>
		<pose>Unspecified</pose>
		<truncated>0</truncated>
		<difficult>0</difficult>
		<bndbox>
			<xmin>171</xmin>
			<ymin>311</ymin>
			<xmax>305</xmax>
			<ymax>557</ymax>
		</bndbox>
	</object>
	<object>
		<name>alcohol</name>
		<pose>Unspecified</pose>
		<truncated>0</truncated>
		<difficult>0</difficult>
		<bndbox>
			<xmin>355</xmin>
			<ymin>271</ymin>
			<xmax>462</xmax>
			<ymax>494</ymax>
		</bndbox>
	</object>
</annotation>