<annotation>
	<folder>my-project-name</folder>
	<filename>pexels-photo-6474916.jpeg</filename>
	<path>/my-project-name/pexels-photo-6474916.jpeg</path>
	<source>
		<database>Unspecified</database>
	</source>
	<size>
		<width>500</width>
		<height>750</height>
		<depth>3</depth>
	</size>
	<object>
		<name>alcohol</name>
		<pose>Unspecified</pose>
		<truncated>0</truncated>
		<difficult>0</difficult>
		<bndbox>
			<xmin>47</xmin>
			<ymin>342</ymin>
			<xmax>98</xmax>
			<ymax>471</ymax>
		</bndbox>
	</object>
	<object>
		<name>alcohol</name>
		<pose>Unspecified</pose>
		<truncated>0</truncated>
		<difficult>0</difficult>
		<bndbox>
			<xmin>176</xmin>
			<ymin>420</ymin>
			<xmax>222</xmax>
			<ymax>557</ymax>
		</bndbox>
	</object>
</annotation>