<annotation>
	<folder>my-project-name</folder>
	<filename>pexels-photo-2347110.jpeg</filename>
	<path>/my-project-name/pexels-photo-2347110.jpeg</path>
	<source>
		<database>Unspecified</database>
	</source>
	<size>
		<width>500</width>
		<height>667</height>
		<depth>3</depth>
	</size>
	<object>
		<name>alcohol</name>
		<pose>Unspecified</pose>
		<truncated>0</truncated>
		<difficult>0</difficult>
		<bndbox>
			<xmin>256</xmin>
			<ymin>276</ymin>
			<xmax>423</xmax>
			<ymax>612</ymax>
		</bndbox>
	</object>
	<object>
		<name>alcohol</name>
		<pose>Unspecified</pose>
		<truncated>0</truncated>
		<difficult>0</difficult>
		<bndbox>
			<xmin>56</xmin>
			<ymin>275</ymin>
			<xmax>224</xmax>
			<ymax>626</ymax>
		</bndbox>
	</object>
</annotation>