<annotation>
	<folder>my-project-name</folder>
	<filename>pexels-photo-10508441.jpeg</filename>
	<path>/my-project-name/pexels-photo-10508441.jpeg</path>
	<source>
		<database>Unspecified</database>
	</source>
	<size>
		<width>500</width>
		<height>750</height>
		<depth>3</depth>
	</size>
	<object>
		<name>alcohol</name>
		<pose>Unspecified</pose>
		<truncated>0</truncated>
		<difficult>0</difficult>
		<bndbox>
			<xmin>65</xmin>
			<ymin>239</ymin>
			<xmax>160</xmax>
			<ymax>425</ymax>
		</bndbox>
	</object>
	<object>
		<name>alcohol</name>
		<pose>Unspecified</pose>
		<truncated>0</truncated>
		<difficult>0</difficult>
		<bndbox>
			<xmin>245</xmin>
			<ymin>269</ymin>
			<xmax>327</xmax>
			<ymax>425</ymax>
		</bndbox>
	</object>
	<object>
		<name>alcohol</name>
		<pose>Unspecified</pose>
		<truncated>0</truncated>
		<difficult>0</difficult>
		<bndbox>
			<xmin>97</xmin>
			<ymin>112</ymin>
			<xmax>344</xmax>
			<ymax>236</ymax>
		</bndbox>
	</object>
</annotation>