<annotation>
	<folder>my-project-name</folder>
	<filename>pexels-photo-3394310.jpeg</filename>
	<path>/my-project-name/pexels-photo-3394310.jpeg</path>
	<source>
		<database>Unspecified</database>
	</source>
	<size>
		<width>500</width>
		<height>358</height>
		<depth>3</depth>
	</size>
	<object>
		<name>alcohol</name>
		<pose>Unspecified</pose>
		<truncated>0</truncated>
		<difficult>0</difficult>
		<bndbox>
			<xmin>348</xmin>
			<ymin>116</ymin>
			<xmax>427</xmax>
			<ymax>233</ymax>
		</bndbox>
	</object>
	<object>
		<name>alcohol</name>
		<pose>Unspecified</pose>
		<truncated>0</truncated>
		<difficult>0</difficult>
		<bndbox>
			<xmin>213</xmin>
			<ymin>135</ymin>
			<xmax>297</xmax>
			<ymax>255</ymax>
		</bndbox>
	</object>
	<object>
		<name>alcohol</name>
		<pose>Unspecified</pose>
		<truncated>0</truncated>
		<difficult>0</difficult>
		<bndbox>
			<xmin>250</xmin>
			<ymin>82</ymin>
			<xmax>322</xmax>
			<ymax>186</ymax>
		</bndbox>
	</object>
</annotation>