<annotation>
	<folder>my-project-name</folder>
	<filename>pexels-photo-3788425.jpeg</filename>
	<path>/my-project-name/pexels-photo-3788425.jpeg</path>
	<source>
		<database>Unspecified</database>
	</source>
	<size>
		<width>500</width>
		<height>657</height>
		<depth>3</depth>
	</size>
	<object>
		<name>alcohol</name>
		<pose>Unspecified</pose>
		<truncated>0</truncated>
		<difficult>0</difficult>
		<bndbox>
			<xmin>246</xmin>
			<ymin>271</ymin>
			<xmax>428</xmax>
			<ymax>481</ymax>
		</bndbox>
	</object>
	<object>
		<name>alcohol</name>
		<pose>Unspecified</pose>
		<truncated>0</truncated>
		<difficult>0</difficult>
		<bndbox>
			<xmin>153</xmin>
			<ymin>0</ymin>
			<xmax>410</xmax>
			<ymax>272</ymax>
		</bndbox>
	</object>
</annotation>