<annotation>
	<folder>my-project-name</folder>
	<filename>pexels-photo-613182.jpeg</filename>
	<path>/my-project-name/pexels-photo-613182.jpeg</path>
	<source>
		<database>Unspecified</database>
	</source>
	<size>
		<width>500</width>
		<height>334</height>
		<depth>3</depth>
	</size>
	<object>
		<name>alcohol</name>
		<pose>Unspecified</pose>
		<truncated>0</truncated>
		<difficult>0</difficult>
		<bndbox>
			<xmin>227</xmin>
			<ymin>12</ymin>
			<xmax>316</xmax>
			<ymax>305</ymax>
		</bndbox>
	</object>
	<object>
		<name>alcohol</name>
		<pose>Unspecified</pose>
		<truncated>0</truncated>
		<difficult>0</difficult>
		<bndbox>
			<xmin>188</xmin>
			<ymin>33</ymin>
			<xmax>248</xmax>
			<ymax>280</ymax>
		</bndbox>
	</object>
	<object>
		<name>alcohol</name>
		<pose>Unspecified</pose>
		<truncated>0</truncated>
		<difficult>0</difficult>
		<bndbox>
			<xmin>309</xmin>
			<ymin>37</ymin>
			<xmax>378</xmax>
			<ymax>276</ymax>
		</bndbox>
	</object>
</annotation>