<annotation>
	<folder>my-project-name</folder>
	<filename>pexels-photo-3417441.jpeg</filename>
	<path>/my-project-name/pexels-photo-3417441.jpeg</path>
	<source>
		<database>Unspecified</database>
	</source>
	<size>
		<width>500</width>
		<height>667</height>
		<depth>3</depth>
	</size>
	<object>
		<name>alcohol</name>
		<pose>Unspecified</pose>
		<truncated>0</truncated>
		<difficult>0</difficult>
		<bndbox>
			<xmin>140</xmin>
			<ymin>129</ymin>
			<xmax>330</xmax>
			<ymax>353</ymax>
		</bndbox>
	</object>
</annotation>