<annotation>
	<folder>my-project-name</folder>
	<filename>pexels-photo-5947113.jpeg</filename>
	<path>/my-project-name/pexels-photo-5947113.jpeg</path>
	<source>
		<database>Unspecified</database>
	</source>
	<size>
		<width>500</width>
		<height>750</height>
		<depth>3</depth>
	</size>
	<object>
		<name>alcohol</name>
		<pose>Unspecified</pose>
		<truncated>0</truncated>
		<difficult>0</difficult>
		<bndbox>
			<xmin>102</xmin>
			<ymin>358</ymin>
			<xmax>408</xmax>
			<ymax>722</ymax>
		</bndbox>
	</object>
	<object>
		<name>alcohol</name>
		<pose>Unspecified</pose>
		<truncated>0</truncated>
		<difficult>0</difficult>
		<bndbox>
			<xmin>179</xmin>
			<ymin>63</ymin>
			<xmax>500</xmax>
			<ymax>352</ymax>
		</bndbox>
	</object>
</annotation>