<annotation>
	<folder>my-project-name</folder>
	<filename>pexels-photo-5935203.jpeg</filename>
	<path>/my-project-name/pexels-photo-5935203.jpeg</path>
	<source>
		<database>Unspecified</database>
	</source>
	<size>
		<width>500</width>
		<height>333</height>
		<depth>3</depth>
	</size>
	<object>
		<name>alcohol</name>
		<pose>Unspecified</pose>
		<truncated>0</truncated>
		<difficult>0</difficult>
		<bndbox>
			<xmin>166</xmin>
			<ymin>116</ymin>
			<xmax>190</xmax>
			<ymax>197</ymax>
		</bndbox>
	</object>
	<object>
		<name>alcohol</name>
		<pose>Unspecified</pose>
		<truncated>0</truncated>
		<difficult>0</difficult>
		<bndbox>
			<xmin>183</xmin>
			<ymin>110</ymin>
			<xmax>207</xmax>
			<ymax>193</ymax>
		</bndbox>
	</object>
	<object>
		<name>alcohol</name>
		<pose>Unspecified</pose>
		<truncated>0</truncated>
		<difficult>0</difficult>
		<bndbox>
			<xmin>207</xmin>
			<ymin>121</ymin>
			<xmax>228</xmax>
			<ymax>198</ymax>
		</bndbox>
	</object>
</annotation>