<annotation>
	<folder>my-project-name</folder>
	<filename>pexels-photo-5530170.jpeg</filename>
	<path>/my-project-name/pexels-photo-5530170.jpeg</path>
	<source>
		<database>Unspecified</database>
	</source>
	<size>
		<width>500</width>
		<height>333</height>
		<depth>3</depth>
	</size>
	<object>
		<name>alcohol</name>
		<pose>Unspecified</pose>
		<truncated>0</truncated>
		<difficult>0</difficult>
		<bndbox>
			<xmin>222</xmin>
			<ymin>128</ymin>
			<xmax>254</xmax>
			<ymax>181</ymax>
		</bndbox>
	</object>
	<object>
		<name>alcohol</name>
		<pose>Unspecified</pose>
		<truncated>0</truncated>
		<difficult>0</difficult>
		<bndbox>
			<xmin>251</xmin>
			<ymin>136</ymin>
			<xmax>281</xmax>
			<ymax>189</ymax>
		</bndbox>
	</object>
</annotation>