<annotation>
	<folder>my-project-name</folder>
	<filename>pexels-photo-1534824.jpeg</filename>
	<path>/my-project-name/pexels-photo-1534824.jpeg</path>
	<source>
		<database>Unspecified</database>
	</source>
	<size>
		<width>500</width>
		<height>750</height>
		<depth>3</depth>
	</size>
	<object>
		<name>alcohol</name>
		<pose>Unspecified</pose>
		<truncated>0</truncated>
		<difficult>0</difficult>
		<bndbox>
			<xmin>193</xmin>
			<ymin>546</ymin>
			<xmax>366</xmax>
			<ymax>690</ymax>
		</bndbox>
	</object>
	<object>
		<name>alcohol</name>
		<pose>Unspecified</pose>
		<truncated>0</truncated>
		<difficult>0</difficult>
		<bndbox>
			<xmin>42</xmin>
			<ymin>512</ymin>
			<xmax>171</xmax>
			<ymax>675</ymax>
		</bndbox>
	</object>
	<object>
		<name>alcohol</name>
		<pose>Unspecified</pose>
		<truncated>0</truncated>
		<difficult>0</difficult>
		<bndbox>
			<xmin>124</xmin>
			<ymin>207</ymin>
			<xmax>244</xmax>
			<ymax>658</ymax>
		</bndbox>
	</object>
</annotation>