<annotation>
	<folder>my-project-name</folder>
	<filename>pexels-photo-206527.jpeg</filename>
	<path>/my-project-name/pexels-photo-206527.jpeg</path>
	<source>
		<database>Unspecified</database>
	</source>
	<size>
		<width>500</width>
		<height>281</height>
		<depth>3</depth>
	</size>
	<object>
		<name>alcohol</name>
		<pose>Unspecified</pose>
		<truncated>0</truncated>
		<difficult>0</difficult>
		<bndbox>
			<xmin>199</xmin>
			<ymin>118</ymin>
			<xmax>230</xmax>
			<ymax>168</ymax>
		</bndbox>
	</object>
	<object>
		<name>knife</name>
		<pose>Unspecified</pose>
		<truncated>0</truncated>
		<difficult>0</difficult>
		<bndbox>
			<xmin>114</xmin>
			<ymin>113</ymin>
			<xmax>132</xmax>
			<ymax>141</ymax>
		</bndbox>
	</object>
	<object>
		<name>knife</name>
		<pose>Unspecified</pose>
		<truncated>0</truncated>
		<difficult>0</difficult>
		<bndbox>
			<xmin>101</xmin>
			<ymin>103</ymin>
			<xmax>119</xmax>
			<ymax>139</ymax>
		</bndbox>
	</object>
</annotation>