<annotation>
	<folder>my-project-name</folder>
	<filename>pexels-photo-3394229.jpeg</filename>
	<path>/my-project-name/pexels-photo-3394229.jpeg</path>
	<source>
		<database>Unspecified</database>
	</source>
	<size>
		<width>500</width>
		<height>332</height>
		<depth>3</depth>
	</size>
	<object>
		<name>alcohol</name>
		<pose>Unspecified</pose>
		<truncated>0</truncated>
		<difficult>0</difficult>
		<bndbox>
			<xmin>188</xmin>
			<ymin>196</ymin>
			<xmax>218</xmax>
			<ymax>240</ymax>
		</bndbox>
	</object>
	<object>
		<name>alcohol</name>
		<pose>Unspecified</pose>
		<truncated>0</truncated>
		<difficult>0</difficult>
		<bndbox>
			<xmin>218</xmin>
			<ymin>192</ymin>
			<xmax>247</xmax>
			<ymax>238</ymax>
		</bndbox>
	</object>
	<object>
		<name>alcohol</name>
		<pose>Unspecified</pose>
		<truncated>0</truncated>
		<difficult>0</difficult>
		<bndbox>
			<xmin>247</xmin>
			<ymin>198</ymin>
			<xmax>281</xmax>
			<ymax>242</ymax>
		</bndbox>
	</object>
</annotation>