<annotation>
	<folder>my-project-name</folder>
	<filename>pexels-photo-2702805.jpeg</filename>
	<path>/my-project-name/pexels-photo-2702805.jpeg</path>
	<source>
		<database>Unspecified</database>
	</source>
	<size>
		<width>500</width>
		<height>621</height>
		<depth>3</depth>
	</size>
	<object>
		<name>alcohol</name>
		<pose>Unspecified</pose>
		<truncated>0</truncated>
		<difficult>0</difficult>
		<bndbox>
			<xmin>220</xmin>
			<ymin>180</ymin>
			<xmax>448</xmax>
			<ymax>621</ymax>
		</bndbox>
	</object>
	<object>
		<name>alcohol</name>
		<pose>Unspecified</pose>
		<truncated>0</truncated>
		<difficult>0</difficult>
		<bndbox>
			<xmin>72</xmin>
			<ymin>164</ymin>
			<xmax>289</xmax>
			<ymax>621</ymax>
		</bndbox>
	</object>
</annotation>