<annotation>
	<folder>my-project-name</folder>
	<filename>pexels-photo-18079115.jpeg</filename>
	<path>/my-project-name/pexels-photo-18079115.jpeg</path>
	<source>
		<database>Unspecified</database>
	</source>
	<size>
		<width>500</width>
		<height>750</height>
		<depth>3</depth>
	</size>
	<object>
		<name>alcohol</name>
		<pose>Unspecified</pose>
		<truncated>0</truncated>
		<difficult>0</difficult>
		<bndbox>
			<xmin>88</xmin>
			<ymin>269</ymin>
			<xmax>239</xmax>
			<ymax>397</ymax>
		</bndbox>
	</object>
	<object>
		<name>bad fingers</name>
		<pose>Unspecified</pose>
		<truncated>0</truncated>
		<difficult>0</difficult>
		<bndbox>
			<xmin>346</xmin>
			<ymin>298</ymin>
			<xmax>470</xmax>
			<ymax>505</ymax>
		</bndbox>
	</object>
</annotation>