<annotation>
	<folder>my-project-name</folder>
	<filename>pexels-photo-5238425.jpeg</filename>
	<path>/my-project-name/pexels-photo-5238425.jpeg</path>
	<source>
		<database>Unspecified</database>
	</source>
	<size>
		<width>500</width>
		<height>334</height>
		<depth>3</depth>
	</size>
	<object>
		<name>alcohol</name>
		<pose>Unspecified</pose>
		<truncated>0</truncated>
		<difficult>0</difficult>
		<bndbox>
			<xmin>105</xmin>
			<ymin>117</ymin>
			<xmax>282</xmax>
			<ymax>185</ymax>
		</bndbox>
	</object>
	<object>
		<name>alcohol</name>
		<pose>Unspecified</pose>
		<truncated>0</truncated>
		<difficult>0</difficult>
		<bndbox>
			<xmin>250</xmin>
			<ymin>155</ymin>
			<xmax>369</xmax>
			<ymax>296</ymax>
		</bndbox>
	</object>
</annotation>