<annotation>
	<folder>my-project-name</folder>
	<filename>pexels-photo-5935207.jpeg</filename>
	<path>/my-project-name/pexels-photo-5935207.jpeg</path>
	<source>
		<database>Unspecified</database>
	</source>
	<size>
		<width>500</width>
		<height>333</height>
		<depth>3</depth>
	</size>
	<object>
		<name>alcohol</name>
		<pose>Unspecified</pose>
		<truncated>0</truncated>
		<difficult>0</difficult>
		<bndbox>
			<xmin>191</xmin>
			<ymin>163</ymin>
			<xmax>208</xmax>
			<ymax>211</ymax>
		</bndbox>
	</object>
	<object>
		<name>alcohol</name>
		<pose>Unspecified</pose>
		<truncated>0</truncated>
		<difficult>0</difficult>
		<bndbox>
			<xmin>157</xmin>
			<ymin>254</ymin>
			<xmax>186</xmax>
			<ymax>305</ymax>
		</bndbox>
	</object>
	<object>
		<name>alcohol</name>
		<pose>Unspecified</pose>
		<truncated>0</truncated>
		<difficult>0</difficult>
		<bndbox>
			<xmin>411</xmin>
			<ymin>7</ymin>
			<xmax>442</xmax>
			<ymax>77</ymax>
		</bndbox>
	</object>
</annotation>