<annotation>
	<folder>my-project-name</folder>
	<filename>pexels-photo-6858627.jpeg</filename>
	<path>/my-project-name/pexels-photo-6858627.jpeg</path>
	<source>
		<database>Unspecified</database>
	</source>
	<size>
		<width>500</width>
		<height>608</height>
		<depth>3</depth>
	</size>
	<object>
		<name>alcohol</name>
		<pose>Unspecified</pose>
		<truncated>0</truncated>
		<difficult>0</difficult>
		<bndbox>
			<xmin>57</xmin>
			<ymin>243</ymin>
			<xmax>139</xmax>
			<ymax>421</ymax>
		</bndbox>
	</object>
	<object>
		<name>alcohol</name>
		<pose>Unspecified</pose>
		<truncated>0</truncated>
		<difficult>0</difficult>
		<bndbox>
			<xmin>157</xmin>
			<ymin>222</ymin>
			<xmax>235</xmax>
			<ymax>387</ymax>
		</bndbox>
	</object>
</annotation>