<annotation>
	<folder>my-project-name</folder>
	<filename>pexels-photo-5378985.jpeg</filename>
	<path>/my-project-name/pexels-photo-5378985.jpeg</path>
	<source>
		<database>Unspecified</database>
	</source>
	<size>
		<width>500</width>
		<height>333</height>
		<depth>3</depth>
	</size>
	<object>
		<name>alcohol</name>
		<pose>Unspecified</pose>
		<truncated>0</truncated>
		<difficult>0</difficult>
		<bndbox>
			<xmin>23</xmin>
			<ymin>121</ymin>
			<xmax>89</xmax>
			<ymax>213</ymax>
		</bndbox>
	</object>
	<object>
		<name>alcohol</name>
		<pose>Unspecified</pose>
		<truncated>0</truncated>
		<difficult>0</difficult>
		<bndbox>
			<xmin>146</xmin>
			<ymin>6</ymin>
			<xmax>185</xmax>
			<ymax>106</ymax>
		</bndbox>
	</object>
</annotation>