<annotation>
	<folder>my-project-name</folder>
	<filename>pexels-photo-6718570.jpeg</filename>
	<path>/my-project-name/pexels-photo-6718570.jpeg</path>
	<source>
		<database>Unspecified</database>
	</source>
	<size>
		<width>500</width>
		<height>750</height>
		<depth>3</depth>
	</size>
	<object>
		<name>alcohol</name>
		<pose>Unspecified</pose>
		<truncated>0</truncated>
		<difficult>0</difficult>
		<bndbox>
			<xmin>332</xmin>
			<ymin>484</ymin>
			<xmax>412</xmax>
			<ymax>596</ymax>
		</bndbox>
	</object>
	<object>
		<name>alcohol</name>
		<pose>Unspecified</pose>
		<truncated>0</truncated>
		<difficult>0</difficult>
		<bndbox>
			<xmin>124</xmin>
			<ymin>483</ymin>
			<xmax>209</xmax>
			<ymax>583</ymax>
		</bndbox>
	</object>
</annotation>