<annotation>
	<folder>my-project-name</folder>
	<filename>pexels-photo-6603393.jpeg</filename>
	<path>/my-project-name/pexels-photo-6603393.jpeg</path>
	<source>
		<database>Unspecified</database>
	</source>
	<size>
		<width>500</width>
		<height>333</height>
		<depth>3</depth>
	</size>
	<object>
		<name>alcohol</name>
		<pose>Unspecified</pose>
		<truncated>0</truncated>
		<difficult>0</difficult>
		<bndbox>
			<xmin>293</xmin>
			<ymin>238</ymin>
			<xmax>315</xmax>
			<ymax>317</ymax>
		</bndbox>
	</object>
	<object>
		<name>alcohol</name>
		<pose>Unspecified</pose>
		<truncated>0</truncated>
		<difficult>0</difficult>
		<bndbox>
			<xmin>341</xmin>
			<ymin>219</ymin>
			<xmax>360</xmax>
			<ymax>281</ymax>
		</bndbox>
	</object>
	<object>
		<name>alcohol</name>
		<pose>Unspecified</pose>
		<truncated>0</truncated>
		<difficult>0</difficult>
		<bndbox>
			<xmin>315</xmin>
			<ymin>229</ymin>
			<xmax>336</xmax>
			<ymax>278</ymax>
		</bndbox>
	</object>
</annotation>