<annotation>
	<folder>my-project-name</folder>
	<filename>pexels-photo-207116.jpeg</filename>
	<path>/my-project-name/pexels-photo-207116.jpeg</path>
	<source>
		<database>Unspecified</database>
	</source>
	<size>
		<width>500</width>
		<height>333</height>
		<depth>3</depth>
	</size>
	<object>
		<name>alcohol</name>
		<pose>Unspecified</pose>
		<truncated>0</truncated>
		<difficult>0</difficult>
		<bndbox>
			<xmin>132</xmin>
			<ymin>54</ymin>
			<xmax>192</xmax>
			<ymax>281</ymax>
		</bndbox>
	</object>
	<object>
		<name>alcohol</name>
		<pose>Unspecified</pose>
		<truncated>0</truncated>
		<difficult>0</difficult>
		<bndbox>
			<xmin>237</xmin>
			<ymin>168</ymin>
			<xmax>327</xmax>
			<ymax>302</ymax>
		</bndbox>
	</object>
</annotation>