<annotation>
	<folder>my-project-name</folder>
	<filename>pexels-photo-15880732.jpeg</filename>
	<path>/my-project-name/pexels-photo-15880732.jpeg</path>
	<source>
		<database>Unspecified</database>
	</source>
	<size>
		<width>500</width>
		<height>333</height>
		<depth>3</depth>
	</size>
	<object>
		<name>alcohol</name>
		<pose>Unspecified</pose>
		<truncated>0</truncated>
		<difficult>0</difficult>
		<bndbox>
			<xmin>249</xmin>
			<ymin>99</ymin>
			<xmax>348</xmax>
			<ymax>206</ymax>
		</bndbox>
	</object>
	<object>
		<name>alcohol</name>
		<pose>Unspecified</pose>
		<truncated>0</truncated>
		<difficult>0</difficult>
		<bndbox>
			<xmin>161</xmin>
			<ymin>64</ymin>
			<xmax>253</xmax>
			<ymax>162</ymax>
		</bndbox>
	</object>
</annotation>