<annotation>
	<folder>my-project-name</folder>
	<filename>pexels-photo-10281404.jpeg</filename>
	<path>/my-project-name/pexels-photo-10281404.jpeg</path>
	<source>
		<database>Unspecified</database>
	</source>
	<size>
		<width>500</width>
		<height>633</height>
		<depth>3</depth>
	</size>
	<object>
		<name>alcohol</name>
		<pose>Unspecified</pose>
		<truncated>0</truncated>
		<difficult>0</difficult>
		<bndbox>
			<xmin>305</xmin>
			<ymin>311</ymin>
			<xmax>407</xmax>
			<ymax>567</ymax>
		</bndbox>
	</object>
	<object>
		<name>alcohol</name>
		<pose>Unspecified</pose>
		<truncated>0</truncated>
		<difficult>0</difficult>
		<bndbox>
			<xmin>115</xmin>
			<ymin>291</ymin>
			<xmax>296</xmax>
			<ymax>603</ymax>
		</bndbox>
	</object>
	<object>
		<name>alcohol</name>
		<pose>Unspecified</pose>
		<truncated>0</truncated>
		<difficult>0</difficult>
		<bndbox>
			<xmin>70</xmin>
			<ymin>274</ymin>
			<xmax>209</xmax>
			<ymax>503</ymax>
		</bndbox>
	</object>
</annotation>