<annotation>
	<folder>my-project-name</folder>
	<filename>pexels-photo-17182373.jpeg</filename>
	<path>/my-project-name/pexels-photo-17182373.jpeg</path>
	<source>
		<database>Unspecified</database>
	</source>
	<size>
		<width>500</width>
		<height>750</height>
		<depth>3</depth>
	</size>
	<object>
		<name>alcohol</name>
		<pose>Unspecified</pose>
		<truncated>0</truncated>
		<difficult>0</difficult>
		<bndbox>
			<xmin>381</xmin>
			<ymin>100</ymin>
			<xmax>500</xmax>
			<ymax>555</ymax>
		</bndbox>
	</object>
	<object>
		<name>alcohol</name>
		<pose>Unspecified</pose>
		<truncated>0</truncated>
		<difficult>0</difficult>
		<bndbox>
			<xmin>127</xmin>
			<ymin>209</ymin>
			<xmax>362</xmax>
			<ymax>655</ymax>
		</bndbox>
	</object>
</annotation>