<annotation>
	<folder>my-project-name</folder>
	<filename>pexels-photo-1694853.jpeg</filename>
	<path>/my-project-name/pexels-photo-1694853.jpeg</path>
	<source>
		<database>Unspecified</database>
	</source>
	<size>
		<width>500</width>
		<height>628</height>
		<depth>3</depth>
	</size>
	<object>
		<name>alcohol</name>
		<pose>Unspecified</pose>
		<truncated>0</truncated>
		<difficult>0</difficult>
		<bndbox>
			<xmin>153</xmin>
			<ymin>131</ymin>
			<xmax>277</xmax>
			<ymax>588</ymax>
		</bndbox>
	</object>
	<object>
		<name>alcohol</name>
		<pose>Unspecified</pose>
		<truncated>0</truncated>
		<difficult>0</difficult>
		<bndbox>
			<xmin>285</xmin>
			<ymin>399</ymin>
			<xmax>405</xmax>
			<ymax>583</ymax>
		</bndbox>
	</object>
</annotation>