<annotation>
	<folder>my-project-name</folder>
	<filename>pexels-photo-5053902.jpeg</filename>
	<path>/my-project-name/pexels-photo-5053902.jpeg</path>
	<source>
		<database>Unspecified</database>
	</source>
	<size>
		<width>500</width>
		<height>333</height>
		<depth>3</depth>
	</size>
	<object>
		<name>alcohol</name>
		<pose>Unspecified</pose>
		<truncated>0</truncated>
		<difficult>0</difficult>
		<bndbox>
			<xmin>36</xmin>
			<ymin>59</ymin>
			<xmax>297</xmax>
			<ymax>141</ymax>
		</bndbox>
	</object>
	<object>
		<name>alcohol</name>
		<pose>Unspecified</pose>
		<truncated>0</truncated>
		<difficult>0</difficult>
		<bndbox>
			<xmin>268</xmin>
			<ymin>120</ymin>
			<xmax>340</xmax>
			<ymax>265</ymax>
		</bndbox>
	</object>
</annotation>