<annotation>
	<folder>my-project-name</folder>
	<filename>pexels-photo-15067963.jpeg</filename>
	<path>/my-project-name/pexels-photo-15067963.jpeg</path>
	<source>
		<database>Unspecified</database>
	</source>
	<size>
		<width>500</width>
		<height>768</height>
		<depth>3</depth>
	</size>
	<object>
		<name>alcohol</name>
		<pose>Unspecified</pose>
		<truncated>0</truncated>
		<difficult>0</difficult>
		<bndbox>
			<xmin>261</xmin>
			<ymin>227</ymin>
			<xmax>347</xmax>
			<ymax>452</ymax>
		</bndbox>
	</object>
	<object>
		<name>alcohol</name>
		<pose>Unspecified</pose>
		<truncated>0</truncated>
		<difficult>0</difficult>
		<bndbox>
			<xmin>165</xmin>
			<ymin>277</ymin>
			<xmax>270</xmax>
			<ymax>523</ymax>
		</bndbox>
	</object>
</annotation>