<annotation>
	<folder>my-project-name</folder>
	<filename>pexels-photo-3084603.jpeg</filename>
	<path>/my-project-name/pexels-photo-3084603.jpeg</path>
	<source>
		<database>Unspecified</database>
	</source>
	<size>
		<width>500</width>
		<height>334</height>
		<depth>3</depth>
	</size>
	<object>
		<name>alcohol</name>
		<pose>Unspecified</pose>
		<truncated>0</truncated>
		<difficult>0</difficult>
		<bndbox>
			<xmin>166</xmin>
			<ymin>83</ymin>
			<xmax>249</xmax>
			<ymax>282</ymax>
		</bndbox>
	</object>
	<object>
		<name>alcohol</name>
		<pose>Unspecified</pose>
		<truncated>0</truncated>
		<difficult>0</difficult>
		<bndbox>
			<xmin>284</xmin>
			<ymin>11</ymin>
			<xmax>348</xmax>
			<ymax>235</ymax>
		</bndbox>
	</object>
</annotation>