<annotation>
	<folder>my-project-name</folder>
	<filename>pexels-photo-5380143.jpeg</filename>
	<path>/my-project-name/pexels-photo-5380143.jpeg</path>
	<source>
		<database>Unspecified</database>
	</source>
	<size>
		<width>500</width>
		<height>749</height>
		<depth>3</depth>
	</size>
	<object>
		<name>alcohol</name>
		<pose>Unspecified</pose>
		<truncated>0</truncated>
		<difficult>0</difficult>
		<bndbox>
			<xmin>338</xmin>
			<ymin>138</ymin>
			<xmax>446</xmax>
			<ymax>578</ymax>
		</bndbox>
	</object>
	<object>
		<name>alcohol</name>
		<pose>Unspecified</pose>
		<truncated>0</truncated>
		<difficult>0</difficult>
		<bndbox>
			<xmin>163</xmin>
			<ymin>278</ymin>
			<xmax>416</xmax>
			<ymax>678</ymax>
		</bndbox>
	</object>
</annotation>