<annotation>
	<folder>my-project-name</folder>
	<filename>pexels-photo-1277203.jpeg</filename>
	<path>/my-project-name/pexels-photo-1277203.jpeg</path>
	<source>
		<database>Unspecified</database>
	</source>
	<size>
		<width>500</width>
		<height>750</height>
		<depth>3</depth>
	</size>
	<object>
		<name>alcohol</name>
		<pose>Unspecified</pose>
		<truncated>0</truncated>
		<difficult>0</difficult>
		<bndbox>
			<xmin>107</xmin>
			<ymin>0</ymin>
			<xmax>323</xmax>
			<ymax>695</ymax>
		</bndbox>
	</object>
	<object>
		<name>alcohol</name>
		<pose>Unspecified</pose>
		<truncated>0</truncated>
		<difficult>0</difficult>
		<bndbox>
			<xmin>10</xmin>
			<ymin>0</ymin>
			<xmax>198</xmax>
			<ymax>597</ymax>
		</bndbox>
	</object>
	<object>
		<name>alcohol</name>
		<pose>Unspecified</pose>
		<truncated>0</truncated>
		<difficult>0</difficult>
		<bndbox>
			<xmin>270</xmin>
			<ymin>0</ymin>
			<xmax>500</xmax>
			<ymax>750</ymax>
		</bndbox>
	</object>
</annotation>