<annotation>
	<folder>my-project-name</folder>
	<filename>pexels-photo-2529468.jpeg</filename>
	<path>/my-project-name/pexels-photo-2529468.jpeg</path>
	<source>
		<database>Unspecified</database>
	</source>
	<size>
		<width>500</width>
		<height>718</height>
		<depth>3</depth>
	</size>
	<object>
		<name>alcohol</name>
		<pose>Unspecified</pose>
		<truncated>0</truncated>
		<difficult>0</difficult>
		<bndbox>
			<xmin>26</xmin>
			<ymin>429</ymin>
			<xmax>199</xmax>
			<ymax>637</ymax>
		</bndbox>
	</object>
	<object>
		<name>alcohol</name>
		<pose>Unspecified</pose>
		<truncated>0</truncated>
		<difficult>0</difficult>
		<bndbox>
			<xmin>251</xmin>
			<ymin>76</ymin>
			<xmax>414</xmax>
			<ymax>647</ymax>
		</bndbox>
	</object>
</annotation>