<annotation>
	<folder>my-project-name</folder>
	<filename>pexels-photo-5913193.jpeg</filename>
	<path>/my-project-name/pexels-photo-5913193.jpeg</path>
	<source>
		<database>Unspecified</database>
	</source>
	<size>
		<width>500</width>
		<height>630</height>
		<depth>3</depth>
	</size>
	<object>
		<name>alcohol</name>
		<pose>Unspecified</pose>
		<truncated>0</truncated>
		<difficult>0</difficult>
		<bndbox>
			<xmin>221</xmin>
			<ymin>122</ymin>
			<xmax>396</xmax>
			<ymax>428</ymax>
		</bndbox>
	</object>
	<object>
		<name>alcohol</name>
		<pose>Unspecified</pose>
		<truncated>0</truncated>
		<difficult>0</difficult>
		<bndbox>
			<xmin>149</xmin>
			<ymin>150</ymin>
			<xmax>229</xmax>
			<ymax>472</ymax>
		</bndbox>
	</object>
</annotation>