<annotation>
	<folder>my-project-name</folder>
	<filename>pexels-photo-4825743.jpeg</filename>
	<path>/my-project-name/pexels-photo-4825743.jpeg</path>
	<source>
		<database>Unspecified</database>
	</source>
	<size>
		<width>500</width>
		<height>750</height>
		<depth>3</depth>
	</size>
	<object>
		<name>alcohol</name>
		<pose>Unspecified</pose>
		<truncated>0</truncated>
		<difficult>0</difficult>
		<bndbox>
			<xmin>185</xmin>
			<ymin>322</ymin>
			<xmax>236</xmax>
			<ymax>440</ymax>
		</bndbox>
	</object>
	<object>
		<name>alcohol</name>
		<pose>Unspecified</pose>
		<truncated>0</truncated>
		<difficult>0</difficult>
		<bndbox>
			<xmin>164</xmin>
			<ymin>279</ymin>
			<xmax>218</xmax>
			<ymax>415</ymax>
		</bndbox>
	</object>
</annotation>