<annotation>
	<folder>my-project-name</folder>
	<filename>pexels-photo-6224422.jpeg</filename>
	<path>/my-project-name/pexels-photo-6224422.jpeg</path>
	<source>
		<database>Unspecified</database>
	</source>
	<size>
		<width>500</width>
		<height>333</height>
		<depth>3</depth>
	</size>
	<object>
		<name>alcohol</name>
		<pose>Unspecified</pose>
		<truncated>0</truncated>
		<difficult>0</difficult>
		<bndbox>
			<xmin>156</xmin>
			<ymin>172</ymin>
			<xmax>186</xmax>
			<ymax>248</ymax>
		</bndbox>
	</object>
	<object>
		<name>alcohol</name>
		<pose>Unspecified</pose>
		<truncated>0</truncated>
		<difficult>0</difficult>
		<bndbox>
			<xmin>306</xmin>
			<ymin>124</ymin>
			<xmax>328</xmax>
			<ymax>188</ymax>
		</bndbox>
	</object>
</annotation>