<annotation>
	<folder>my-project-name</folder>
	<filename>pexels-photo-4877867.jpeg</filename>
	<path>/my-project-name/pexels-photo-4877867.jpeg</path>
	<source>
		<database>Unspecified</database>
	</source>
	<size>
		<width>500</width>
		<height>750</height>
		<depth>3</depth>
	</size>
	<object>
		<name>alcohol</name>
		<pose>Unspecified</pose>
		<truncated>0</truncated>
		<difficult>0</difficult>
		<bndbox>
			<xmin>173</xmin>
			<ymin>67</ymin>
			<xmax>308</xmax>
			<ymax>255</ymax>
		</bndbox>
	</object>
	<object>
		<name>alcohol</name>
		<pose>Unspecified</pose>
		<truncated>0</truncated>
		<difficult>0</difficult>
		<bndbox>
			<xmin>86</xmin>
			<ymin>179</ymin>
			<xmax>228</xmax>
			<ymax>516</ymax>
		</bndbox>
	</object>
	<object>
		<name>alcohol</name>
		<pose>Unspecified</pose>
		<truncated>0</truncated>
		<difficult>0</difficult>
		<bndbox>
			<xmin>146</xmin>
			<ymin>306</ymin>
			<xmax>295</xmax>
			<ymax>683</ymax>
		</bndbox>
	</object>
	<object>
		<name>alcohol</name>
		<pose>Unspecified</pose>
		<truncated>0</truncated>
		<difficult>0</difficult>
		<bndbox>
			<xmin>212</xmin>
			<ymin>276</ymin>
			<xmax>348</xmax>
			<ymax>613</ymax>
		</bndbox>
	</object>
	<object>
		<name>alcohol</name>
		<pose>Unspecified</pose>
		<truncated>0</truncated>
		<difficult>0</difficult>
		<bndbox>
			<xmin>287</xmin>
			<ymin>200</ymin>
			<xmax>420</xmax>
			<ymax>476</ymax>
		</bndbox>
	</object>
</annotation>