<annotation>
	<folder>my-project-name</folder>
	<filename>pexels-photo-1267700.jpeg</filename>
	<path>/my-project-name/pexels-photo-1267700.jpeg</path>
	<source>
		<database>Unspecified</database>
	</source>
	<size>
		<width>500</width>
		<height>749</height>
		<depth>3</depth>
	</size>
	<object>
		<name>alcohol</name>
		<pose>Unspecified</pose>
		<truncated>0</truncated>
		<difficult>0</difficult>
		<bndbox>
			<xmin>38</xmin>
			<ymin>456</ymin>
			<xmax>146</xmax>
			<ymax>632</ymax>
		</bndbox>
	</object>
	<object>
		<name>alcohol</name>
		<pose>Unspecified</pose>
		<truncated>0</truncated>
		<difficult>0</difficult>
		<bndbox>
			<xmin>196</xmin>
			<ymin>430</ymin>
			<xmax>324</xmax>
			<ymax>683</ymax>
		</bndbox>
	</object>
	<object>
		<name>alcohol</name>
		<pose>Unspecified</pose>
		<truncated>0</truncated>
		<difficult>0</difficult>
		<bndbox>
			<xmin>367</xmin>
			<ymin>460</ymin>
			<xmax>485</xmax>
			<ymax>648</ymax>
		</bndbox>
	</object>
</annotation>