<annotation>
	<folder>my-project-name</folder>
	<filename>pexels-photo-5038375.jpeg</filename>
	<path>/my-project-name/pexels-photo-5038375.jpeg</path>
	<source>
		<database>Unspecified</database>
	</source>
	<size>
		<width>500</width>
		<height>750</height>
		<depth>3</depth>
	</size>
	<object>
		<name>alcohol</name>
		<pose>Unspecified</pose>
		<truncated>0</truncated>
		<difficult>0</difficult>
		<bndbox>
			<xmin>239</xmin>
			<ymin>324</ymin>
			<xmax>323</xmax>
			<ymax>407</ymax>
		</bndbox>
	</object>
	<object>
		<name>alcohol</name>
		<pose>Unspecified</pose>
		<truncated>0</truncated>
		<difficult>0</difficult>
		<bndbox>
			<xmin>211</xmin>
			<ymin>455</ymin>
			<xmax>298</xmax>
			<ymax>544</ymax>
		</bndbox>
	</object>
</annotation>