<annotation>
	<folder>my-project-name</folder>
	<filename>pexels-photo-4819717.jpeg</filename>
	<path>/my-project-name/pexels-photo-4819717.jpeg</path>
	<source>
		<database>Unspecified</database>
	</source>
	<size>
		<width>500</width>
		<height>750</height>
		<depth>3</depth>
	</size>
	<object>
		<name>alcohol</name>
		<pose>Unspecified</pose>
		<truncated>0</truncated>
		<difficult>0</difficult>
		<bndbox>
			<xmin>202</xmin>
			<ymin>240</ymin>
			<xmax>286</xmax>
			<ymax>463</ymax>
		</bndbox>
	</object>
	<object>
		<name>alcohol</name>
		<pose>Unspecified</pose>
		<truncated>0</truncated>
		<difficult>0</difficult>
		<bndbox>
			<xmin>266</xmin>
			<ymin>217</ymin>
			<xmax>348</xmax>
			<ymax>427</ymax>
		</bndbox>
	</object>
	<object>
		<name>alcohol</name>
		<pose>Unspecified</pose>
		<truncated>0</truncated>
		<difficult>0</difficult>
		<bndbox>
			<xmin>87</xmin>
			<ymin>215</ymin>
			<xmax>181</xmax>
			<ymax>453</ymax>
		</bndbox>
	</object>
</annotation>