<annotation>
	<folder>my-project-name</folder>
	<filename>pexels-photo-16727999.jpeg</filename>
	<path>/my-project-name/pexels-photo-16727999.jpeg</path>
	<source>
		<database>Unspecified</database>
	</source>
	<size>
		<width>500</width>
		<height>750</height>
		<depth>3</depth>
	</size>
	<object>
		<name>alcohol</name>
		<pose>Unspecified</pose>
		<truncated>0</truncated>
		<difficult>0</difficult>
		<bndbox>
			<xmin>297</xmin>
			<ymin>269</ymin>
			<xmax>368</xmax>
			<ymax>423</ymax>
		</bndbox>
	</object>
	<object>
		<name>alcohol</name>
		<pose>Unspecified</pose>
		<truncated>0</truncated>
		<difficult>0</difficult>
		<bndbox>
			<xmin>185</xmin>
			<ymin>397</ymin>
			<xmax>286</xmax>
			<ymax>619</ymax>
		</bndbox>
	</object>
</annotation>