<annotation>
	<folder>my-project-name</folder>
	<filename>pexels-photo-263006.jpeg</filename>
	<path>/my-project-name/pexels-photo-263006.jpeg</path>
	<source>
		<database>Unspecified</database>
	</source>
	<size>
		<width>500</width>
		<height>281</height>
		<depth>3</depth>
	</size>
	<object>
		<name>alcohol</name>
		<pose>Unspecified</pose>
		<truncated>0</truncated>
		<difficult>0</difficult>
		<bndbox>
			<xmin>222</xmin>
			<ymin>91</ymin>
			<xmax>279</xmax>
			<ymax>281</ymax>
		</bndbox>
	</object>
	<object>
		<name>alcohol</name>
		<pose>Unspecified</pose>
		<truncated>0</truncated>
		<difficult>0</difficult>
		<bndbox>
			<xmin>148</xmin>
			<ymin>219</ymin>
			<xmax>212</xmax>
			<ymax>281</ymax>
		</bndbox>
	</object>
</annotation>