<annotation>
	<folder>my-project-name</folder>
	<filename>pexels-photo-4085480.jpeg</filename>
	<path>/my-project-name/pexels-photo-4085480.jpeg</path>
	<source>
		<database>Unspecified</database>
	</source>
	<size>
		<width>500</width>
		<height>750</height>
		<depth>3</depth>
	</size>
	<object>
		<name>alcohol</name>
		<pose>Unspecified</pose>
		<truncated>0</truncated>
		<difficult>0</difficult>
		<bndbox>
			<xmin>162</xmin>
			<ymin>326</ymin>
			<xmax>381</xmax>
			<ymax>638</ymax>
		</bndbox>
	</object>
	<object>
		<name>alcohol</name>
		<pose>Unspecified</pose>
		<truncated>0</truncated>
		<difficult>0</difficult>
		<bndbox>
			<xmin>366</xmin>
			<ymin>217</ymin>
			<xmax>500</xmax>
			<ymax>475</ymax>
		</bndbox>
	</object>
</annotation>