<annotation>
	<folder>my-project-name</folder>
	<filename>pexels-photo-5940232.jpeg</filename>
	<path>/my-project-name/pexels-photo-5940232.jpeg</path>
	<source>
		<database>Unspecified</database>
	</source>
	<size>
		<width>500</width>
		<height>750</height>
		<depth>3</depth>
	</size>
	<object>
		<name>alcohol</name>
		<pose>Unspecified</pose>
		<truncated>0</truncated>
		<difficult>0</difficult>
		<bndbox>
			<xmin>181</xmin>
			<ymin>193</ymin>
			<xmax>321</xmax>
			<ymax>362</ymax>
		</bndbox>
	</object>
	<object>
		<name>alcohol</name>
		<pose>Unspecified</pose>
		<truncated>0</truncated>
		<difficult>0</difficult>
		<bndbox>
			<xmin>303</xmin>
			<ymin>174</ymin>
			<xmax>430</xmax>
			<ymax>444</ymax>
		</bndbox>
	</object>
</annotation>