<annotation>
	<folder>my-project-name</folder>
	<filename>pexels-photo-2820146.jpeg</filename>
	<path>/my-project-name/pexels-photo-2820146.jpeg</path>
	<source>
		<database>Unspecified</database>
	</source>
	<size>
		<width>500</width>
		<height>750</height>
		<depth>3</depth>
	</size>
	<object>
		<name>alcohol</name>
		<pose>Unspecified</pose>
		<truncated>0</truncated>
		<difficult>0</difficult>
		<bndbox>
			<xmin>39</xmin>
			<ymin>290</ymin>
			<xmax>197</xmax>
			<ymax>646</ymax>
		</bndbox>
	</object>
	<object>
		<name>alcohol</name>
		<pose>Unspecified</pose>
		<truncated>0</truncated>
		<difficult>0</difficult>
		<bndbox>
			<xmin>238</xmin>
			<ymin>28</ymin>
			<xmax>390</xmax>
			<ymax>638</ymax>
		</bndbox>
	</object>
</annotation>