<annotation>
	<folder>my-project-name</folder>
	<filename>pexels-photo-2995283.jpeg</filename>
	<path>/my-project-name/pexels-photo-2995283.jpeg</path>
	<source>
		<database>Unspecified</database>
	</source>
	<size>
		<width>500</width>
		<height>334</height>
		<depth>3</depth>
	</size>
	<object>
		<name>alcohol</name>
		<pose>Unspecified</pose>
		<truncated>0</truncated>
		<difficult>0</difficult>
		<bndbox>
			<xmin>249</xmin>
			<ymin>172</ymin>
			<xmax>309</xmax>
			<ymax>334</ymax>
		</bndbox>
	</object>
	<object>
		<name>alcohol</name>
		<pose>Unspecified</pose>
		<truncated>0</truncated>
		<difficult>0</difficult>
		<bndbox>
			<xmin>277</xmin>
			<ymin>131</ymin>
			<xmax>500</xmax>
			<ymax>194</ymax>
		</bndbox>
	</object>
</annotation>