<annotation>
	<folder>my-project-name</folder>
	<filename>pexels-photo-1028637.jpeg</filename>
	<path>/my-project-name/pexels-photo-1028637.jpeg</path>
	<source>
		<database>Unspecified</database>
	</source>
	<size>
		<width>500</width>
		<height>307</height>
		<depth>3</depth>
	</size>
	<object>
		<name>alcohol</name>
		<pose>Unspecified</pose>
		<truncated>0</truncated>
		<difficult>0</difficult>
		<bndbox>
			<xmin>113</xmin>
			<ymin>127</ymin>
			<xmax>166</xmax>
			<ymax>307</ymax>
		</bndbox>
	</object>
	<object>
		<name>alcohol</name>
		<pose>Unspecified</pose>
		<truncated>0</truncated>
		<difficult>0</difficult>
		<bndbox>
			<xmin>168</xmin>
			<ymin>127</ymin>
			<xmax>222</xmax>
			<ymax>307</ymax>
		</bndbox>
	</object>
	<object>
		<name>alcohol</name>
		<pose>Unspecified</pose>
		<truncated>0</truncated>
		<difficult>0</difficult>
		<bndbox>
			<xmin>226</xmin>
			<ymin>126</ymin>
			<xmax>279</xmax>
			<ymax>307</ymax>
		</bndbox>
	</object>
	<object>
		<name>alcohol</name>
		<pose>Unspecified</pose>
		<truncated>0</truncated>
		<difficult>0</difficult>
		<bndbox>
			<xmin>281</xmin>
			<ymin>127</ymin>
			<xmax>334</xmax>
			<ymax>307</ymax>
		</bndbox>
	</object>
</annotation>