<annotation>
	<folder>my-project-name</folder>
	<filename>pexels-photo-11286642.jpeg</filename>
	<path>/my-project-name/pexels-photo-11286642.jpeg</path>
	<source>
		<database>Unspecified</database>
	</source>
	<size>
		<width>500</width>
		<height>774</height>
		<depth>3</depth>
	</size>
	<object>
		<name>alcohol</name>
		<pose>Unspecified</pose>
		<truncated>0</truncated>
		<difficult>0</difficult>
		<bndbox>
			<xmin>180</xmin>
			<ymin>493</ymin>
			<xmax>240</xmax>
			<ymax>607</ymax>
		</bndbox>
	</object>
</annotation>