<annotation>
	<folder>my-project-name</folder>
	<filename>pexels-photo-4553378.jpeg</filename>
	<path>/my-project-name/pexels-photo-4553378.jpeg</path>
	<source>
		<database>Unspecified</database>
	</source>
	<size>
		<width>500</width>
		<height>685</height>
		<depth>3</depth>
	</size>
	<object>
		<name>alcohol</name>
		<pose>Unspecified</pose>
		<truncated>0</truncated>
		<difficult>0</difficult>
		<bndbox>
			<xmin>229</xmin>
			<ymin>110</ymin>
			<xmax>309</xmax>
			<ymax>388</ymax>
		</bndbox>
	</object>
	<object>
		<name>alcohol</name>
		<pose>Unspecified</pose>
		<truncated>0</truncated>
		<difficult>0</difficult>
		<bndbox>
			<xmin>0</xmin>
			<ymin>142</ymin>
			<xmax>95</xmax>
			<ymax>357</ymax>
		</bndbox>
	</object>
	<object>
		<name>alcohol</name>
		<pose>Unspecified</pose>
		<truncated>0</truncated>
		<difficult>0</difficult>
		<bndbox>
			<xmin>435</xmin>
			<ymin>212</ymin>
			<xmax>500</xmax>
			<ymax>475</ymax>
		</bndbox>
	</object>
</annotation>