<annotation>
	<folder>my-project-name</folder>
	<filename>pexels-photo-6858660.jpeg</filename>
	<path>/my-project-name/pexels-photo-6858660.jpeg</path>
	<source>
		<database>Unspecified</database>
	</source>
	<size>
		<width>500</width>
		<height>667</height>
		<depth>3</depth>
	</size>
	<object>
		<name>alcohol</name>
		<pose>Unspecified</pose>
		<truncated>0</truncated>
		<difficult>0</difficult>
		<bndbox>
			<xmin>125</xmin>
			<ymin>174</ymin>
			<xmax>305</xmax>
			<ymax>640</ymax>
		</bndbox>
	</object>
	<object>
		<name>alcohol</name>
		<pose>Unspecified</pose>
		<truncated>0</truncated>
		<difficult>0</difficult>
		<bndbox>
			<xmin>236</xmin>
			<ymin>116</ymin>
			<xmax>394</xmax>
			<ymax>508</ymax>
		</bndbox>
	</object>
</annotation>