<annotation>
	<folder>my-project-name</folder>
	<filename>pexels-photo-15006642.jpeg</filename>
	<path>/my-project-name/pexels-photo-15006642.jpeg</path>
	<source>
		<database>Unspecified</database>
	</source>
	<size>
		<width>500</width>
		<height>750</height>
		<depth>3</depth>
	</size>
	<object>
		<name>alcohol</name>
		<pose>Unspecified</pose>
		<truncated>0</truncated>
		<difficult>0</difficult>
		<bndbox>
			<xmin>259</xmin>
			<ymin>272</ymin>
			<xmax>403</xmax>
			<ymax>643</ymax>
		</bndbox>
	</object>
	<object>
		<name>alcohol</name>
		<pose>Unspecified</pose>
		<truncated>0</truncated>
		<difficult>0</difficult>
		<bndbox>
			<xmin>92</xmin>
			<ymin>66</ymin>
			<xmax>252</xmax>
			<ymax>576</ymax>
		</bndbox>
	</object>
</annotation>