<annotation>
	<folder>my-project-name</folder>
	<filename>pexels-photo-3036525.jpeg</filename>
	<path>/my-project-name/pexels-photo-3036525.jpeg</path>
	<source>
		<database>Unspecified</database>
	</source>
	<size>
		<width>500</width>
		<height>333</height>
		<depth>3</depth>
	</size>
	<object>
		<name>alcohol</name>
		<pose>Unspecified</pose>
		<truncated>0</truncated>
		<difficult>0</difficult>
		<bndbox>
			<xmin>285</xmin>
			<ymin>16</ymin>
			<xmax>346</xmax>
			<ymax>267</ymax>
		</bndbox>
	</object>
	<object>
		<name>alcohol</name>
		<pose>Unspecified</pose>
		<truncated>0</truncated>
		<difficult>0</difficult>
		<bndbox>
			<xmin>346</xmin>
			<ymin>21</ymin>
			<xmax>404</xmax>
			<ymax>214</ymax>
		</bndbox>
	</object>
</annotation>