<annotation>
	<folder>my-project-name</folder>
	<filename>gun-revolver-fire-firing-370202.jpeg</filename>
	<path>/my-project-name/gun-revolver-fire-firing-370202.jpeg</path>
	<source>
		<database>Unspecified</database>
	</source>
	<size>
		<width>500</width>
		<height>334</height>
		<depth>3</depth>
	</size>
	<object>
		<name>gun</name>
		<pose>Unspecified</pose>
		<truncated>0</truncated>
		<difficult>0</difficult>
		<bndbox>
			<xmin>263</xmin>
			<ymin>24</ymin>
			<xmax>418</xmax>
			<ymax>104</ymax>
		</bndbox>
	</object>
</annotation>