<annotation>
	<folder>my-project-name</folder>
	<filename>pexels-photo-7714975.jpeg</filename>
	<path>/my-project-name/pexels-photo-7714975.jpeg</path>
	<source>
		<database>Unspecified</database>
	</source>
	<size>
		<width>500</width>
		<height>667</height>
		<depth>3</depth>
	</size>
	<object>
		<name>gun</name>
		<pose>Unspecified</pose>
		<truncated>0</truncated>
		<difficult>0</difficult>
		<bndbox>
			<xmin>116</xmin>
			<ymin>561</ymin>
			<xmax>167</xmax>
			<ymax>667</ymax>
		</bndbox>
	</object>
</annotation>