<annotation>
	<folder>my-project-name</folder>
	<filename>pexels-photo-7266000.jpeg</filename>
	<path>/my-project-name/pexels-photo-7266000.jpeg</path>
	<source>
		<database>Unspecified</database>
	</source>
	<size>
		<width>500</width>
		<height>333</height>
		<depth>3</depth>
	</size>
	<object>
		<name>gun</name>
		<pose>Unspecified</pose>
		<truncated>0</truncated>
		<difficult>0</difficult>
		<bndbox>
			<xmin>232</xmin>
			<ymin>238</ymin>
			<xmax>254</xmax>
			<ymax>274</ymax>
		</bndbox>
	</object>
	<object>
		<name>alcohol</name>
		<pose>Unspecified</pose>
		<truncated>0</truncated>
		<difficult>0</difficult>
		<bndbox>
			<xmin>34</xmin>
			<ymin>173</ymin>
			<xmax>69</xmax>
			<ymax>247</ymax>
		</bndbox>
	</object>
</annotation>