<annotation>
	<folder>my-project-name</folder>
	<filename>pexels-photo-10068864.jpeg</filename>
	<path>/my-project-name/pexels-photo-10068864.jpeg</path>
	<source>
		<database>Unspecified</database>
	</source>
	<size>
		<width>500</width>
		<height>678</height>
		<depth>3</depth>
	</size>
	<object>
		<name>gun</name>
		<pose>Unspecified</pose>
		<truncated>0</truncated>
		<difficult>0</difficult>
		<bndbox>
			<xmin>102</xmin>
			<ymin>275</ymin>
			<xmax>156</xmax>
			<ymax>527</ymax>
		</bndbox>
	</object>
	<object>
		<name>gun</name>
		<pose>Unspecified</pose>
		<truncated>0</truncated>
		<difficult>0</difficult>
		<bndbox>
			<xmin>338</xmin>
			<ymin>295</ymin>
			<xmax>493</xmax>
			<ymax>534</ymax>
		</bndbox>
	</object>
</annotation>