<annotation>
	<folder>my-project-name</folder>
	<filename>pexels-photo-264146.jpeg</filename>
	<path>/my-project-name/pexels-photo-264146.jpeg</path>
	<source>
		<database>Unspecified</database>
	</source>
	<size>
		<width>500</width>
		<height>749</height>
		<depth>3</depth>
	</size>
	<object>
		<name>gun</name>
		<pose>Unspecified</pose>
		<truncated>0</truncated>
		<difficult>0</difficult>
		<bndbox>
			<xmin>174</xmin>
			<ymin>431</ymin>
			<xmax>264</xmax>
			<ymax>613</ymax>
		</bndbox>
	</object>
	<object>
		<name>gun</name>
		<pose>Unspecified</pose>
		<truncated>0</truncated>
		<difficult>0</difficult>
		<bndbox>
			<xmin>348</xmin>
			<ymin>489</ymin>
			<xmax>386</xmax>
			<ymax>523</ymax>
		</bndbox>
	</object>
</annotation>