<annotation>
	<folder>my-project-name</folder>
	<filename>pexels-photo-6204532.jpeg</filename>
	<path>/my-project-name/pexels-photo-6204532.jpeg</path>
	<source>
		<database>Unspecified</database>
	</source>
	<size>
		<width>500</width>
		<height>750</height>
		<depth>3</depth>
	</size>
	<object>
		<name>gun</name>
		<pose>Unspecified</pose>
		<truncated>0</truncated>
		<difficult>0</difficult>
		<bndbox>
			<xmin>240</xmin>
			<ymin>290</ymin>
			<xmax>276</xmax>
			<ymax>421</ymax>
		</bndbox>
	</object>
	<object>
		<name>cigarette</name>
		<pose>Unspecified</pose>
		<truncated>0</truncated>
		<difficult>0</difficult>
		<bndbox>
			<xmin>265</xmin>
			<ymin>318</ymin>
			<xmax>275</xmax>
			<ymax>326</ymax>
		</bndbox>
	</object>
	<object>
		<name>gun</name>
		<pose>Unspecified</pose>
		<truncated>0</truncated>
		<difficult>0</difficult>
		<bndbox>
			<xmin>379</xmin>
			<ymin>403</ymin>
			<xmax>487</xmax>
			<ymax>463</ymax>
		</bndbox>
	</object>
</annotation>