<annotation>
	<folder>my-project-name</folder>
	<filename>pexels-photo-9643166.jpeg</filename>
	<path>/my-project-name/pexels-photo-9643166.jpeg</path>
	<source>
		<database>Unspecified</database>
	</source>
	<size>
		<width>500</width>
		<height>333</height>
		<depth>3</depth>
	</size>
	<object>
		<name>gun</name>
		<pose>Unspecified</pose>
		<truncated>0</truncated>
		<difficult>0</difficult>
		<bndbox>
			<xmin>64</xmin>
			<ymin>98</ymin>
			<xmax>156</xmax>
			<ymax>255</ymax>
		</bndbox>
	</object>
	<object>
		<name>gun</name>
		<pose>Unspecified</pose>
		<truncated>0</truncated>
		<difficult>0</difficult>
		<bndbox>
			<xmin>157</xmin>
			<ymin>98</ymin>
			<xmax>253</xmax>
			<ymax>254</ymax>
		</bndbox>
	</object>
	<object>
		<name>gun</name>
		<pose>Unspecified</pose>
		<truncated>0</truncated>
		<difficult>0</difficult>
		<bndbox>
			<xmin>257</xmin>
			<ymin>99</ymin>
			<xmax>354</xmax>
			<ymax>254</ymax>
		</bndbox>
	</object>
	<object>
		<name>gun</name>
		<pose>Unspecified</pose>
		<truncated>0</truncated>
		<difficult>0</difficult>
		<bndbox>
			<xmin>366</xmin>
			<ymin>95</ymin>
			<xmax>458</xmax>
			<ymax>254</ymax>
		</bndbox>
	</object>
</annotation>