<annotation>
	<folder>my-project-name</folder>
	<filename>pexels-photo-11624930.jpeg</filename>
	<path>/my-project-name/pexels-photo-11624930.jpeg</path>
	<source>
		<database>Unspecified</database>
	</source>
	<size>
		<width>500</width>
		<height>752</height>
		<depth>3</depth>
	</size>
	<object>
		<name>gun</name>
		<pose>Unspecified</pose>
		<truncated>0</truncated>
		<difficult>0</difficult>
		<bndbox>
			<xmin>251</xmin>
			<ymin>234</ymin>
			<xmax>279</xmax>
			<ymax>418</ymax>
		</bndbox>
	</object>
	<object>
		<name>knife</name>
		<pose>Unspecified</pose>
		<truncated>0</truncated>
		<difficult>0</difficult>
		<bndbox>
			<xmin>257</xmin>
			<ymin>187</ymin>
			<xmax>273</xmax>
			<ymax>240</ymax>
		</bndbox>
	</object>
</annotation>