<annotation>
	<folder>my-project-name</folder>
	<filename>pexels-photo-6204531.jpeg</filename>
	<path>/my-project-name/pexels-photo-6204531.jpeg</path>
	<source>
		<database>Unspecified</database>
	</source>
	<size>
		<width>500</width>
		<height>750</height>
		<depth>3</depth>
	</size>
	<object>
		<name>gun</name>
		<pose>Unspecified</pose>
		<truncated>0</truncated>
		<difficult>0</difficult>
		<bndbox>
			<xmin>277</xmin>
			<ymin>393</ymin>
			<xmax>366</xmax>
			<ymax>452</ymax>
		</bndbox>
	</object>
	<object>
		<name>gun</name>
		<pose>Unspecified</pose>
		<truncated>0</truncated>
		<difficult>0</difficult>
		<bndbox>
			<xmin>242</xmin>
			<ymin>372</ymin>
			<xmax>272</xmax>
			<ymax>459</ymax>
		</bndbox>
	</object>
</annotation>