<annotation>
	<folder>my-project-name</folder>
	<filename>pexels-photo-4646770.jpeg</filename>
	<path>/my-project-name/pexels-photo-4646770.jpeg</path>
	<source>
		<database>Unspecified</database>
	</source>
	<size>
		<width>500</width>
		<height>750</height>
		<depth>3</depth>
	</size>
	<object>
		<name>gun</name>
		<pose>Unspecified</pose>
		<truncated>0</truncated>
		<difficult>0</difficult>
		<bndbox>
			<xmin>267</xmin>
			<ymin>403</ymin>
			<xmax>362</xmax>
			<ymax>723</ymax>
		</bndbox>
	</object>
	<object>
		<name>gun</name>
		<pose>Unspecified</pose>
		<truncated>0</truncated>
		<difficult>0</difficult>
		<bndbox>
			<xmin>175</xmin>
			<ymin>440</ymin>
			<xmax>237</xmax>
			<ymax>546</ymax>
		</bndbox>
	</object>
</annotation>