<annotation>
	<folder>my-project-name</folder>
	<filename>pexels-photo-8717532.jpeg</filename>
	<path>/my-project-name/pexels-photo-8717532.jpeg</path>
	<source>
		<database>Unspecified</database>
	</source>
	<size>
		<width>500</width>
		<height>333</height>
		<depth>3</depth>
	</size>
	<object>
		<name>gun</name>
		<pose>Unspecified</pose>
		<truncated>0</truncated>
		<difficult>0</difficult>
		<bndbox>
			<xmin>12</xmin>
			<ymin>184</ymin>
			<xmax>72</xmax>
			<ymax>220</ymax>
		</bndbox>
	</object>
	<object>
		<name>gun</name>
		<pose>Unspecified</pose>
		<truncated>0</truncated>
		<difficult>0</difficult>
		<bndbox>
			<xmin>440</xmin>
			<ymin>175</ymin>
			<xmax>496</xmax>
			<ymax>201</ymax>
		</bndbox>
	</object>
</annotation>