<annotation>
	<folder>my-project-name</folder>
	<filename>pexels-photo-6090795.jpeg</filename>
	<path>/my-project-name/pexels-photo-6090795.jpeg</path>
	<source>
		<database>Unspecified</database>
	</source>
	<size>
		<width>500</width>
		<height>750</height>
		<depth>3</depth>
	</size>
	<object>
		<name>gun</name>
		<pose>Unspecified</pose>
		<truncated>0</truncated>
		<difficult>0</difficult>
		<bndbox>
			<xmin>184</xmin>
			<ymin>370</ymin>
			<xmax>462</xmax>
			<ymax>457</ymax>
		</bndbox>
	</object>
	<object>
		<name>gun</name>
		<pose>Unspecified</pose>
		<truncated>0</truncated>
		<difficult>0</difficult>
		<bndbox>
			<xmin>306</xmin>
			<ymin>471</ymin>
			<xmax>395</xmax>
			<ymax>497</ymax>
		</bndbox>
	</object>
</annotation>