<annotation>
	<folder>my-project-name</folder>
	<filename>pexels-photo-6204539.jpeg</filename>
	<path>/my-project-name/pexels-photo-6204539.jpeg</path>
	<source>
		<database>Unspecified</database>
	</source>
	<size>
		<width>500</width>
		<height>333</height>
		<depth>3</depth>
	</size>
	<object>
		<name>gun</name>
		<pose>Unspecified</pose>
		<truncated>0</truncated>
		<difficult>0</difficult>
		<bndbox>
			<xmin>214</xmin>
			<ymin>184</ymin>
			<xmax>219</xmax>
			<ymax>235</ymax>
		</bndbox>
	</object>
	<object>
		<name>gun</name>
		<pose>Unspecified</pose>
		<truncated>0</truncated>
		<difficult>0</difficult>
		<bndbox>
			<xmin>336</xmin>
			<ymin>214</ymin>
			<xmax>358</xmax>
			<ymax>239</ymax>
		</bndbox>
	</object>
</annotation>