<annotation>
	<folder>my-project-name</folder>
	<filename>pexels-photo-2756113.jpeg</filename>
	<path>/my-project-name/pexels-photo-2756113.jpeg</path>
	<source>
		<database>Unspecified</database>
	</source>
	<size>
		<width>500</width>
		<height>333</height>
		<depth>3</depth>
	</size>
	<object>
		<name>gun</name>
		<pose>Unspecified</pose>
		<truncated>0</truncated>
		<difficult>0</difficult>
		<bndbox>
			<xmin>124</xmin>
			<ymin>133</ymin>
			<xmax>180</xmax>
			<ymax>172</ymax>
		</bndbox>
	</object>
	<object>
		<name>gun</name>
		<pose>Unspecified</pose>
		<truncated>0</truncated>
		<difficult>0</difficult>
		<bndbox>
			<xmin>416</xmin>
			<ymin>97</ymin>
			<xmax>500</xmax>
			<ymax>222</ymax>
		</bndbox>
	</object>
	<object>
		<name>gun</name>
		<pose>Unspecified</pose>
		<truncated>0</truncated>
		<difficult>0</difficult>
		<bndbox>
			<xmin>140</xmin>
			<ymin>183</ymin>
			<xmax>179</xmax>
			<ymax>333</ymax>
		</bndbox>
	</object>
</annotation>