<annotation>
	<folder>my-project-name</folder>
	<filename>pexels-photo-207840.jpeg</filename>
	<path>/my-project-name/pexels-photo-207840.jpeg</path>
	<source>
		<database>Unspecified</database>
	</source>
	<size>
		<width>500</width>
		<height>327</height>
		<depth>3</depth>
	</size>
	<object>
		<name>gun</name>
		<pose>Unspecified</pose>
		<truncated>0</truncated>
		<difficult>0</difficult>
		<bndbox>
			<xmin>91</xmin>
			<ymin>128</ymin>
			<xmax>144</xmax>
			<ymax>155</ymax>
		</bndbox>
	</object>
	<object>
		<name>gun</name>
		<pose>Unspecified</pose>
		<truncated>0</truncated>
		<difficult>0</difficult>
		<bndbox>
			<xmin>360</xmin>
			<ymin>156</ymin>
			<xmax>395</xmax>
			<ymax>186</ymax>
		</bndbox>
	</object>
</annotation>