<annotation>
	<folder>my-project-name</folder>
	<filename>pexels-photo-8105806.jpeg</filename>
	<path>/my-project-name/pexels-photo-8105806.jpeg</path>
	<source>
		<database>Unspecified</database>
	</source>
	<size>
		<width>500</width>
		<height>750</height>
		<depth>3</depth>
	</size>
	<object>
		<name>gun</name>
		<pose>Unspecified</pose>
		<truncated>0</truncated>
		<difficult>0</difficult>
		<bndbox>
			<xmin>199</xmin>
			<ymin>345</ymin>
			<xmax>241</xmax>
			<ymax>419</ymax>
		</bndbox>
	</object>
	<object>
		<name>cigarette</name>
		<pose>Unspecified</pose>
		<truncated>0</truncated>
		<difficult>0</difficult>
		<bndbox>
			<xmin>299</xmin>
			<ymin>320</ymin>
			<xmax>321</xmax>
			<ymax>334</ymax>
		</bndbox>
	</object>
</annotation>