<annotation>
	<folder>my-project-name</folder>
	<filename>pexels-photo-4836378.jpeg</filename>
	<path>/my-project-name/pexels-photo-4836378.jpeg</path>
	<source>
		<database>Unspecified</database>
	</source>
	<size>
		<width>500</width>
		<height>750</height>
		<depth>3</depth>
	</size>
	<object>
		<name>gun</name>
		<pose>Unspecified</pose>
		<truncated>0</truncated>
		<difficult>0</difficult>
		<bndbox>
			<xmin>0</xmin>
			<ymin>303</ymin>
			<xmax>168</xmax>
			<ymax>407</ymax>
		</bndbox>
	</object>
	<object>
		<name>gun</name>
		<pose>Unspecified</pose>
		<truncated>0</truncated>
		<difficult>0</difficult>
		<bndbox>
			<xmin>0</xmin>
			<ymin>343</ymin>
			<xmax>500</xmax>
			<ymax>537</ymax>
		</bndbox>
	</object>
</annotation>