<annotation>
	<folder>my-project-name</folder>
	<filename>pexels-photo-9268689.jpeg</filename>
	<path>/my-project-name/pexels-photo-9268689.jpeg</path>
	<source>
		<database>Unspecified</database>
	</source>
	<size>
		<width>500</width>
		<height>750</height>
		<depth>3</depth>
	</size>
	<object>
		<name>gun</name>
		<pose>Unspecified</pose>
		<truncated>0</truncated>
		<difficult>0</difficult>
		<bndbox>
			<xmin>10</xmin>
			<ymin>0</ymin>
			<xmax>56</xmax>
			<ymax>730</ymax>
		</bndbox>
	</object>
	<object>
		<name>gun</name>
		<pose>Unspecified</pose>
		<truncated>0</truncated>
		<difficult>0</difficult>
		<bndbox>
			<xmin>311</xmin>
			<ymin>0</ymin>
			<xmax>386</xmax>
			<ymax>660</ymax>
		</bndbox>
	</object>
</annotation>