<annotation>
	<folder>my-project-name</folder>
	<filename>pexels-photo-7299592.jpeg</filename>
	<path>/my-project-name/pexels-photo-7299592.jpeg</path>
	<source>
		<database>Unspecified</database>
	</source>
	<size>
		<width>500</width>
		<height>750</height>
		<depth>3</depth>
	</size>
	<object>
		<name>gun</name>
		<pose>Unspecified</pose>
		<truncated>0</truncated>
		<difficult>0</difficult>
		<bndbox>
			<xmin>177</xmin>
			<ymin>149</ymin>
			<xmax>303</xmax>
			<ymax>211</ymax>
		</bndbox>
	</object>
	<object>
		<name>alcohol</name>
		<pose>Unspecified</pose>
		<truncated>0</truncated>
		<difficult>0</difficult>
		<bndbox>
			<xmin>148</xmin>
			<ymin>473</ymin>
			<xmax>275</xmax>
			<ymax>665</ymax>
		</bndbox>
	</object>
	<object>
		<name>alcohol</name>
		<pose>Unspecified</pose>
		<truncated>0</truncated>
		<difficult>0</difficult>
		<bndbox>
			<xmin>36</xmin>
			<ymin>276</ymin>
			<xmax>150</xmax>
			<ymax>493</ymax>
		</bndbox>
	</object>
	<object>
		<name>cigarette</name>
		<pose>Unspecified</pose>
		<truncated>0</truncated>
		<difficult>0</difficult>
		<bndbox>
			<xmin>87</xmin>
			<ymin>681</ymin>
			<xmax>171</xmax>
			<ymax>722</ymax>
		</bndbox>
	</object>
</annotation>