<annotation>
	<folder>my-project-name</folder>
	<filename>pexels-photo-13282263.jpeg</filename>
	<path>/my-project-name/pexels-photo-13282263.jpeg</path>
	<source>
		<database>Unspecified</database>
	</source>
	<size>
		<width>500</width>
		<height>667</height>
		<depth>3</depth>
	</size>
	<object>
		<name>gun</name>
		<pose>Unspecified</pose>
		<truncated>0</truncated>
		<difficult>0</difficult>
		<bndbox>
			<xmin>128</xmin>
			<ymin>119</ymin>
			<xmax>264</xmax>
			<ymax>667</ymax>
		</bndbox>
	</object>
	<object>
		<name>gun</name>
		<pose>Unspecified</pose>
		<truncated>0</truncated>
		<difficult>0</difficult>
		<bndbox>
			<xmin>176</xmin>
			<ymin>86</ymin>
			<xmax>291</xmax>
			<ymax>527</ymax>
		</bndbox>
	</object>
	<object>
		<name>gun</name>
		<pose>Unspecified</pose>
		<truncated>0</truncated>
		<difficult>0</difficult>
		<bndbox>
			<xmin>229</xmin>
			<ymin>48</ymin>
			<xmax>359</xmax>
			<ymax>465</ymax>
		</bndbox>
	</object>
</annotation>