<annotation>
	<folder>my-project-name</folder>
	<filename>pexels-photo-6204825.jpeg</filename>
	<path>/my-project-name/pexels-photo-6204825.jpeg</path>
	<source>
		<database>Unspecified</database>
	</source>
	<size>
		<width>500</width>
		<height>333</height>
		<depth>3</depth>
	</size>
	<object>
		<name>gun</name>
		<pose>Unspecified</pose>
		<truncated>0</truncated>
		<difficult>0</difficult>
		<bndbox>
			<xmin>142</xmin>
			<ymin>124</ymin>
			<xmax>202</xmax>
			<ymax>149</ymax>
		</bndbox>
	</object>
	<object>
		<name>gun</name>
		<pose>Unspecified</pose>
		<truncated>0</truncated>
		<difficult>0</difficult>
		<bndbox>
			<xmin>282</xmin>
			<ymin>125</ymin>
			<xmax>369</xmax>
			<ymax>145</ymax>
		</bndbox>
	</object>
</annotation>