<annotation>
	<folder>my-project-name</folder>
	<filename>pexels-photo-6204469.jpeg</filename>
	<path>/my-project-name/pexels-photo-6204469.jpeg</path>
	<source>
		<database>Unspecified</database>
	</source>
	<size>
		<width>500</width>
		<height>333</height>
		<depth>3</depth>
	</size>
	<object>
		<name>gun</name>
		<pose>Unspecified</pose>
		<truncated>0</truncated>
		<difficult>0</difficult>
		<bndbox>
			<xmin>149</xmin>
			<ymin>78</ymin>
			<xmax>195</xmax>
			<ymax>202</ymax>
		</bndbox>
	</object>
	<object>
		<name>gun</name>
		<pose>Unspecified</pose>
		<truncated>0</truncated>
		<difficult>0</difficult>
		<bndbox>
			<xmin>238</xmin>
			<ymin>163</ymin>
			<xmax>256</xmax>
			<ymax>222</ymax>
		</bndbox>
	</object>
</annotation>