<annotation>
	<folder>my-project-name</folder>
	<filename>pexels-photo-9334663.jpeg</filename>
	<path>/my-project-name/pexels-photo-9334663.jpeg</path>
	<source>
		<database>Unspecified</database>
	</source>
	<size>
		<width>500</width>
		<height>333</height>
		<depth>3</depth>
	</size>
	<object>
		<name>gun</name>
		<pose>Unspecified</pose>
		<truncated>0</truncated>
		<difficult>0</difficult>
		<bndbox>
			<xmin>37</xmin>
			<ymin>110</ymin>
			<xmax>240</xmax>
			<ymax>202</ymax>
		</bndbox>
	</object>
	<object>
		<name>gun</name>
		<pose>Unspecified</pose>
		<truncated>0</truncated>
		<difficult>0</difficult>
		<bndbox>
			<xmin>269</xmin>
			<ymin>151</ymin>
			<xmax>363</xmax>
			<ymax>269</ymax>
		</bndbox>
	</object>
</annotation>