<annotation>
	<folder>my-project-name</folder>
	<filename>pexels-photo-11917734.jpg</filename>
	<path>/my-project-name/pexels-photo-11917734.jpg</path>
	<source>
		<database>Unspecified</database>
	</source>
	<size>
		<width>500</width>
		<height>400</height>
		<depth>3</depth>
	</size>
	<object>
		<name>knife</name>
		<pose>Unspecified</pose>
		<truncated>0</truncated>
		<difficult>0</difficult>
		<bndbox>
			<xmin>158</xmin>
			<ymin>89</ymin>
			<xmax>355</xmax>
			<ymax>198</ymax>
		</bndbox>
	</object>
	<object>
		<name>gun</name>
		<pose>Unspecified</pose>
		<truncated>0</truncated>
		<difficult>0</difficult>
		<bndbox>
			<xmin>365</xmin>
			<ymin>99</ymin>
			<xmax>474</xmax>
			<ymax>166</ymax>
		</bndbox>
	</object>
</annotation>