<annotation>
	<folder>my-project-name</folder>
	<filename>pexels-photo-9989247.jpg</filename>
	<path>/my-project-name/pexels-photo-9989247.jpg</path>
	<source>
		<database>Unspecified</database>
	</source>
	<size>
		<width>500</width>
		<height>755</height>
		<depth>3</depth>
	</size>
	<object>
		<name>gun</name>
		<pose>Unspecified</pose>
		<truncated>0</truncated>
		<difficult>0</difficult>
		<bndbox>
			<xmin>9</xmin>
			<ymin>205</ymin>
			<xmax>367</xmax>
			<ymax>755</ymax>
		</bndbox>
	</object>
</annotation>