<annotation>
	<folder>my-project-name</folder>
	<filename>pexels-photo-3706652.jpeg</filename>
	<path>/my-project-name/pexels-photo-3706652.jpeg</path>
	<source>
		<database>Unspecified</database>
	</source>
	<size>
		<width>500</width>
		<height>333</height>
		<depth>3</depth>
	</size>
	<object>
		<name>gun</name>
		<pose>Unspecified</pose>
		<truncated>0</truncated>
		<difficult>0</difficult>
		<bndbox>
			<xmin>169</xmin>
			<ymin>133</ymin>
			<xmax>404</xmax>
			<ymax>244</ymax>
		</bndbox>
	</object>
	<object>
		<name>gun</name>
		<pose>Unspecified</pose>
		<truncated>0</truncated>
		<difficult>0</difficult>
		<bndbox>
			<xmin>246</xmin>
			<ymin>98</ymin>
			<xmax>439</xmax>
			<ymax>255</ymax>
		</bndbox>
	</object>
</annotation>