<annotation>
	<folder>my-project-name</folder>
	<filename>pexels-photo-404995.jpeg</filename>
	<path>/my-project-name/pexels-photo-404995.jpeg</path>
	<source>
		<database>Unspecified</database>
	</source>
	<size>
		<width>500</width>
		<height>331</height>
		<depth>3</depth>
	</size>
	<object>
		<name>gun</name>
		<pose>Unspecified</pose>
		<truncated>0</truncated>
		<difficult>0</difficult>
		<bndbox>
			<xmin>15</xmin>
			<ymin>133</ymin>
			<xmax>371</xmax>
			<ymax>255</ymax>
		</bndbox>
	</object>
	<object>
		<name>gun</name>
		<pose>Unspecified</pose>
		<truncated>0</truncated>
		<difficult>0</difficult>
		<bndbox>
			<xmin>0</xmin>
			<ymin>261</ymin>
			<xmax>141</xmax>
			<ymax>331</ymax>
		</bndbox>
	</object>
</annotation>