<annotation>
	<folder>my-project-name</folder>
	<filename>pexels-photo-7231421.jpeg</filename>
	<path>/my-project-name/pexels-photo-7231421.jpeg</path>
	<source>
		<database>Unspecified</database>
	</source>
	<size>
		<width>500</width>
		<height>750</height>
		<depth>3</depth>
	</size>
	<object>
		<name>gun</name>
		<pose>Unspecified</pose>
		<truncated>0</truncated>
		<difficult>0</difficult>
		<bndbox>
			<xmin>195</xmin>
			<ymin>554</ymin>
			<xmax>337</xmax>
			<ymax>620</ymax>
		</bndbox>
	</object>
	<object>
		<name>cigarette</name>
		<pose>Unspecified</pose>
		<truncated>0</truncated>
		<difficult>0</difficult>
		<bndbox>
			<xmin>363</xmin>
			<ymin>95</ymin>
			<xmax>379</xmax>
			<ymax>147</ymax>
		</bndbox>
	</object>
</annotation>