<annotation>
	<folder>my-project-name</folder>
	<filename>pexels-photo-7266004.jpeg</filename>
	<path>/my-project-name/pexels-photo-7266004.jpeg</path>
	<source>
		<database>Unspecified</database>
	</source>
	<size>
		<width>500</width>
		<height>333</height>
		<depth>3</depth>
	</size>
	<object>
		<name>gun</name>
		<pose>Unspecified</pose>
		<truncated>0</truncated>
		<difficult>0</difficult>
		<bndbox>
			<xmin>296</xmin>
			<ymin>155</ymin>
			<xmax>319</xmax>
			<ymax>187</ymax>
		</bndbox>
	</object>
	<object>
		<name>alcohol</name>
		<pose>Unspecified</pose>
		<truncated>0</truncated>
		<difficult>0</difficult>
		<bndbox>
			<xmin>213</xmin>
			<ymin>85</ymin>
			<xmax>249</xmax>
			<ymax>139</ymax>
		</bndbox>
	</object>
</annotation>