<annotation>
	<folder>my-project-name</folder>
	<filename>pexels-photo-264156.jpeg</filename>
	<path>/my-project-name/pexels-photo-264156.jpeg</path>
	<source>
		<database>Unspecified</database>
	</source>
	<size>
		<width>500</width>
		<height>749</height>
		<depth>3</depth>
	</size>
	<object>
		<name>gun</name>
		<pose>Unspecified</pose>
		<truncated>0</truncated>
		<difficult>0</difficult>
		<bndbox>
			<xmin>146</xmin>
			<ymin>413</ymin>
			<xmax>410</xmax>
			<ymax>655</ymax>
		</bndbox>
	</object>
	<object>
		<name>gun</name>
		<pose>Unspecified</pose>
		<truncated>0</truncated>
		<difficult>0</difficult>
		<bndbox>
			<xmin>0</xmin>
			<ymin>155</ymin>
			<xmax>234</xmax>
			<ymax>309</ymax>
		</bndbox>
	</object>
</annotation>