<annotation>
	<folder>my-project-name</folder>
	<filename>pexels-photo-7319074.jpeg</filename>
	<path>/my-project-name/pexels-photo-7319074.jpeg</path>
	<source>
		<database>Unspecified</database>
	</source>
	<size>
		<width>500</width>
		<height>333</height>
		<depth>3</depth>
	</size>
	<object>
		<name>gun</name>
		<pose>Unspecified</pose>
		<truncated>0</truncated>
		<difficult>0</difficult>
		<bndbox>
			<xmin>231</xmin>
			<ymin>242</ymin>
			<xmax>348</xmax>
			<ymax>295</ymax>
		</bndbox>
	</object>
	<object>
		<name>cigarette</name>
		<pose>Unspecified</pose>
		<truncated>0</truncated>
		<difficult>0</difficult>
		<bndbox>
			<xmin>258</xmin>
			<ymin>52</ymin>
			<xmax>277</xmax>
			<ymax>65</ymax>
		</bndbox>
	</object>
	<object>
		<name>cigarette</name>
		<pose>Unspecified</pose>
		<truncated>0</truncated>
		<difficult>0</difficult>
		<bndbox>
			<xmin>274</xmin>
			<ymin>45</ymin>
			<xmax>288</xmax>
			<ymax>77</ymax>
		</bndbox>
	</object>
	<object>
		<name>cigarette</name>
		<pose>Unspecified</pose>
		<truncated>0</truncated>
		<difficult>0</difficult>
		<bndbox>
			<xmin>280</xmin>
			<ymin>56</ymin>
			<xmax>290</xmax>
			<ymax>74</ymax>
		</bndbox>
	</object>
</annotation>