<annotation>
	<folder>my-project-name</folder>
	<filename>pexels-photo-9268692.jpeg</filename>
	<path>/my-project-name/pexels-photo-9268692.jpeg</path>
	<source>
		<database>Unspecified</database>
	</source>
	<size>
		<width>500</width>
		<height>750</height>
		<depth>3</depth>
	</size>
	<object>
		<name>gun</name>
		<pose>Unspecified</pose>
		<truncated>0</truncated>
		<difficult>0</difficult>
		<bndbox>
			<xmin>239</xmin>
			<ymin>483</ymin>
			<xmax>500</xmax>
			<ymax>750</ymax>
		</bndbox>
	</object>
	<object>
		<name>gun</name>
		<pose>Unspecified</pose>
		<truncated>0</truncated>
		<difficult>0</difficult>
		<bndbox>
			<xmin>401</xmin>
			<ymin>290</ymin>
			<xmax>500</xmax>
			<ymax>420</ymax>
		</bndbox>
	</object>
</annotation>