<annotation>
	<folder>my-project-name</folder>
	<filename>pexels-photo-8717526.jpeg</filename>
	<path>/my-project-name/pexels-photo-8717526.jpeg</path>
	<source>
		<database>Unspecified</database>
	</source>
	<size>
		<width>500</width>
		<height>333</height>
		<depth>3</depth>
	</size>
	<object>
		<name>gun</name>
		<pose>Unspecified</pose>
		<truncated>0</truncated>
		<difficult>0</difficult>
		<bndbox>
			<xmin>21</xmin>
			<ymin>139</ymin>
			<xmax>78</xmax>
			<ymax>165</ymax>
		</bndbox>
	</object>
	<object>
		<name>gun</name>
		<pose>Unspecified</pose>
		<truncated>0</truncated>
		<difficult>0</difficult>
		<bndbox>
			<xmin>445</xmin>
			<ymin>150</ymin>
			<xmax>488</xmax>
			<ymax>166</ymax>
		</bndbox>
	</object>
</annotation>