<annotation>
	<folder>my-project-name</folder>
	<filename>pexels-photo-9643246.jpeg</filename>
	<path>/my-project-name/pexels-photo-9643246.jpeg</path>
	<source>
		<database>Unspecified</database>
	</source>
	<size>
		<width>500</width>
		<height>333</height>
		<depth>3</depth>
	</size>
	<object>
		<name>gun</name>
		<pose>Unspecified</pose>
		<truncated>0</truncated>
		<difficult>0</difficult>
		<bndbox>
			<xmin>179</xmin>
			<ymin>32</ymin>
			<xmax>253</xmax>
			<ymax>158</ymax>
		</bndbox>
	</object>
	<object>
		<name>gun</name>
		<pose>Unspecified</pose>
		<truncated>0</truncated>
		<difficult>0</difficult>
		<bndbox>
			<xmin>355</xmin>
			<ymin>80</ymin>
			<xmax>389</xmax>
			<ymax>252</ymax>
		</bndbox>
	</object>
	<object>
		<name>gun</name>
		<pose>Unspecified</pose>
		<truncated>0</truncated>
		<difficult>0</difficult>
		<bndbox>
			<xmin>80</xmin>
			<ymin>111</ymin>
			<xmax>100</xmax>
			<ymax>178</ymax>
		</bndbox>
	</object>
</annotation>