<annotation>
	<folder>my-project-name</folder>
	<filename>pexels-photo-8079183.jpeg</filename>
	<path>/my-project-name/pexels-photo-8079183.jpeg</path>
	<source>
		<database>Unspecified</database>
	</source>
	<size>
		<width>500</width>
		<height>333</height>
		<depth>3</depth>
	</size>
	<object>
		<name>gun</name>
		<pose>Unspecified</pose>
		<truncated>0</truncated>
		<difficult>0</difficult>
		<bndbox>
			<xmin>192</xmin>
			<ymin>148</ymin>
			<xmax>243</xmax>
			<ymax>281</ymax>
		</bndbox>
	</object>
	<object>
		<name>gun</name>
		<pose>Unspecified</pose>
		<truncated>0</truncated>
		<difficult>0</difficult>
		<bndbox>
			<xmin>352</xmin>
			<ymin>118</ymin>
			<xmax>380</xmax>
			<ymax>252</ymax>
		</bndbox>
	</object>
	<object>
		<name>gun</name>
		<pose>Unspecified</pose>
		<truncated>0</truncated>
		<difficult>0</difficult>
		<bndbox>
			<xmin>71</xmin>
			<ymin>182</ymin>
			<xmax>93</xmax>
			<ymax>289</ymax>
		</bndbox>
	</object>
</annotation>