<annotation>
	<folder>my-project-name</folder>
	<filename>pexels-photo-6090786.jpeg</filename>
	<path>/my-project-name/pexels-photo-6090786.jpeg</path>
	<source>
		<database>Unspecified</database>
	</source>
	<size>
		<width>500</width>
		<height>750</height>
		<depth>3</depth>
	</size>
	<object>
		<name>gun</name>
		<pose>Unspecified</pose>
		<truncated>0</truncated>
		<difficult>0</difficult>
		<bndbox>
			<xmin>238</xmin>
			<ymin>381</ymin>
			<xmax>313</xmax>
			<ymax>616</ymax>
		</bndbox>
	</object>
	<object>
		<name>gun</name>
		<pose>Unspecified</pose>
		<truncated>0</truncated>
		<difficult>0</difficult>
		<bndbox>
			<xmin>59</xmin>
			<ymin>553</ymin>
			<xmax>115</xmax>
			<ymax>622</ymax>
		</bndbox>
	</object>
</annotation>