<annotation>
	<folder>my-project-name</folder>
	<filename>pexels-photo-3156203.jpeg</filename>
	<path>/my-project-name/pexels-photo-3156203.jpeg</path>
	<source>
		<database>Unspecified</database>
	</source>
	<size>
		<width>500</width>
		<height>281</height>
		<depth>3</depth>
	</size>
	<object>
		<name>gun</name>
		<pose>Unspecified</pose>
		<truncated>0</truncated>
		<difficult>0</difficult>
		<bndbox>
			<xmin>154</xmin>
			<ymin>130</ymin>
			<xmax>256</xmax>
			<ymax>186</ymax>
		</bndbox>
	</object>
</annotation>