<annotation>
	<folder>my-project-name</folder>
	<filename>pexels-photo-5202438.jpeg</filename>
	<path>/my-project-name/pexels-photo-5202438.jpeg</path>
	<source>
		<database>Unspecified</database>
	</source>
	<size>
		<width>500</width>
		<height>333</height>
		<depth>3</depth>
	</size>
	<object>
		<name>gun</name>
		<pose>Unspecified</pose>
		<truncated>0</truncated>
		<difficult>0</difficult>
		<bndbox>
			<xmin>163</xmin>
			<ymin>210</ymin>
			<xmax>247</xmax>
			<ymax>271</ymax>
		</bndbox>
	</object>
	<object>
		<name>gun</name>
		<pose>Unspecified</pose>
		<truncated>0</truncated>
		<difficult>0</difficult>
		<bndbox>
			<xmin>227</xmin>
			<ymin>159</ymin>
			<xmax>384</xmax>
			<ymax>333</ymax>
		</bndbox>
	</object>
	<object>
		<name>gun</name>
		<pose>Unspecified</pose>
		<truncated>0</truncated>
		<difficult>0</difficult>
		<bndbox>
			<xmin>336</xmin>
			<ymin>182</ymin>
			<xmax>427</xmax>
			<ymax>225</ymax>
		</bndbox>
	</object>
</annotation>