<annotation>
	<folder>my-project-name</folder>
	<filename>pexels-photo-6090793.jpeg</filename>
	<path>/my-project-name/pexels-photo-6090793.jpeg</path>
	<source>
		<database>Unspecified</database>
	</source>
	<size>
		<width>500</width>
		<height>333</height>
		<depth>3</depth>
	</size>
	<object>
		<name>gun</name>
		<pose>Unspecified</pose>
		<truncated>0</truncated>
		<difficult>0</difficult>
		<bndbox>
			<xmin>43</xmin>
			<ymin>148</ymin>
			<xmax>500</xmax>
			<ymax>281</ymax>
		</bndbox>
	</object>
	<object>
		<name>gun</name>
		<pose>Unspecified</pose>
		<truncated>0</truncated>
		<difficult>0</difficult>
		<bndbox>
			<xmin>170</xmin>
			<ymin>261</ymin>
			<xmax>302</xmax>
			<ymax>288</ymax>
		</bndbox>
	</object>
</annotation>