<annotation>
	<folder>my-project-name</folder>
	<filename>pexels-photo-13448777.jpeg</filename>
	<path>/my-project-name/pexels-photo-13448777.jpeg</path>
	<source>
		<database>Unspecified</database>
	</source>
	<size>
		<width>500</width>
		<height>750</height>
		<depth>3</depth>
	</size>
	<object>
		<name>gun</name>
		<pose>Unspecified</pose>
		<truncated>0</truncated>
		<difficult>0</difficult>
		<bndbox>
			<xmin>74</xmin>
			<ymin>192</ymin>
			<xmax>159</xmax>
			<ymax>280</ymax>
		</bndbox>
	</object>
	<object>
		<name>gun</name>
		<pose>Unspecified</pose>
		<truncated>0</truncated>
		<difficult>0</difficult>
		<bndbox>
			<xmin>130</xmin>
			<ymin>566</ymin>
			<xmax>283</xmax>
			<ymax>688</ymax>
		</bndbox>
	</object>
	<object>
		<name>alcohol</name>
		<pose>Unspecified</pose>
		<truncated>0</truncated>
		<difficult>0</difficult>
		<bndbox>
			<xmin>370</xmin>
			<ymin>463</ymin>
			<xmax>435</xmax>
			<ymax>563</ymax>
		</bndbox>
	</object>
</annotation>