<annotation>
	<folder>my-project-name</folder>
	<filename>pexels-photo-13212570.jpeg</filename>
	<path>/my-project-name/pexels-photo-13212570.jpeg</path>
	<source>
		<database>Unspecified</database>
	</source>
	<size>
		<width>500</width>
		<height>625</height>
		<depth>3</depth>
	</size>
	<object>
		<name>gun</name>
		<pose>Unspecified</pose>
		<truncated>0</truncated>
		<difficult>0</difficult>
		<bndbox>
			<xmin>98</xmin>
			<ymin>349</ymin>
			<xmax>205</xmax>
			<ymax>625</ymax>
		</bndbox>
	</object>
	<object>
		<name>gun</name>
		<pose>Unspecified</pose>
		<truncated>0</truncated>
		<difficult>0</difficult>
		<bndbox>
			<xmin>170</xmin>
			<ymin>427</ymin>
			<xmax>300</xmax>
			<ymax>549</ymax>
		</bndbox>
	</object>
</annotation>