<annotation>
	<folder>my-project-name</folder>
	<filename>pexels-photo-9643168.jpeg</filename>
	<path>/my-project-name/pexels-photo-9643168.jpeg</path>
	<source>
		<database>Unspecified</database>
	</source>
	<size>
		<width>500</width>
		<height>333</height>
		<depth>3</depth>
	</size>
	<object>
		<name>gun</name>
		<pose>Unspecified</pose>
		<truncated>0</truncated>
		<difficult>0</difficult>
		<bndbox>
			<xmin>23</xmin>
			<ymin>116</ymin>
			<xmax>131</xmax>
			<ymax>296</ymax>
		</bndbox>
	</object>
	<object>
		<name>gun</name>
		<pose>Unspecified</pose>
		<truncated>0</truncated>
		<difficult>0</difficult>
		<bndbox>
			<xmin>133</xmin>
			<ymin>116</ymin>
			<xmax>246</xmax>
			<ymax>297</ymax>
		</bndbox>
	</object>
	<object>
		<name>gun</name>
		<pose>Unspecified</pose>
		<truncated>0</truncated>
		<difficult>0</difficult>
		<bndbox>
			<xmin>250</xmin>
			<ymin>115</ymin>
			<xmax>365</xmax>
			<ymax>298</ymax>
		</bndbox>
	</object>
	<object>
		<name>gun</name>
		<pose>Unspecified</pose>
		<truncated>0</truncated>
		<difficult>0</difficult>
		<bndbox>
			<xmin>377</xmin>
			<ymin>113</ymin>
			<xmax>488</xmax>
			<ymax>300</ymax>
		</bndbox>
	</object>
</annotation>