<annotation>
	<folder>my-project-name</folder>
	<filename>pexels-photo-6204529.jpeg</filename>
	<path>/my-project-name/pexels-photo-6204529.jpeg</path>
	<source>
		<database>Unspecified</database>
	</source>
	<size>
		<width>500</width>
		<height>333</height>
		<depth>3</depth>
	</size>
	<object>
		<name>gun</name>
		<pose>Unspecified</pose>
		<truncated>0</truncated>
		<difficult>0</difficult>
		<bndbox>
			<xmin>144</xmin>
			<ymin>120</ymin>
			<xmax>193</xmax>
			<ymax>240</ymax>
		</bndbox>
	</object>
	<object>
		<name>gun</name>
		<pose>Unspecified</pose>
		<truncated>0</truncated>
		<difficult>0</difficult>
		<bndbox>
			<xmin>359</xmin>
			<ymin>210</ymin>
			<xmax>367</xmax>
			<ymax>258</ymax>
		</bndbox>
	</object>
</annotation>