<annotation>
	<folder>my-project-name</folder>
	<filename>pexels-photo-5202419.jpeg</filename>
	<path>/my-project-name/pexels-photo-5202419.jpeg</path>
	<source>
		<database>Unspecified</database>
	</source>
	<size>
		<width>500</width>
		<height>333</height>
		<depth>3</depth>
	</size>
	<object>
		<name>gun</name>
		<pose>Unspecified</pose>
		<truncated>0</truncated>
		<difficult>0</difficult>
		<bndbox>
			<xmin>0</xmin>
			<ymin>97</ymin>
			<xmax>265</xmax>
			<ymax>333</ymax>
		</bndbox>
	</object>
	<object>
		<name>gun</name>
		<pose>Unspecified</pose>
		<truncated>0</truncated>
		<difficult>0</difficult>
		<bndbox>
			<xmin>295</xmin>
			<ymin>168</ymin>
			<xmax>477</xmax>
			<ymax>328</ymax>
		</bndbox>
	</object>
</annotation>