<annotation>
	<folder>my-project-name</folder>
	<filename>pexels-photo-8721244.jpeg</filename>
	<path>/my-project-name/pexels-photo-8721244.jpeg</path>
	<source>
		<database>Unspecified</database>
	</source>
	<size>
		<width>500</width>
		<height>827</height>
		<depth>3</depth>
	</size>
	<object>
		<name>gun</name>
		<pose>Unspecified</pose>
		<truncated>0</truncated>
		<difficult>0</difficult>
		<bndbox>
			<xmin>85</xmin>
			<ymin>0</ymin>
			<xmax>175</xmax>
			<ymax>475</ymax>
		</bndbox>
	</object>
	<object>
		<name>alcohol</name>
		<pose>Unspecified</pose>
		<truncated>0</truncated>
		<difficult>0</difficult>
		<bndbox>
			<xmin>168</xmin>
			<ymin>396</ymin>
			<xmax>233</xmax>
			<ymax>547</ymax>
		</bndbox>
	</object>
</annotation>