<annotation>
	<folder>my-project-name</folder>
	<filename>pexels-photo-11711098.jpeg</filename>
	<path>/my-project-name/pexels-photo-11711098.jpeg</path>
	<source>
		<database>Unspecified</database>
	</source>
	<size>
		<width>500</width>
		<height>333</height>
		<depth>3</depth>
	</size>
	<object>
		<name>gun</name>
		<pose>Unspecified</pose>
		<truncated>0</truncated>
		<difficult>0</difficult>
		<bndbox>
			<xmin>164</xmin>
			<ymin>243</ymin>
			<xmax>186</xmax>
			<ymax>305</ymax>
		</bndbox>
	</object>
	<object>
		<name>blood</name>
		<pose>Unspecified</pose>
		<truncated>0</truncated>
		<difficult>0</difficult>
		<bndbox>
			<xmin>110</xmin>
			<ymin>147</ymin>
			<xmax>173</xmax>
			<ymax>277</ymax>
		</bndbox>
	</object>
	<object>
		<name>blood</name>
		<pose>Unspecified</pose>
		<truncated>0</truncated>
		<difficult>0</difficult>
		<bndbox>
			<xmin>171</xmin>
			<ymin>45</ymin>
			<xmax>195</xmax>
			<ymax>63</ymax>
		</bndbox>
	</object>
</annotation>