<annotation>
	<folder>my-project-name</folder>
	<filename>pexels-photo-7299584.jpeg</filename>
	<path>/my-project-name/pexels-photo-7299584.jpeg</path>
	<source>
		<database>Unspecified</database>
	</source>
	<size>
		<width>500</width>
		<height>333</height>
		<depth>3</depth>
	</size>
	<object>
		<name>gun</name>
		<pose>Unspecified</pose>
		<truncated>0</truncated>
		<difficult>0</difficult>
		<bndbox>
			<xmin>191</xmin>
			<ymin>142</ymin>
			<xmax>220</xmax>
			<ymax>163</ymax>
		</bndbox>
	</object>
	<object>
		<name>cigarette</name>
		<pose>Unspecified</pose>
		<truncated>0</truncated>
		<difficult>0</difficult>
		<bndbox>
			<xmin>70</xmin>
			<ymin>145</ymin>
			<xmax>88</xmax>
			<ymax>166</ymax>
		</bndbox>
	</object>
	<object>
		<name>cigarette</name>
		<pose>Unspecified</pose>
		<truncated>0</truncated>
		<difficult>0</difficult>
		<bndbox>
			<xmin>32</xmin>
			<ymin>274</ymin>
			<xmax>59</xmax>
			<ymax>287</ymax>
		</bndbox>
	</object>
	<object>
		<name>alcohol</name>
		<pose>Unspecified</pose>
		<truncated>0</truncated>
		<difficult>0</difficult>
		<bndbox>
			<xmin>100</xmin>
			<ymin>223</ymin>
			<xmax>144</xmax>
			<ymax>281</ymax>
		</bndbox>
	</object>
	<object>
		<name>alcohol</name>
		<pose>Unspecified</pose>
		<truncated>0</truncated>
		<difficult>0</difficult>
		<bndbox>
			<xmin>83</xmin>
			<ymin>182</ymin>
			<xmax>127</xmax>
			<ymax>266</ymax>
		</bndbox>
	</object>
	<object>
		<name>alcohol</name>
		<pose>Unspecified</pose>
		<truncated>0</truncated>
		<difficult>0</difficult>
		<bndbox>
			<xmin>42</xmin>
			<ymin>209</ymin>
			<xmax>81</xmax>
			<ymax>263</ymax>
		</bndbox>
	</object>
</annotation>