<annotation>
	<folder>my-project-name</folder>
	<filename>pexels-photo-8718389.jpeg</filename>
	<path>/my-project-name/pexels-photo-8718389.jpeg</path>
	<source>
		<database>Unspecified</database>
	</source>
	<size>
		<width>500</width>
		<height>750</height>
		<depth>3</depth>
	</size>
	<object>
		<name>gun</name>
		<pose>Unspecified</pose>
		<truncated>0</truncated>
		<difficult>0</difficult>
		<bndbox>
			<xmin>29</xmin>
			<ymin>234</ymin>
			<xmax>96</xmax>
			<ymax>289</ymax>
		</bndbox>
	</object>
	<object>
		<name>gun</name>
		<pose>Unspecified</pose>
		<truncated>0</truncated>
		<difficult>0</difficult>
		<bndbox>
			<xmin>352</xmin>
			<ymin>244</ymin>
			<xmax>382</xmax>
			<ymax>300</ymax>
		</bndbox>
	</object>
</annotation>