<annotation>
	<folder>my-project-name</folder>
	<filename>pexels-photo-3678428.jpeg</filename>
	<path>/my-project-name/pexels-photo-3678428.jpeg</path>
	<source>
		<database>Unspecified</database>
	</source>
	<size>
		<width>500</width>
		<height>281</height>
		<depth>3</depth>
	</size>
	<object>
		<name>gun</name>
		<pose>Unspecified</pose>
		<truncated>0</truncated>
		<difficult>0</difficult>
		<bndbox>
			<xmin>343</xmin>
			<ymin>87</ymin>
			<xmax>423</xmax>
			<ymax>208</ymax>
		</bndbox>
	</object>
	<object>
		<name>gun</name>
		<pose>Unspecified</pose>
		<truncated>0</truncated>
		<difficult>0</difficult>
		<bndbox>
			<xmin>0</xmin>
			<ymin>81</ymin>
			<xmax>138</xmax>
			<ymax>223</ymax>
		</bndbox>
	</object>
</annotation>