<annotation>
	<folder>my-project-name</folder>
	<filename>pexels-photo-7000032.jpeg</filename>
	<path>/my-project-name/pexels-photo-7000032.jpeg</path>
	<source>
		<database>Unspecified</database>
	</source>
	<size>
		<width>500</width>
		<height>333</height>
		<depth>3</depth>
	</size>
	<object>
		<name>gun</name>
		<pose>Unspecified</pose>
		<truncated>0</truncated>
		<difficult>0</difficult>
		<bndbox>
			<xmin>187</xmin>
			<ymin>151</ymin>
			<xmax>213</xmax>
			<ymax>202</ymax>
		</bndbox>
	</object>
	<object>
		<name>gun</name>
		<pose>Unspecified</pose>
		<truncated>0</truncated>
		<difficult>0</difficult>
		<bndbox>
			<xmin>244</xmin>
			<ymin>184</ymin>
			<xmax>273</xmax>
			<ymax>224</ymax>
		</bndbox>
	</object>
</annotation>