<annotation>
	<folder>my-project-name</folder>
	<filename>pexels-photo-8607510.jpeg</filename>
	<path>/my-project-name/pexels-photo-8607510.jpeg</path>
	<source>
		<database>Unspecified</database>
	</source>
	<size>
		<width>500</width>
		<height>750</height>
		<depth>3</depth>
	</size>
	<object>
		<name>gun</name>
		<pose>Unspecified</pose>
		<truncated>0</truncated>
		<difficult>0</difficult>
		<bndbox>
			<xmin>153</xmin>
			<ymin>362</ymin>
			<xmax>269</xmax>
			<ymax>625</ymax>
		</bndbox>
	</object>
	<object>
		<name>knife</name>
		<pose>Unspecified</pose>
		<truncated>0</truncated>
		<difficult>0</difficult>
		<bndbox>
			<xmin>109</xmin>
			<ymin>304</ymin>
			<xmax>166</xmax>
			<ymax>409</ymax>
		</bndbox>
	</object>
</annotation>