<annotation>
	<folder>my-project-name</folder>
	<filename>pexels-photo-7299480.jpeg</filename>
	<path>/my-project-name/pexels-photo-7299480.jpeg</path>
	<source>
		<database>Unspecified</database>
	</source>
	<size>
		<width>500</width>
		<height>750</height>
		<depth>3</depth>
	</size>
	<object>
		<name>gun</name>
		<pose>Unspecified</pose>
		<truncated>0</truncated>
		<difficult>0</difficult>
		<bndbox>
			<xmin>364</xmin>
			<ymin>468</ymin>
			<xmax>489</xmax>
			<ymax>525</ymax>
		</bndbox>
	</object>
	<object>
		<name>alcohol</name>
		<pose>Unspecified</pose>
		<truncated>0</truncated>
		<difficult>0</difficult>
		<bndbox>
			<xmin>29</xmin>
			<ymin>488</ymin>
			<xmax>148</xmax>
			<ymax>642</ymax>
		</bndbox>
	</object>
</annotation>