<annotation>
	<folder>my-project-name</folder>
	<filename>pexels-photo-4007630.jpeg</filename>
	<path>/my-project-name/pexels-photo-4007630.jpeg</path>
	<source>
		<database>Unspecified</database>
	</source>
	<size>
		<width>500</width>
		<height>750</height>
		<depth>3</depth>
	</size>
	<object>
		<name>gun</name>
		<pose>Unspecified</pose>
		<truncated>0</truncated>
		<difficult>0</difficult>
		<bndbox>
			<xmin>138</xmin>
			<ymin>383</ymin>
			<xmax>172</xmax>
			<ymax>470</ymax>
		</bndbox>
	</object>
	<object>
		<name>gun</name>
		<pose>Unspecified</pose>
		<truncated>0</truncated>
		<difficult>0</difficult>
		<bndbox>
			<xmin>284</xmin>
			<ymin>390</ymin>
			<xmax>336</xmax>
			<ymax>498</ymax>
		</bndbox>
	</object>
</annotation>