<annotation>
	<folder>my-project-name</folder>
	<filename>pexels-photo-6204485.jpeg</filename>
	<path>/my-project-name/pexels-photo-6204485.jpeg</path>
	<source>
		<database>Unspecified</database>
	</source>
	<size>
		<width>500</width>
		<height>750</height>
		<depth>3</depth>
	</size>
	<object>
		<name>gun</name>
		<pose>Unspecified</pose>
		<truncated>0</truncated>
		<difficult>0</difficult>
		<bndbox>
			<xmin>171</xmin>
			<ymin>298</ymin>
			<xmax>217</xmax>
			<ymax>528</ymax>
		</bndbox>
	</object>
	<object>
		<name>gun</name>
		<pose>Unspecified</pose>
		<truncated>0</truncated>
		<difficult>0</difficult>
		<bndbox>
			<xmin>277</xmin>
			<ymin>456</ymin>
			<xmax>318</xmax>
			<ymax>533</ymax>
		</bndbox>
	</object>
</annotation>