<annotation>
	<folder>my-project-name</folder>
	<filename>pexels-photo-6204651.jpeg</filename>
	<path>/my-project-name/pexels-photo-6204651.jpeg</path>
	<source>
		<database>Unspecified</database>
	</source>
	<size>
		<width>500</width>
		<height>333</height>
		<depth>3</depth>
	</size>
	<object>
		<name>gun</name>
		<pose>Unspecified</pose>
		<truncated>0</truncated>
		<difficult>0</difficult>
		<bndbox>
			<xmin>74</xmin>
			<ymin>0</ymin>
			<xmax>269</xmax>
			<ymax>333</ymax>
		</bndbox>
	</object>
	<object>
		<name>gun</name>
		<pose>Unspecified</pose>
		<truncated>0</truncated>
		<difficult>0</difficult>
		<bndbox>
			<xmin>0</xmin>
			<ymin>0</ymin>
			<xmax>260</xmax>
			<ymax>318</ymax>
		</bndbox>
	</object>
	<object>
		<name>knife</name>
		<pose>Unspecified</pose>
		<truncated>0</truncated>
		<difficult>0</difficult>
		<bndbox>
			<xmin>329</xmin>
			<ymin>82</ymin>
			<xmax>446</xmax>
			<ymax>154</ymax>
		</bndbox>
	</object>
</annotation>