<annotation>
	<folder>my-project-name</folder>
	<filename>pexels-photo-5966347.jpeg</filename>
	<path>/my-project-name/pexels-photo-5966347.jpeg</path>
	<source>
		<database>Unspecified</database>
	</source>
	<size>
		<width>500</width>
		<height>333</height>
		<depth>3</depth>
	</size>
	<object>
		<name>gun</name>
		<pose>Unspecified</pose>
		<truncated>0</truncated>
		<difficult>0</difficult>
		<bndbox>
			<xmin>37</xmin>
			<ymin>154</ymin>
			<xmax>479</xmax>
			<ymax>233</ymax>
		</bndbox>
	</object>
	<object>
		<name>gun</name>
		<pose>Unspecified</pose>
		<truncated>0</truncated>
		<difficult>0</difficult>
		<bndbox>
			<xmin>345</xmin>
			<ymin>209</ymin>
			<xmax>474</xmax>
			<ymax>249</ymax>
		</bndbox>
	</object>
	<object>
		<name>gun</name>
		<pose>Unspecified</pose>
		<truncated>0</truncated>
		<difficult>0</difficult>
		<bndbox>
			<xmin>76</xmin>
			<ymin>209</ymin>
			<xmax>183</xmax>
			<ymax>244</ymax>
		</bndbox>
	</object>
</annotation>