<annotation>
	<folder>my-project-name</folder>
	<filename>pexels-photo-8718381.jpeg</filename>
	<path>/my-project-name/pexels-photo-8718381.jpeg</path>
	<source>
		<database>Unspecified</database>
	</source>
	<size>
		<width>500</width>
		<height>333</height>
		<depth>3</depth>
	</size>
	<object>
		<name>gun</name>
		<pose>Unspecified</pose>
		<truncated>0</truncated>
		<difficult>0</difficult>
		<bndbox>
			<xmin>21</xmin>
			<ymin>153</ymin>
			<xmax>62</xmax>
			<ymax>185</ymax>
		</bndbox>
	</object>
	<object>
		<name>gun</name>
		<pose>Unspecified</pose>
		<truncated>0</truncated>
		<difficult>0</difficult>
		<bndbox>
			<xmin>443</xmin>
			<ymin>149</ymin>
			<xmax>485</xmax>
			<ymax>176</ymax>
		</bndbox>
	</object>
</annotation>