<annotation>
	<folder>my-project-name</folder>
	<filename>pexels-photo-10033878.jpeg</filename>
	<path>/my-project-name/pexels-photo-10033878.jpeg</path>
	<source>
		<database>Unspecified</database>
	</source>
	<size>
		<width>500</width>
		<height>749</height>
		<depth>3</depth>
	</size>
	<object>
		<name>gun</name>
		<pose>Unspecified</pose>
		<truncated>0</truncated>
		<difficult>0</difficult>
		<bndbox>
			<xmin>229</xmin>
			<ymin>199</ymin>
			<xmax>500</xmax>
			<ymax>428</ymax>
		</bndbox>
	</object>
	<object>
		<name>gun</name>
		<pose>Unspecified</pose>
		<truncated>0</truncated>
		<difficult>0</difficult>
		<bndbox>
			<xmin>183</xmin>
			<ymin>0</ymin>
			<xmax>419</xmax>
			<ymax>363</ymax>
		</bndbox>
	</object>
	<object>
		<name>gun</name>
		<pose>Unspecified</pose>
		<truncated>0</truncated>
		<difficult>0</difficult>
		<bndbox>
			<xmin>55</xmin>
			<ymin>0</ymin>
			<xmax>120</xmax>
			<ymax>361</ymax>
		</bndbox>
	</object>
</annotation>