<annotation>
	<folder>my-project-name</folder>
	<filename>pexels-photo-6204467.jpeg</filename>
	<path>/my-project-name/pexels-photo-6204467.jpeg</path>
	<source>
		<database>Unspecified</database>
	</source>
	<size>
		<width>500</width>
		<height>333</height>
		<depth>3</depth>
	</size>
	<object>
		<name>gun</name>
		<pose>Unspecified</pose>
		<truncated>0</truncated>
		<difficult>0</difficult>
		<bndbox>
			<xmin>149</xmin>
			<ymin>4</ymin>
			<xmax>199</xmax>
			<ymax>211</ymax>
		</bndbox>
	</object>
	<object>
		<name>gun</name>
		<pose>Unspecified</pose>
		<truncated>0</truncated>
		<difficult>0</difficult>
		<bndbox>
			<xmin>233</xmin>
			<ymin>107</ymin>
			<xmax>281</xmax>
			<ymax>234</ymax>
		</bndbox>
	</object>
</annotation>