<annotation>
	<folder>my-project-name</folder>
	<filename>pexels-photo-876343.jpeg</filename>
	<path>/my-project-name/pexels-photo-876343.jpeg</path>
	<source>
		<database>Unspecified</database>
	</source>
	<size>
		<width>500</width>
		<height>334</height>
		<depth>3</depth>
	</size>
	<object>
		<name>gun</name>
		<pose>Unspecified</pose>
		<truncated>0</truncated>
		<difficult>0</difficult>
		<bndbox>
			<xmin>80</xmin>
			<ymin>90</ymin>
			<xmax>212</xmax>
			<ymax>118</ymax>
		</bndbox>
	</object>
	<object>
		<name>gun</name>
		<pose>Unspecified</pose>
		<truncated>0</truncated>
		<difficult>0</difficult>
		<bndbox>
			<xmin>298</xmin>
			<ymin>81</ymin>
			<xmax>330</xmax>
			<ymax>99</ymax>
		</bndbox>
	</object>
	<object>
		<name>gun</name>
		<pose>Unspecified</pose>
		<truncated>0</truncated>
		<difficult>0</difficult>
		<bndbox>
			<xmin>165</xmin>
			<ymin>164</ymin>
			<xmax>224</xmax>
			<ymax>234</ymax>
		</bndbox>
	</object>
</annotation>