<annotation>
	<folder>my-project-name</folder>
	<filename>pexels-photo-9268731.jpeg</filename>
	<path>/my-project-name/pexels-photo-9268731.jpeg</path>
	<source>
		<database>Unspecified</database>
	</source>
	<size>
		<width>500</width>
		<height>333</height>
		<depth>3</depth>
	</size>
	<object>
		<name>gun</name>
		<pose>Unspecified</pose>
		<truncated>0</truncated>
		<difficult>0</difficult>
		<bndbox>
			<xmin>106</xmin>
			<ymin>168</ymin>
			<xmax>134</xmax>
			<ymax>333</ymax>
		</bndbox>
	</object>
	<object>
		<name>gun</name>
		<pose>Unspecified</pose>
		<truncated>0</truncated>
		<difficult>0</difficult>
		<bndbox>
			<xmin>400</xmin>
			<ymin>245</ymin>
			<xmax>418</xmax>
			<ymax>333</ymax>
		</bndbox>
	</object>
	<object>
		<name>knife</name>
		<pose>Unspecified</pose>
		<truncated>0</truncated>
		<difficult>0</difficult>
		<bndbox>
			<xmin>348</xmin>
			<ymin>227</ymin>
			<xmax>363</xmax>
			<ymax>333</ymax>
		</bndbox>
	</object>
</annotation>