<annotation>
	<folder>my-project-name</folder>
	<filename>pexels-photo-5961719.jpeg</filename>
	<path>/my-project-name/pexels-photo-5961719.jpeg</path>
	<source>
		<database>Unspecified</database>
	</source>
	<size>
		<width>500</width>
		<height>751</height>
		<depth>3</depth>
	</size>
	<object>
		<name>gun</name>
		<pose>Unspecified</pose>
		<truncated>0</truncated>
		<difficult>0</difficult>
		<bndbox>
			<xmin>44</xmin>
			<ymin>38</ymin>
			<xmax>397</xmax>
			<ymax>401</ymax>
		</bndbox>
	</object>
	<object>
		<name>gun</name>
		<pose>Unspecified</pose>
		<truncated>0</truncated>
		<difficult>0</difficult>
		<bndbox>
			<xmin>431</xmin>
			<ymin>40</ymin>
			<xmax>500</xmax>
			<ymax>176</ymax>
		</bndbox>
	</object>
</annotation>