<annotation>
	<folder>my-project-name</folder>
	<filename>pexels-photo-6204494.jpeg</filename>
	<path>/my-project-name/pexels-photo-6204494.jpeg</path>
	<source>
		<database>Unspecified</database>
	</source>
	<size>
		<width>500</width>
		<height>750</height>
		<depth>3</depth>
	</size>
	<object>
		<name>gun</name>
		<pose>Unspecified</pose>
		<truncated>0</truncated>
		<difficult>0</difficult>
		<bndbox>
			<xmin>48</xmin>
			<ymin>261</ymin>
			<xmax>207</xmax>
			<ymax>317</ymax>
		</bndbox>
	</object>
	<object>
		<name>gun</name>
		<pose>Unspecified</pose>
		<truncated>0</truncated>
		<difficult>0</difficult>
		<bndbox>
			<xmin>362</xmin>
			<ymin>293</ymin>
			<xmax>379</xmax>
			<ymax>312</ymax>
		</bndbox>
	</object>
</annotation>