<annotation>
	<folder>my-project-name</folder>
	<filename>pexels-photo-13921689.jpeg</filename>
	<path>/my-project-name/pexels-photo-13921689.jpeg</path>
	<source>
		<database>Unspecified</database>
	</source>
	<size>
		<width>500</width>
		<height>700</height>
		<depth>3</depth>
	</size>
	<object>
		<name>gun</name>
		<pose>Unspecified</pose>
		<truncated>0</truncated>
		<difficult>0</difficult>
		<bndbox>
			<xmin>297</xmin>
			<ymin>335</ymin>
			<xmax>391</xmax>
			<ymax>463</ymax>
		</bndbox>
	</object>
</annotation>