<annotation>
	<folder>my-project-name</folder>
	<filename>pexels-photo-7319084.jpeg</filename>
	<path>/my-project-name/pexels-photo-7319084.jpeg</path>
	<source>
		<database>Unspecified</database>
	</source>
	<size>
		<width>500</width>
		<height>750</height>
		<depth>3</depth>
	</size>
	<object>
		<name>cigarette</name>
		<pose>Unspecified</pose>
		<truncated>0</truncated>
		<difficult>0</difficult>
		<bndbox>
			<xmin>186</xmin>
			<ymin>152</ymin>
			<xmax>228</xmax>
			<ymax>174</ymax>
		</bndbox>
	</object>
	<object>
		<name>cigarette</name>
		<pose>Unspecified</pose>
		<truncated>0</truncated>
		<difficult>0</difficult>
		<bndbox>
			<xmin>220</xmin>
			<ymin>132</ymin>
			<xmax>250</xmax>
			<ymax>195</ymax>
		</bndbox>
	</object>
	<object>
		<name>cigarette</name>
		<pose>Unspecified</pose>
		<truncated>0</truncated>
		<difficult>0</difficult>
		<bndbox>
			<xmin>233</xmin>
			<ymin>156</ymin>
			<xmax>249</xmax>
			<ymax>191</ymax>
		</bndbox>
	</object>
	<object>
		<name>gun</name>
		<pose>Unspecified</pose>
		<truncated>0</truncated>
		<difficult>0</difficult>
		<bndbox>
			<xmin>129</xmin>
			<ymin>529</ymin>
			<xmax>338</xmax>
			<ymax>631</ymax>
		</bndbox>
	</object>
</annotation>