<annotation>
	<folder>my-project-name</folder>
	<filename>pexels-photo-6204534.jpeg</filename>
	<path>/my-project-name/pexels-photo-6204534.jpeg</path>
	<source>
		<database>Unspecified</database>
	</source>
	<size>
		<width>500</width>
		<height>333</height>
		<depth>3</depth>
	</size>
	<object>
		<name>gun</name>
		<pose>Unspecified</pose>
		<truncated>0</truncated>
		<difficult>0</difficult>
		<bndbox>
			<xmin>116</xmin>
			<ymin>148</ymin>
			<xmax>135</xmax>
			<ymax>239</ymax>
		</bndbox>
	</object>
	<object>
		<name>gun</name>
		<pose>Unspecified</pose>
		<truncated>0</truncated>
		<difficult>0</difficult>
		<bndbox>
			<xmin>316</xmin>
			<ymin>215</ymin>
			<xmax>385</xmax>
			<ymax>257</ymax>
		</bndbox>
	</object>
</annotation>