<annotation>
	<folder>my-project-name</folder>
	<filename>pexels-photo-4836381.jpeg</filename>
	<path>/my-project-name/pexels-photo-4836381.jpeg</path>
	<source>
		<database>Unspecified</database>
	</source>
	<size>
		<width>500</width>
		<height>750</height>
		<depth>3</depth>
	</size>
	<object>
		<name>gun</name>
		<pose>Unspecified</pose>
		<truncated>0</truncated>
		<difficult>0</difficult>
		<bndbox>
			<xmin>0</xmin>
			<ymin>384</ymin>
			<xmax>495</xmax>
			<ymax>507</ymax>
		</bndbox>
	</object>
	<object>
		<name>gun</name>
		<pose>Unspecified</pose>
		<truncated>0</truncated>
		<difficult>0</difficult>
		<bndbox>
			<xmin>0</xmin>
			<ymin>311</ymin>
			<xmax>214</xmax>
			<ymax>390</ymax>
		</bndbox>
	</object>
</annotation>