<annotation>
	<folder>my-project-name</folder>
	<filename>pexels-photo-5202440.jpeg</filename>
	<path>/my-project-name/pexels-photo-5202440.jpeg</path>
	<source>
		<database>Unspecified</database>
	</source>
	<size>
		<width>500</width>
		<height>750</height>
		<depth>3</depth>
	</size>
	<object>
		<name>gun</name>
		<pose>Unspecified</pose>
		<truncated>0</truncated>
		<difficult>0</difficult>
		<bndbox>
			<xmin>53</xmin>
			<ymin>358</ymin>
			<xmax>483</xmax>
			<ymax>683</ymax>
		</bndbox>
	</object>
	<object>
		<name>gun</name>
		<pose>Unspecified</pose>
		<truncated>0</truncated>
		<difficult>0</difficult>
		<bndbox>
			<xmin>71</xmin>
			<ymin>512</ymin>
			<xmax>210</xmax>
			<ymax>656</ymax>
		</bndbox>
	</object>
	<object>
		<name>gun</name>
		<pose>Unspecified</pose>
		<truncated>0</truncated>
		<difficult>0</difficult>
		<bndbox>
			<xmin>197</xmin>
			<ymin>380</ymin>
			<xmax>348</xmax>
			<ymax>456</ymax>
		</bndbox>
	</object>
</annotation>