<annotation>
	<folder>my-project-name</folder>
	<filename>pexels-photo-9267795.jpeg</filename>
	<path>/my-project-name/pexels-photo-9267795.jpeg</path>
	<source>
		<database>Unspecified</database>
	</source>
	<size>
		<width>500</width>
		<height>750</height>
		<depth>3</depth>
	</size>
	<object>
		<name>gun</name>
		<pose>Unspecified</pose>
		<truncated>0</truncated>
		<difficult>0</difficult>
		<bndbox>
			<xmin>14</xmin>
			<ymin>198</ymin>
			<xmax>188</xmax>
			<ymax>726</ymax>
		</bndbox>
	</object>
	<object>
		<name>gun</name>
		<pose>Unspecified</pose>
		<truncated>0</truncated>
		<difficult>0</difficult>
		<bndbox>
			<xmin>303</xmin>
			<ymin>0</ymin>
			<xmax>474</xmax>
			<ymax>750</ymax>
		</bndbox>
	</object>
</annotation>