<annotation>
	<folder>my-project-name</folder>
	<filename>pexels-photo-5481877.jpeg</filename>
	<path>/my-project-name/pexels-photo-5481877.jpeg</path>
	<source>
		<database>Unspecified</database>
	</source>
	<size>
		<width>500</width>
		<height>333</height>
		<depth>3</depth>
	</size>
	<object>
		<name>gun</name>
		<pose>Unspecified</pose>
		<truncated>0</truncated>
		<difficult>0</difficult>
		<bndbox>
			<xmin>15</xmin>
			<ymin>64</ymin>
			<xmax>309</xmax>
			<ymax>193</ymax>
		</bndbox>
	</object>
</annotation>