<annotation>
	<folder>my-project-name</folder>
	<filename>pexels-photo-6204542.jpeg</filename>
	<path>/my-project-name/pexels-photo-6204542.jpeg</path>
	<source>
		<database>Unspecified</database>
	</source>
	<size>
		<width>500</width>
		<height>333</height>
		<depth>3</depth>
	</size>
	<object>
		<name>gun</name>
		<pose>Unspecified</pose>
		<truncated>0</truncated>
		<difficult>0</difficult>
		<bndbox>
			<xmin>334</xmin>
			<ymin>181</ymin>
			<xmax>381</xmax>
			<ymax>214</ymax>
		</bndbox>
	</object>
	<object>
		<name>gun</name>
		<pose>Unspecified</pose>
		<truncated>0</truncated>
		<difficult>0</difficult>
		<bndbox>
			<xmin>275</xmin>
			<ymin>168</ymin>
			<xmax>292</xmax>
			<ymax>220</ymax>
		</bndbox>
	</object>
</annotation>