<annotation>
	<folder>my-project-name</folder>
	<filename>pexels-photo-6204487.jpeg</filename>
	<path>/my-project-name/pexels-photo-6204487.jpeg</path>
	<source>
		<database>Unspecified</database>
	</source>
	<size>
		<width>500</width>
		<height>333</height>
		<depth>3</depth>
	</size>
	<object>
		<name>gun</name>
		<pose>Unspecified</pose>
		<truncated>0</truncated>
		<difficult>0</difficult>
		<bndbox>
			<xmin>131</xmin>
			<ymin>85</ymin>
			<xmax>219</xmax>
			<ymax>137</ymax>
		</bndbox>
	</object>
	<object>
		<name>gun</name>
		<pose>Unspecified</pose>
		<truncated>0</truncated>
		<difficult>0</difficult>
		<bndbox>
			<xmin>232</xmin>
			<ymin>91</ymin>
			<xmax>332</xmax>
			<ymax>139</ymax>
		</bndbox>
	</object>
</annotation>