<annotation>
	<folder>my-project-name</folder>
	<filename>pexels-photo-11634553.jpeg</filename>
	<path>/my-project-name/pexels-photo-11634553.jpeg</path>
	<source>
		<database>Unspecified</database>
	</source>
	<size>
		<width>500</width>
		<height>291</height>
		<depth>3</depth>
	</size>
	<object>
		<name>gun</name>
		<pose>Unspecified</pose>
		<truncated>0</truncated>
		<difficult>0</difficult>
		<bndbox>
			<xmin>95</xmin>
			<ymin>59</ymin>
			<xmax>310</xmax>
			<ymax>148</ymax>
		</bndbox>
	</object>
	<object>
		<name>gun</name>
		<pose>Unspecified</pose>
		<truncated>0</truncated>
		<difficult>0</difficult>
		<bndbox>
			<xmin>326</xmin>
			<ymin>223</ymin>
			<xmax>483</xmax>
			<ymax>271</ymax>
		</bndbox>
	</object>
</annotation>