<annotation>
	<folder>my-project-name</folder>
	<filename>pexels-photo-10246126.jpeg</filename>
	<path>/my-project-name/pexels-photo-10246126.jpeg</path>
	<source>
		<database>Unspecified</database>
	</source>
	<size>
		<width>500</width>
		<height>281</height>
		<depth>3</depth>
	</size>
	<object>
		<name>gun</name>
		<pose>Unspecified</pose>
		<truncated>0</truncated>
		<difficult>0</difficult>
		<bndbox>
			<xmin>261</xmin>
			<ymin>76</ymin>
			<xmax>411</xmax>
			<ymax>219</ymax>
		</bndbox>
	</object>
	<object>
		<name>gun</name>
		<pose>Unspecified</pose>
		<truncated>0</truncated>
		<difficult>0</difficult>
		<bndbox>
			<xmin>80</xmin>
			<ymin>130</ymin>
			<xmax>185</xmax>
			<ymax>178</ymax>
		</bndbox>
	</object>
</annotation>