<annotation>
	<folder>my-project-name</folder>
	<filename>pexels-photo-5202444.jpeg</filename>
	<path>/my-project-name/pexels-photo-5202444.jpeg</path>
	<source>
		<database>Unspecified</database>
	</source>
	<size>
		<width>500</width>
		<height>333</height>
		<depth>3</depth>
	</size>
	<object>
		<name>gun</name>
		<pose>Unspecified</pose>
		<truncated>0</truncated>
		<difficult>0</difficult>
		<bndbox>
			<xmin>210</xmin>
			<ymin>141</ymin>
			<xmax>300</xmax>
			<ymax>227</ymax>
		</bndbox>
	</object>
	<object>
		<name>gun</name>
		<pose>Unspecified</pose>
		<truncated>0</truncated>
		<difficult>0</difficult>
		<bndbox>
			<xmin>169</xmin>
			<ymin>35</ymin>
			<xmax>464</xmax>
			<ymax>241</ymax>
		</bndbox>
	</object>
	<object>
		<name>gun</name>
		<pose>Unspecified</pose>
		<truncated>0</truncated>
		<difficult>0</difficult>
		<bndbox>
			<xmin>269</xmin>
			<ymin>47</ymin>
			<xmax>369</xmax>
			<ymax>96</ymax>
		</bndbox>
	</object>
</annotation>