<annotation>
	<folder>my-project-name</folder>
	<filename>pexels-photo-7265995.jpeg</filename>
	<path>/my-project-name/pexels-photo-7265995.jpeg</path>
	<source>
		<database>Unspecified</database>
	</source>
	<size>
		<width>500</width>
		<height>333</height>
		<depth>3</depth>
	</size>
	<object>
		<name>gun</name>
		<pose>Unspecified</pose>
		<truncated>0</truncated>
		<difficult>0</difficult>
		<bndbox>
			<xmin>138</xmin>
			<ymin>100</ymin>
			<xmax>237</xmax>
			<ymax>195</ymax>
		</bndbox>
	</object>
</annotation>