<annotation>
	<folder>my-project-name</folder>
	<filename>pexels-photo-9938478.jpeg</filename>
	<path>/my-project-name/pexels-photo-9938478.jpeg</path>
	<source>
		<database>Unspecified</database>
	</source>
	<size>
		<width>500</width>
		<height>754</height>
		<depth>3</depth>
	</size>
	<object>
		<name>gun</name>
		<pose>Unspecified</pose>
		<truncated>0</truncated>
		<difficult>0</difficult>
		<bndbox>
			<xmin>65</xmin>
			<ymin>521</ymin>
			<xmax>240</xmax>
			<ymax>754</ymax>
		</bndbox>
	</object>
	<object>
		<name>blood</name>
		<pose>Unspecified</pose>
		<truncated>0</truncated>
		<difficult>0</difficult>
		<bndbox>
			<xmin>167</xmin>
			<ymin>362</ymin>
			<xmax>225</xmax>
			<ymax>514</ymax>
		</bndbox>
	</object>
	<object>
		<name>blood</name>
		<pose>Unspecified</pose>
		<truncated>0</truncated>
		<difficult>0</difficult>
		<bndbox>
			<xmin>170</xmin>
			<ymin>138</ymin>
			<xmax>263</xmax>
			<ymax>218</ymax>
		</bndbox>
	</object>
</annotation>