<annotation>
	<folder>my-project-name</folder>
	<filename>soldier-uniform-army-weapon-41161.jpeg</filename>
	<path>/my-project-name/soldier-uniform-army-weapon-41161.jpeg</path>
	<source>
		<database>Unspecified</database>
	</source>
	<size>
		<width>500</width>
		<height>333</height>
		<depth>3</depth>
	</size>
	<object>
		<name>gun</name>
		<pose>Unspecified</pose>
		<truncated>0</truncated>
		<difficult>0</difficult>
		<bndbox>
			<xmin>167</xmin>
			<ymin>144</ymin>
			<xmax>411</xmax>
			<ymax>290</ymax>
		</bndbox>
	</object>
</annotation>