<annotation>
	<folder>my-project-name</folder>
	<filename>war-desert-guns-gunshow-163518.jpeg</filename>
	<path>/my-project-name/war-desert-guns-gunshow-163518.jpeg</path>
	<source>
		<database>Unspecified</database>
	</source>
	<size>
		<width>500</width>
		<height>334</height>
		<depth>3</depth>
	</size>
	<object>
		<name>gun</name>
		<pose>Unspecified</pose>
		<truncated>0</truncated>
		<difficult>0</difficult>
		<bndbox>
			<xmin>33</xmin>
			<ymin>94</ymin>
			<xmax>131</xmax>
			<ymax>131</ymax>
		</bndbox>
	</object>
	<object>
		<name>gun</name>
		<pose>Unspecified</pose>
		<truncated>0</truncated>
		<difficult>0</difficult>
		<bndbox>
			<xmin>325</xmin>
			<ymin>39</ymin>
			<xmax>456</xmax>
			<ymax>98</ymax>
		</bndbox>
	</object>
</annotation>