<annotation>
	<folder>my-project-name</folder>
	<filename>war-desert-guns-gunshow-163489.jpeg</filename>
	<path>/my-project-name/war-desert-guns-gunshow-163489.jpeg</path>
	<source>
		<database>Unspecified</database>
	</source>
	<size>
		<width>500</width>
		<height>749</height>
		<depth>3</depth>
	</size>
	<object>
		<name>gun</name>
		<pose>Unspecified</pose>
		<truncated>0</truncated>
		<difficult>0</difficult>
		<bndbox>
			<xmin>183</xmin>
			<ymin>429</ymin>
			<xmax>272</xmax>
			<ymax>611</ymax>
		</bndbox>
	</object>
	<object>
		<name>gun</name>
		<pose>Unspecified</pose>
		<truncated>0</truncated>
		<difficult>0</difficult>
		<bndbox>
			<xmin>360</xmin>
			<ymin>431</ymin>
			<xmax>457</xmax>
			<ymax>543</ymax>
		</bndbox>
	</object>
</annotation>