<annotation>
	<folder>my-project-name</folder>
	<filename>war-desert-guns-gunshow-163480.jpeg</filename>
	<path>/my-project-name/war-desert-guns-gunshow-163480.jpeg</path>
	<source>
		<database>Unspecified</database>
	</source>
	<size>
		<width>500</width>
		<height>334</height>
		<depth>3</depth>
	</size>
	<object>
		<name>gun</name>
		<pose>Unspecified</pose>
		<truncated>0</truncated>
		<difficult>0</difficult>
		<bndbox>
			<xmin>15</xmin>
			<ymin>14</ymin>
			<xmax>268</xmax>
			<ymax>281</ymax>
		</bndbox>
	</object>
</annotation>