<annotation>
	<folder>my-project-name</folder>
	<filename>war-desert-guns-gunshow-163490.jpeg</filename>
	<path>/my-project-name/war-desert-guns-gunshow-163490.jpeg</path>
	<source>
		<database>Unspecified</database>
	</source>
	<size>
		<width>500</width>
		<height>334</height>
		<depth>3</depth>
	</size>
	<object>
		<name>gun</name>
		<pose>Unspecified</pose>
		<truncated>0</truncated>
		<difficult>0</difficult>
		<bndbox>
			<xmin>124</xmin>
			<ymin>106</ymin>
			<xmax>234</xmax>
			<ymax>184</ymax>
		</bndbox>
	</object>
	<object>
		<name>gun</name>
		<pose>Unspecified</pose>
		<truncated>0</truncated>
		<difficult>0</difficult>
		<bndbox>
			<xmin>311</xmin>
			<ymin>103</ymin>
			<xmax>398</xmax>
			<ymax>144</ymax>
		</bndbox>
	</object>
</annotation>