<annotation>
	<folder>my-project-name</folder>
	<filename>war-desert-guns-gunshow-163467.jpeg</filename>
	<path>/my-project-name/war-desert-guns-gunshow-163467.jpeg</path>
	<source>
		<database>Unspecified</database>
	</source>
	<size>
		<width>500</width>
		<height>334</height>
		<depth>3</depth>
	</size>
	<object>
		<name>gun</name>
		<pose>Unspecified</pose>
		<truncated>0</truncated>
		<difficult>0</difficult>
		<bndbox>
			<xmin>83</xmin>
			<ymin>62</ymin>
			<xmax>242</xmax>
			<ymax>115</ymax>
		</bndbox>
	</object>
	<object>
		<name>gun</name>
		<pose>Unspecified</pose>
		<truncated>0</truncated>
		<difficult>0</difficult>
		<bndbox>
			<xmin>239</xmin>
			<ymin>193</ymin>
			<xmax>346</xmax>
			<ymax>263</ymax>
		</bndbox>
	</object>
</annotation>