<annotation>
	<folder>my-project-name</folder>
	<filename>cigarette-smoke-embers-ash-70088.jpeg</filename>
	<path>/my-project-name/cigarette-smoke-embers-ash-70088.jpeg</path>
	<source>
		<database>Unspecified</database>
	</source>
	<size>
		<width>500</width>
		<height>317</height>
		<depth>3</depth>
	</size>
	<object>
		<name>cigarette</name>
		<pose>Unspecified</pose>
		<truncated>0</truncated>
		<difficult>0</difficult>
		<bndbox>
			<xmin>0</xmin>
			<ymin>188</ymin>
			<xmax>173</xmax>
			<ymax>231</ymax>
		</bndbox>
	</object>
</annotation>