<annotation>
	<folder>my-project-name</folder>
	<filename>free-photo-of-ss1-vsco.jpeg</filename>
	<path>/my-project-name/free-photo-of-ss1-vsco.jpeg</path>
	<source>
		<database>Unspecified</database>
	</source>
	<size>
		<width>500</width>
		<height>750</height>
		<depth>3</depth>
	</size>
	<object>
		<name>cigarette</name>
		<pose>Unspecified</pose>
		<truncated>0</truncated>
		<difficult>0</difficult>
		<bndbox>
			<xmin>344</xmin>
			<ymin>286</ymin>
			<xmax>422</xmax>
			<ymax>332</ymax>
		</bndbox>
	</object>
</annotation>