<annotation>
	<folder>my-project-name</folder>
	<filename>man-woman-face-view-163087.jpeg</filename>
	<path>/my-project-name/man-woman-face-view-163087.jpeg</path>
	<source>
		<database>Unspecified</database>
	</source>
	<size>
		<width>500</width>
		<height>335</height>
		<depth>3</depth>
	</size>
	<object>
		<name>cigarette</name>
		<pose>Unspecified</pose>
		<truncated>0</truncated>
		<difficult>0</difficult>
		<bndbox>
			<xmin>312</xmin>
			<ymin>131</ymin>
			<xmax>348</xmax>
			<ymax>145</ymax>
		</bndbox>
	</object>
</annotation>