<annotation>
	<folder>my-project-name</folder>
	<filename>pexels-photo-566266.jpeg</filename>
	<path>/my-project-name/pexels-photo-566266.jpeg</path>
	<source>
		<database>Unspecified</database>
	</source>
	<size>
		<width>500</width>
		<height>333</height>
		<depth>3</depth>
	</size>
	<object>
		<name>cigarette</name>
		<pose>Unspecified</pose>
		<truncated>0</truncated>
		<difficult>0</difficult>
		<bndbox>
			<xmin>236</xmin>
			<ymin>163</ymin>
			<xmax>246</xmax>
			<ymax>171</ymax>
		</bndbox>
	</object>
	<object>
		<name>gun</name>
		<pose>Unspecified</pose>
		<truncated>0</truncated>
		<difficult>0</difficult>
		<bndbox>
			<xmin>254</xmin>
			<ymin>192</ymin>
			<xmax>323</xmax>
			<ymax>333</ymax>
		</bndbox>
	</object>
</annotation>