<annotation>
	<folder>my-project-name</folder>
	<filename>pexels-photo-5097402.jpeg</filename>
	<path>/my-project-name/pexels-photo-5097402.jpeg</path>
	<source>
		<database>Unspecified</database>
	</source>
	<size>
		<width>500</width>
		<height>750</height>
		<depth>3</depth>
	</size>
	<object>
		<name>cigarette</name>
		<pose>Unspecified</pose>
		<truncated>0</truncated>
		<difficult>0</difficult>
		<bndbox>
			<xmin>208</xmin>
			<ymin>361</ymin>
			<xmax>286</xmax>
			<ymax>390</ymax>
		</bndbox>
	</object>
	<object>
		<name>alcohol</name>
		<pose>Unspecified</pose>
		<truncated>0</truncated>
		<difficult>0</difficult>
		<bndbox>
			<xmin>86</xmin>
			<ymin>308</ymin>
			<xmax>178</xmax>
			<ymax>444</ymax>
		</bndbox>
	</object>
	<object>
		<name>alcohol</name>
		<pose>Unspecified</pose>
		<truncated>0</truncated>
		<difficult>0</difficult>
		<bndbox>
			<xmin>336</xmin>
			<ymin>338</ymin>
			<xmax>401</xmax>
			<ymax>435</ymax>
		</bndbox>
	</object>
</annotation>