<annotation>
	<folder>my-project-name</folder>
	<filename>pexels-photo-2059104.jpeg</filename>
	<path>/my-project-name/pexels-photo-2059104.jpeg</path>
	<source>
		<database>Unspecified</database>
	</source>
	<size>
		<width>500</width>
		<height>750</height>
		<depth>3</depth>
	</size>
	<object>
		<name>cigarette</name>
		<pose>Unspecified</pose>
		<truncated>0</truncated>
		<difficult>0</difficult>
		<bndbox>
			<xmin>316</xmin>
			<ymin>289</ymin>
			<xmax>332</xmax>
			<ymax>301</ymax>
		</bndbox>
	</object>
	<object>
		<name>alcohol</name>
		<pose>Unspecified</pose>
		<truncated>0</truncated>
		<difficult>0</difficult>
		<bndbox>
			<xmin>72</xmin>
			<ymin>255</ymin>
			<xmax>194</xmax>
			<ymax>405</ymax>
		</bndbox>
	</object>
</annotation>