<annotation>
	<folder>my-project-name</folder>
	<filename>pexels-photo-5036269.jpeg</filename>
	<path>/my-project-name/pexels-photo-5036269.jpeg</path>
	<source>
		<database>Unspecified</database>
	</source>
	<size>
		<width>500</width>
		<height>750</height>
		<depth>3</depth>
	</size>
	<object>
		<name>cigarette</name>
		<pose>Unspecified</pose>
		<truncated>0</truncated>
		<difficult>0</difficult>
		<bndbox>
			<xmin>97</xmin>
			<ymin>459</ymin>
			<xmax>106</xmax>
			<ymax>470</ymax>
		</bndbox>
	</object>
	<object>
		<name>cigarette</name>
		<pose>Unspecified</pose>
		<truncated>0</truncated>
		<difficult>0</difficult>
		<bndbox>
			<xmin>245</xmin>
			<ymin>426</ymin>
			<xmax>258</xmax>
			<ymax>436</ymax>
		</bndbox>
	</object>
	<object>
		<name>cigarette</name>
		<pose>Unspecified</pose>
		<truncated>0</truncated>
		<difficult>0</difficult>
		<bndbox>
			<xmin>382</xmin>
			<ymin>286</ymin>
			<xmax>393</xmax>
			<ymax>306</ymax>
		</bndbox>
	</object>
</annotation>