<annotation>
	<folder>my-project-name</folder>
	<filename>pexels-photo-4016613.jpeg</filename>
	<path>/my-project-name/pexels-photo-4016613.jpeg</path>
	<source>
		<database>Unspecified</database>
	</source>
	<size>
		<width>500</width>
		<height>750</height>
		<depth>3</depth>
	</size>
	<object>
		<name>cigarette</name>
		<pose>Unspecified</pose>
		<truncated>0</truncated>
		<difficult>0</difficult>
		<bndbox>
			<xmin>391</xmin>
			<ymin>306</ymin>
			<xmax>451</xmax>
			<ymax>341</ymax>
		</bndbox>
	</object>
	<object>
		<name>cigarette</name>
		<pose>Unspecified</pose>
		<truncated>0</truncated>
		<difficult>0</difficult>
		<bndbox>
			<xmin>169</xmin>
			<ymin>265</ymin>
			<xmax>357</xmax>
			<ymax>374</ymax>
		</bndbox>
	</object>
</annotation>