<annotation>
	<folder>my-project-name</folder>
	<filename>pexels-photo-4786129.jpeg</filename>
	<path>/my-project-name/pexels-photo-4786129.jpeg</path>
	<source>
		<database>Unspecified</database>
	</source>
	<size>
		<width>500</width>
		<height>750</height>
		<depth>3</depth>
	</size>
	<object>
		<name>cigarette</name>
		<pose>Unspecified</pose>
		<truncated>0</truncated>
		<difficult>0</difficult>
		<bndbox>
			<xmin>406</xmin>
			<ymin>183</ymin>
			<xmax>427</xmax>
			<ymax>336</ymax>
		</bndbox>
	</object>
	<object>
		<name>cigarette</name>
		<pose>Unspecified</pose>
		<truncated>0</truncated>
		<difficult>0</difficult>
		<bndbox>
			<xmin>287</xmin>
			<ymin>80</ymin>
			<xmax>319</xmax>
			<ymax>151</ymax>
		</bndbox>
	</object>
</annotation>