<annotation>
	<folder>my-project-name</folder>
	<filename>pexels-photo-3885957.jpeg</filename>
	<path>/my-project-name/pexels-photo-3885957.jpeg</path>
	<source>
		<database>Unspecified</database>
	</source>
	<size>
		<width>500</width>
		<height>750</height>
		<depth>3</depth>
	</size>
	<object>
		<name>cigarette</name>
		<pose>Unspecified</pose>
		<truncated>0</truncated>
		<difficult>0</difficult>
		<bndbox>
			<xmin>239</xmin>
			<ymin>347</ymin>
			<xmax>327</xmax>
			<ymax>425</ymax>
		</bndbox>
	</object>
	<object>
		<name>cigarette</name>
		<pose>Unspecified</pose>
		<truncated>0</truncated>
		<difficult>0</difficult>
		<bndbox>
			<xmin>215</xmin>
			<ymin>459</ymin>
			<xmax>249</xmax>
			<ymax>493</ymax>
		</bndbox>
	</object>
</annotation>