<annotation>
	<folder>my-project-name</folder>
	<filename>pexels-photo-3763600.jpeg</filename>
	<path>/my-project-name/pexels-photo-3763600.jpeg</path>
	<source>
		<database>Unspecified</database>
	</source>
	<size>
		<width>500</width>
		<height>332</height>
		<depth>3</depth>
	</size>
	<object>
		<name>cigarette</name>
		<pose>Unspecified</pose>
		<truncated>0</truncated>
		<difficult>0</difficult>
		<bndbox>
			<xmin>240</xmin>
			<ymin>0</ymin>
			<xmax>327</xmax>
			<ymax>135</ymax>
		</bndbox>
	</object>
	<object>
		<name>cigarette</name>
		<pose>Unspecified</pose>
		<truncated>0</truncated>
		<difficult>0</difficult>
		<bndbox>
			<xmin>206</xmin>
			<ymin>179</ymin>
			<xmax>280</xmax>
			<ymax>219</ymax>
		</bndbox>
	</object>
</annotation>