<annotation>
	<folder>my-project-name</folder>
	<filename>pexels-photo-6045229.jpeg</filename>
	<path>/my-project-name/pexels-photo-6045229.jpeg</path>
	<source>
		<database>Unspecified</database>
	</source>
	<size>
		<width>500</width>
		<height>755</height>
		<depth>3</depth>
	</size>
	<object>
		<name>cigarette</name>
		<pose>Unspecified</pose>
		<truncated>0</truncated>
		<difficult>0</difficult>
		<bndbox>
			<xmin>239</xmin>
			<ymin>223</ymin>
			<xmax>328</xmax>
			<ymax>401</ymax>
		</bndbox>
	</object>
	<object>
		<name>cigarette</name>
		<pose>Unspecified</pose>
		<truncated>0</truncated>
		<difficult>0</difficult>
		<bndbox>
			<xmin>278</xmin>
			<ymin>372</ymin>
			<xmax>339</xmax>
			<ymax>411</ymax>
		</bndbox>
	</object>
</annotation>