<annotation>
	<folder>my-project-name</folder>
	<filename>pexels-photo-5921113.jpeg</filename>
	<path>/my-project-name/pexels-photo-5921113.jpeg</path>
	<source>
		<database>Unspecified</database>
	</source>
	<size>
		<width>500</width>
		<height>625</height>
		<depth>3</depth>
	</size>
	<object>
		<name>alcohol</name>
		<pose>Unspecified</pose>
		<truncated>0</truncated>
		<difficult>0</difficult>
		<bndbox>
			<xmin>131</xmin>
			<ymin>210</ymin>
			<xmax>293</xmax>
			<ymax>480</ymax>
		</bndbox>
	</object>
	<object>
		<name>cigarette</name>
		<pose>Unspecified</pose>
		<truncated>0</truncated>
		<difficult>0</difficult>
		<bndbox>
			<xmin>287</xmin>
			<ymin>354</ymin>
			<xmax>395</xmax>
			<ymax>370</ymax>
		</bndbox>
	</object>
	<object>
		<name>cigarette</name>
		<pose>Unspecified</pose>
		<truncated>0</truncated>
		<difficult>0</difficult>
		<bndbox>
			<xmin>244</xmin>
			<ymin>435</ymin>
			<xmax>428</xmax>
			<ymax>557</ymax>
		</bndbox>
	</object>
</annotation>