<annotation>
	<folder>my-project-name</folder>
	<filename>pexels-photo-6045657.jpeg</filename>
	<path>/my-project-name/pexels-photo-6045657.jpeg</path>
	<source>
		<database>Unspecified</database>
	</source>
	<size>
		<width>500</width>
		<height>889</height>
		<depth>3</depth>
	</size>
	<object>
		<name>cigarette</name>
		<pose>Unspecified</pose>
		<truncated>0</truncated>
		<difficult>0</difficult>
		<bndbox>
			<xmin>191</xmin>
			<ymin>403</ymin>
			<xmax>214</xmax>
			<ymax>498</ymax>
		</bndbox>
	</object>
	<object>
		<name>cigarette</name>
		<pose>Unspecified</pose>
		<truncated>0</truncated>
		<difficult>0</difficult>
		<bndbox>
			<xmin>182</xmin>
			<ymin>452</ymin>
			<xmax>281</xmax>
			<ymax>621</ymax>
		</bndbox>
	</object>
</annotation>