<annotation>
	<folder>my-project-name</folder>
	<filename>pexels-photo-4778633.jpeg</filename>
	<path>/my-project-name/pexels-photo-4778633.jpeg</path>
	<source>
		<database>Unspecified</database>
	</source>
	<size>
		<width>500</width>
		<height>750</height>
		<depth>3</depth>
	</size>
	<object>
		<name>cigarette</name>
		<pose>Unspecified</pose>
		<truncated>0</truncated>
		<difficult>0</difficult>
		<bndbox>
			<xmin>113</xmin>
			<ymin>364</ymin>
			<xmax>144</xmax>
			<ymax>411</ymax>
		</bndbox>
	</object>
	<object>
		<name>cigarette</name>
		<pose>Unspecified</pose>
		<truncated>0</truncated>
		<difficult>0</difficult>
		<bndbox>
			<xmin>367</xmin>
			<ymin>387</ymin>
			<xmax>383</xmax>
			<ymax>413</ymax>
		</bndbox>
	</object>
</annotation>