<annotation>
	<folder>my-project-name</folder>
	<filename>pexels-photo-5738117.jpeg</filename>
	<path>/my-project-name/pexels-photo-5738117.jpeg</path>
	<source>
		<database>Unspecified</database>
	</source>
	<size>
		<width>500</width>
		<height>336</height>
		<depth>3</depth>
	</size>
	<object>
		<name>cigarette</name>
		<pose>Unspecified</pose>
		<truncated>0</truncated>
		<difficult>0</difficult>
		<bndbox>
			<xmin>53</xmin>
			<ymin>176</ymin>
			<xmax>83</xmax>
			<ymax>190</ymax>
		</bndbox>
	</object>
</annotation>