<annotation>
	<folder>my-project-name</folder>
	<filename>pexels-photo-5019005.jpeg</filename>
	<path>/my-project-name/pexels-photo-5019005.jpeg</path>
	<source>
		<database>Unspecified</database>
	</source>
	<size>
		<width>500</width>
		<height>750</height>
		<depth>3</depth>
	</size>
	<object>
		<name>cigarette</name>
		<pose>Unspecified</pose>
		<truncated>0</truncated>
		<difficult>0</difficult>
		<bndbox>
			<xmin>303</xmin>
			<ymin>363</ymin>
			<xmax>344</xmax>
			<ymax>399</ymax>
		</bndbox>
	</object>
	<object>
		<name>alcohol</name>
		<pose>Unspecified</pose>
		<truncated>0</truncated>
		<difficult>0</difficult>
		<bndbox>
			<xmin>427</xmin>
			<ymin>518</ymin>
			<xmax>482</xmax>
			<ymax>613</ymax>
		</bndbox>
	</object>
</annotation>