<annotation>
	<folder>my-project-name</folder>
	<filename>pexels-photo-5036267.jpeg</filename>
	<path>/my-project-name/pexels-photo-5036267.jpeg</path>
	<source>
		<database>Unspecified</database>
	</source>
	<size>
		<width>500</width>
		<height>750</height>
		<depth>3</depth>
	</size>
	<object>
		<name>cigarette</name>
		<pose>Unspecified</pose>
		<truncated>0</truncated>
		<difficult>0</difficult>
		<bndbox>
			<xmin>189</xmin>
			<ymin>331</ymin>
			<xmax>264</xmax>
			<ymax>362</ymax>
		</bndbox>
	</object>
	<object>
		<name>cigarette</name>
		<pose>Unspecified</pose>
		<truncated>0</truncated>
		<difficult>0</difficult>
		<bndbox>
			<xmin>244</xmin>
			<ymin>308</ymin>
			<xmax>261</xmax>
			<ymax>357</ymax>
		</bndbox>
	</object>
	<object>
		<name>cigarette</name>
		<pose>Unspecified</pose>
		<truncated>0</truncated>
		<difficult>0</difficult>
		<bndbox>
			<xmin>278</xmin>
			<ymin>322</ymin>
			<xmax>353</xmax>
			<ymax>357</ymax>
		</bndbox>
	</object>
</annotation>