<annotation>
	<folder>my-project-name</folder>
	<filename>pexels-photo-5940225.jpeg</filename>
	<path>/my-project-name/pexels-photo-5940225.jpeg</path>
	<source>
		<database>Unspecified</database>
	</source>
	<size>
		<width>500</width>
		<height>750</height>
		<depth>3</depth>
	</size>
	<object>
		<name>cigarette</name>
		<pose>Unspecified</pose>
		<truncated>0</truncated>
		<difficult>0</difficult>
		<bndbox>
			<xmin>162</xmin>
			<ymin>98</ymin>
			<xmax>183</xmax>
			<ymax>189</ymax>
		</bndbox>
	</object>
	<object>
		<name>alcohol</name>
		<pose>Unspecified</pose>
		<truncated>0</truncated>
		<difficult>0</difficult>
		<bndbox>
			<xmin>12</xmin>
			<ymin>414</ymin>
			<xmax>111</xmax>
			<ymax>736</ymax>
		</bndbox>
	</object>
</annotation>