<annotation>
	<folder>my-project-name</folder>
	<filename>pexels-photo-238230.jpeg</filename>
	<path>/my-project-name/pexels-photo-238230.jpeg</path>
	<source>
		<database>Unspecified</database>
	</source>
	<size>
		<width>500</width>
		<height>419</height>
		<depth>3</depth>
	</size>
	<object>
		<name>cigarette</name>
		<pose>Unspecified</pose>
		<truncated>0</truncated>
		<difficult>0</difficult>
		<bndbox>
			<xmin>391</xmin>
			<ymin>117</ymin>
			<xmax>426</xmax>
			<ymax>326</ymax>
		</bndbox>
	</object>
	<object>
		<name>knife</name>
		<pose>Unspecified</pose>
		<truncated>0</truncated>
		<difficult>0</difficult>
		<bndbox>
			<xmin>195</xmin>
			<ymin>96</ymin>
			<xmax>233</xmax>
			<ymax>338</ymax>
		</bndbox>
	</object>
</annotation>