<annotation>
	<folder>my-project-name</folder>
	<filename>pexels-photo-5932406.jpeg</filename>
	<path>/my-project-name/pexels-photo-5932406.jpeg</path>
	<source>
		<database>Unspecified</database>
	</source>
	<size>
		<width>500</width>
		<height>750</height>
		<depth>3</depth>
	</size>
	<object>
		<name>cigarette</name>
		<pose>Unspecified</pose>
		<truncated>0</truncated>
		<difficult>0</difficult>
		<bndbox>
			<xmin>235</xmin>
			<ymin>263</ymin>
			<xmax>283</xmax>
			<ymax>288</ymax>
		</bndbox>
	</object>
	<object>
		<name>cigarette</name>
		<pose>Unspecified</pose>
		<truncated>0</truncated>
		<difficult>0</difficult>
		<bndbox>
			<xmin>244</xmin>
			<ymin>411</ymin>
			<xmax>294</xmax>
			<ymax>449</ymax>
		</bndbox>
	</object>
</annotation>