<annotation>
	<folder>my-project-name</folder>
	<filename>pexels-photo-5932399.jpeg</filename>
	<path>/my-project-name/pexels-photo-5932399.jpeg</path>
	<source>
		<database>Unspecified</database>
	</source>
	<size>
		<width>500</width>
		<height>333</height>
		<depth>3</depth>
	</size>
	<object>
		<name>cigarette</name>
		<pose>Unspecified</pose>
		<truncated>0</truncated>
		<difficult>0</difficult>
		<bndbox>
			<xmin>276</xmin>
			<ymin>142</ymin>
			<xmax>296</xmax>
			<ymax>149</ymax>
		</bndbox>
	</object>
	<object>
		<name>cigarette</name>
		<pose>Unspecified</pose>
		<truncated>0</truncated>
		<difficult>0</difficult>
		<bndbox>
			<xmin>280</xmin>
			<ymin>80</ymin>
			<xmax>294</xmax>
			<ymax>89</ymax>
		</bndbox>
	</object>
</annotation>