<annotation>
	<folder>my-project-name</folder>
	<filename>pexels-photo-5097356.jpeg</filename>
	<path>/my-project-name/pexels-photo-5097356.jpeg</path>
	<source>
		<database>Unspecified</database>
	</source>
	<size>
		<width>500</width>
		<height>333</height>
		<depth>3</depth>
	</size>
	<object>
		<name>cigarette</name>
		<pose>Unspecified</pose>
		<truncated>0</truncated>
		<difficult>0</difficult>
		<bndbox>
			<xmin>137</xmin>
			<ymin>131</ymin>
			<xmax>146</xmax>
			<ymax>135</ymax>
		</bndbox>
	</object>
	<object>
		<name>cigarette</name>
		<pose>Unspecified</pose>
		<truncated>0</truncated>
		<difficult>0</difficult>
		<bndbox>
			<xmin>195</xmin>
			<ymin>128</ymin>
			<xmax>204</xmax>
			<ymax>135</ymax>
		</bndbox>
	</object>
	<object>
		<name>alcohol</name>
		<pose>Unspecified</pose>
		<truncated>0</truncated>
		<difficult>0</difficult>
		<bndbox>
			<xmin>76</xmin>
			<ymin>198</ymin>
			<xmax>109</xmax>
			<ymax>294</ymax>
		</bndbox>
	</object>
	<object>
		<name>alcohol</name>
		<pose>Unspecified</pose>
		<truncated>0</truncated>
		<difficult>0</difficult>
		<bndbox>
			<xmin>114</xmin>
			<ymin>196</ymin>
			<xmax>146</xmax>
			<ymax>293</ymax>
		</bndbox>
	</object>
</annotation>