<annotation>
	<folder>my-project-name</folder>
	<filename>pexels-photo-576787.jpeg</filename>
	<path>/my-project-name/pexels-photo-576787.jpeg</path>
	<source>
		<database>Unspecified</database>
	</source>
	<size>
		<width>500</width>
		<height>334</height>
		<depth>3</depth>
	</size>
	<object>
		<name>cigarette</name>
		<pose>Unspecified</pose>
		<truncated>0</truncated>
		<difficult>0</difficult>
		<bndbox>
			<xmin>184</xmin>
			<ymin>198</ymin>
			<xmax>288</xmax>
			<ymax>247</ymax>
		</bndbox>
	</object>
</annotation>