<annotation>
	<folder>my-project-name</folder>
	<filename>pexels-photo-5940223.jpeg</filename>
	<path>/my-project-name/pexels-photo-5940223.jpeg</path>
	<source>
		<database>Unspecified</database>
	</source>
	<size>
		<width>500</width>
		<height>750</height>
		<depth>3</depth>
	</size>
	<object>
		<name>alcohol</name>
		<pose>Unspecified</pose>
		<truncated>0</truncated>
		<difficult>0</difficult>
		<bndbox>
			<xmin>228</xmin>
			<ymin>232</ymin>
			<xmax>500</xmax>
			<ymax>351</ymax>
		</bndbox>
	</object>
	<object>
		<name>cigarette</name>
		<pose>Unspecified</pose>
		<truncated>0</truncated>
		<difficult>0</difficult>
		<bndbox>
			<xmin>255</xmin>
			<ymin>279</ymin>
			<xmax>298</xmax>
			<ymax>303</ymax>
		</bndbox>
	</object>
</annotation>