<annotation>
	<folder>my-project-name</folder>
	<filename>pexels-photo-3779034.jpeg</filename>
	<path>/my-project-name/pexels-photo-3779034.jpeg</path>
	<source>
		<database>Unspecified</database>
	</source>
	<size>
		<width>500</width>
		<height>642</height>
		<depth>3</depth>
	</size>
	<object>
		<name>cigarette</name>
		<pose>Unspecified</pose>
		<truncated>0</truncated>
		<difficult>0</difficult>
		<bndbox>
			<xmin>165</xmin>
			<ymin>250</ymin>
			<xmax>199</xmax>
			<ymax>280</ymax>
		</bndbox>
	</object>
</annotation>