<annotation>
	<folder>my-project-name</folder>
	<filename>pexels-photo-5921119.jpeg</filename>
	<path>/my-project-name/pexels-photo-5921119.jpeg</path>
	<source>
		<database>Unspecified</database>
	</source>
	<size>
		<width>500</width>
		<height>625</height>
		<depth>3</depth>
	</size>
	<object>
		<name>alcohol</name>
		<pose>Unspecified</pose>
		<truncated>0</truncated>
		<difficult>0</difficult>
		<bndbox>
			<xmin>156</xmin>
			<ymin>207</ymin>
			<xmax>329</xmax>
			<ymax>483</ymax>
		</bndbox>
	</object>
	<object>
		<name>cigarette</name>
		<pose>Unspecified</pose>
		<truncated>0</truncated>
		<difficult>0</difficult>
		<bndbox>
			<xmin>263</xmin>
			<ymin>446</ymin>
			<xmax>454</xmax>
			<ymax>571</ymax>
		</bndbox>
	</object>
	<object>
		<name>cigarette</name>
		<pose>Unspecified</pose>
		<truncated>0</truncated>
		<difficult>0</difficult>
		<bndbox>
			<xmin>330</xmin>
			<ymin>349</ymin>
			<xmax>433</xmax>
			<ymax>381</ymax>
		</bndbox>
	</object>
</annotation>