<annotation>
	<folder>my-project-name</folder>
	<filename>pexels-photo-3760408.jpeg</filename>
	<path>/my-project-name/pexels-photo-3760408.jpeg</path>
	<source>
		<database>Unspecified</database>
	</source>
	<size>
		<width>500</width>
		<height>347</height>
		<depth>3</depth>
	</size>
	<object>
		<name>cigarette</name>
		<pose>Unspecified</pose>
		<truncated>0</truncated>
		<difficult>0</difficult>
		<bndbox>
			<xmin>244</xmin>
			<ymin>182</ymin>
			<xmax>286</xmax>
			<ymax>238</ymax>
		</bndbox>
	</object>
</annotation>