<annotation>
	<folder>my-project-name</folder>
	<filename>pexels-photo-1799989.jpeg</filename>
	<path>/my-project-name/pexels-photo-1799989.jpeg</path>
	<source>
		<database>Unspecified</database>
	</source>
	<size>
		<width>500</width>
		<height>333</height>
		<depth>3</depth>
	</size>
	<object>
		<name>cigarette</name>
		<pose>Unspecified</pose>
		<truncated>0</truncated>
		<difficult>0</difficult>
		<bndbox>
			<xmin>230</xmin>
			<ymin>96</ymin>
			<xmax>260</xmax>
			<ymax>174</ymax>
		</bndbox>
	</object>
</annotation>