<annotation>
	<folder>my-project-name</folder>
	<filename>pexels-photo-5920941.jpeg</filename>
	<path>/my-project-name/pexels-photo-5920941.jpeg</path>
	<source>
		<database>Unspecified</database>
	</source>
	<size>
		<width>500</width>
		<height>625</height>
		<depth>3</depth>
	</size>
	<object>
		<name>alcohol</name>
		<pose>Unspecified</pose>
		<truncated>0</truncated>
		<difficult>0</difficult>
		<bndbox>
			<xmin>151</xmin>
			<ymin>209</ymin>
			<xmax>233</xmax>
			<ymax>299</ymax>
		</bndbox>
	</object>
	<object>
		<name>alcohol</name>
		<pose>Unspecified</pose>
		<truncated>0</truncated>
		<difficult>0</difficult>
		<bndbox>
			<xmin>51</xmin>
			<ymin>349</ymin>
			<xmax>133</xmax>
			<ymax>593</ymax>
		</bndbox>
	</object>
	<object>
		<name>cigarette</name>
		<pose>Unspecified</pose>
		<truncated>0</truncated>
		<difficult>0</difficult>
		<bndbox>
			<xmin>163</xmin>
			<ymin>179</ymin>
			<xmax>200</xmax>
			<ymax>196</ymax>
		</bndbox>
	</object>
</annotation>