<annotation>
	<folder>my-project-name</folder>
	<filename>pexels-photo-2450574.jpeg</filename>
	<path>/my-project-name/pexels-photo-2450574.jpeg</path>
	<source>
		<database>Unspecified</database>
	</source>
	<size>
		<width>500</width>
		<height>655</height>
		<depth>3</depth>
	</size>
	<object>
		<name>cigarette</name>
		<pose>Unspecified</pose>
		<truncated>0</truncated>
		<difficult>0</difficult>
		<bndbox>
			<xmin>124</xmin>
			<ymin>312</ymin>
			<xmax>225</xmax>
			<ymax>342</ymax>
		</bndbox>
	</object>
</annotation>