<annotation>
	<folder>my-project-name</folder>
	<filename>pexels-photo-1376087.jpeg</filename>
	<path>/my-project-name/pexels-photo-1376087.jpeg</path>
	<source>
		<database>Unspecified</database>
	</source>
	<size>
		<width>500</width>
		<height>750</height>
		<depth>3</depth>
	</size>
	<object>
		<name>cigarette</name>
		<pose>Unspecified</pose>
		<truncated>0</truncated>
		<difficult>0</difficult>
		<bndbox>
			<xmin>151</xmin>
			<ymin>244</ymin>
			<xmax>185</xmax>
			<ymax>264</ymax>
		</bndbox>
	</object>
</annotation>