<annotation>
	<folder>my-project-name</folder>
	<filename>pexels-photo-4778635.jpeg</filename>
	<path>/my-project-name/pexels-photo-4778635.jpeg</path>
	<source>
		<database>Unspecified</database>
	</source>
	<size>
		<width>500</width>
		<height>333</height>
		<depth>3</depth>
	</size>
	<object>
		<name>cigarette</name>
		<pose>Unspecified</pose>
		<truncated>0</truncated>
		<difficult>0</difficult>
		<bndbox>
			<xmin>291</xmin>
			<ymin>187</ymin>
			<xmax>313</xmax>
			<ymax>195</ymax>
		</bndbox>
	</object>
	<object>
		<name>cigarette</name>
		<pose>Unspecified</pose>
		<truncated>0</truncated>
		<difficult>0</difficult>
		<bndbox>
			<xmin>80</xmin>
			<ymin>148</ymin>
			<xmax>96</xmax>
			<ymax>173</ymax>
		</bndbox>
	</object>
</annotation>