<annotation>
	<folder>my-project-name</folder>
	<filename>pexels-photo-5036263.jpeg</filename>
	<path>/my-project-name/pexels-photo-5036263.jpeg</path>
	<source>
		<database>Unspecified</database>
	</source>
	<size>
		<width>500</width>
		<height>333</height>
		<depth>3</depth>
	</size>
	<object>
		<name>cigarette</name>
		<pose>Unspecified</pose>
		<truncated>0</truncated>
		<difficult>0</difficult>
		<bndbox>
			<xmin>197</xmin>
			<ymin>133</ymin>
			<xmax>231</xmax>
			<ymax>146</ymax>
		</bndbox>
	</object>
	<object>
		<name>cigarette</name>
		<pose>Unspecified</pose>
		<truncated>0</truncated>
		<difficult>0</difficult>
		<bndbox>
			<xmin>251</xmin>
			<ymin>139</ymin>
			<xmax>293</xmax>
			<ymax>164</ymax>
		</bndbox>
	</object>
	<object>
		<name>cigarette</name>
		<pose>Unspecified</pose>
		<truncated>0</truncated>
		<difficult>0</difficult>
		<bndbox>
			<xmin>257</xmin>
			<ymin>89</ymin>
			<xmax>270</xmax>
			<ymax>107</ymax>
		</bndbox>
	</object>
</annotation>