<annotation>
	<folder>my-project-name</folder>
	<filename>pexels-photo-2313282.jpeg</filename>
	<path>/my-project-name/pexels-photo-2313282.jpeg</path>
	<source>
		<database>Unspecified</database>
	</source>
	<size>
		<width>500</width>
		<height>749</height>
		<depth>3</depth>
	</size>
	<object>
		<name>cigarette</name>
		<pose>Unspecified</pose>
		<truncated>0</truncated>
		<difficult>0</difficult>
		<bndbox>
			<xmin>236</xmin>
			<ymin>377</ymin>
			<xmax>266</xmax>
			<ymax>457</ymax>
		</bndbox>
	</object>
</annotation>