<annotation>
	<folder>my-project-name</folder>
	<filename>pexels-photo-6045661.jpeg</filename>
	<path>/my-project-name/pexels-photo-6045661.jpeg</path>
	<source>
		<database>Unspecified</database>
	</source>
	<size>
		<width>500</width>
		<height>889</height>
		<depth>3</depth>
	</size>
	<object>
		<name>cigarette</name>
		<pose>Unspecified</pose>
		<truncated>0</truncated>
		<difficult>0</difficult>
		<bndbox>
			<xmin>217</xmin>
			<ymin>397</ymin>
			<xmax>248</xmax>
			<ymax>477</ymax>
		</bndbox>
	</object>
	<object>
		<name>cigarette</name>
		<pose>Unspecified</pose>
		<truncated>0</truncated>
		<difficult>0</difficult>
		<bndbox>
			<xmin>191</xmin>
			<ymin>435</ymin>
			<xmax>302</xmax>
			<ymax>582</ymax>
		</bndbox>
	</object>
</annotation>