<annotation>
	<folder>my-project-name</folder>
	<filename>pexels-photo-2536580.jpeg</filename>
	<path>/my-project-name/pexels-photo-2536580.jpeg</path>
	<source>
		<database>Unspecified</database>
	</source>
	<size>
		<width>500</width>
		<height>333</height>
		<depth>3</depth>
	</size>
	<object>
		<name>cigarette</name>
		<pose>Unspecified</pose>
		<truncated>0</truncated>
		<difficult>0</difficult>
		<bndbox>
			<xmin>239</xmin>
			<ymin>142</ymin>
			<xmax>264</xmax>
			<ymax>171</ymax>
		</bndbox>
	</object>
	<object>
		<name>alcohol</name>
		<pose>Unspecified</pose>
		<truncated>0</truncated>
		<difficult>0</difficult>
		<bndbox>
			<xmin>156</xmin>
			<ymin>195</ymin>
			<xmax>196</xmax>
			<ymax>271</ymax>
		</bndbox>
	</object>
	<object>
		<name>alcohol</name>
		<pose>Unspecified</pose>
		<truncated>0</truncated>
		<difficult>0</difficult>
		<bndbox>
			<xmin>121</xmin>
			<ymin>164</ymin>
			<xmax>172</xmax>
			<ymax>263</ymax>
		</bndbox>
	</object>
</annotation>