<annotation>
	<folder>my-project-name</folder>
	<filename>pexels-photo-5097401.jpeg</filename>
	<path>/my-project-name/pexels-photo-5097401.jpeg</path>
	<source>
		<database>Unspecified</database>
	</source>
	<size>
		<width>500</width>
		<height>333</height>
		<depth>3</depth>
	</size>
	<object>
		<name>cigarette</name>
		<pose>Unspecified</pose>
		<truncated>0</truncated>
		<difficult>0</difficult>
		<bndbox>
			<xmin>183</xmin>
			<ymin>113</ymin>
			<xmax>199</xmax>
			<ymax>118</ymax>
		</bndbox>
	</object>
	<object>
		<name>alcohol</name>
		<pose>Unspecified</pose>
		<truncated>0</truncated>
		<difficult>0</difficult>
		<bndbox>
			<xmin>257</xmin>
			<ymin>115</ymin>
			<xmax>309</xmax>
			<ymax>183</ymax>
		</bndbox>
	</object>
</annotation>