<annotation>
	<folder>my-project-name</folder>
	<filename>pexels-photo-247040.jpeg</filename>
	<path>/my-project-name/pexels-photo-247040.jpeg</path>
	<source>
		<database>Unspecified</database>
	</source>
	<size>
		<width>500</width>
		<height>333</height>
		<depth>3</depth>
	</size>
	<object>
		<name>cigarette</name>
		<pose>Unspecified</pose>
		<truncated>0</truncated>
		<difficult>0</difficult>
		<bndbox>
			<xmin>195</xmin>
			<ymin>234</ymin>
			<xmax>357</xmax>
			<ymax>281</ymax>
		</bndbox>
	</object>
	<object>
		<name>cigarette</name>
		<pose>Unspecified</pose>
		<truncated>0</truncated>
		<difficult>0</difficult>
		<bndbox>
			<xmin>321</xmin>
			<ymin>72</ymin>
			<xmax>500</xmax>
			<ymax>121</ymax>
		</bndbox>
	</object>
	<object>
		<name>cigarette</name>
		<pose>Unspecified</pose>
		<truncated>0</truncated>
		<difficult>0</difficult>
		<bndbox>
			<xmin>407</xmin>
			<ymin>111</ymin>
			<xmax>500</xmax>
			<ymax>157</ymax>
		</bndbox>
	</object>
	<object>
		<name>cigarette</name>
		<pose>Unspecified</pose>
		<truncated>0</truncated>
		<difficult>0</difficult>
		<bndbox>
			<xmin>395</xmin>
			<ymin>117</ymin>
			<xmax>500</xmax>
			<ymax>166</ymax>
		</bndbox>
	</object>
	<object>
		<name>cigarette</name>
		<pose>Unspecified</pose>
		<truncated>0</truncated>
		<difficult>0</difficult>
		<bndbox>
			<xmin>362</xmin>
			<ymin>113</ymin>
			<xmax>397</xmax>
			<ymax>152</ymax>
		</bndbox>
	</object>
</annotation>