<annotation>
	<folder>my-project-name</folder>
	<filename>pexels-photo-5407346.jpeg</filename>
	<path>/my-project-name/pexels-photo-5407346.jpeg</path>
	<source>
		<database>Unspecified</database>
	</source>
	<size>
		<width>500</width>
		<height>801</height>
		<depth>3</depth>
	</size>
	<object>
		<name>cigarette</name>
		<pose>Unspecified</pose>
		<truncated>0</truncated>
		<difficult>0</difficult>
		<bndbox>
			<xmin>177</xmin>
			<ymin>310</ymin>
			<xmax>203</xmax>
			<ymax>343</ymax>
		</bndbox>
	</object>
	<object>
		<name>cigarette</name>
		<pose>Unspecified</pose>
		<truncated>0</truncated>
		<difficult>0</difficult>
		<bndbox>
			<xmin>287</xmin>
			<ymin>345</ymin>
			<xmax>304</xmax>
			<ymax>372</ymax>
		</bndbox>
	</object>
</annotation>