<annotation>
	<folder>my-project-name</folder>
	<filename>pexels-photo-7691890.jpeg</filename>
	<path>/my-project-name/pexels-photo-7691890.jpeg</path>
	<source>
		<database>Unspecified</database>
	</source>
	<size>
		<width>500</width>
		<height>750</height>
		<depth>3</depth>
	</size>
	<object>
		<name>blood</name>
		<pose>Unspecified</pose>
		<truncated>0</truncated>
		<difficult>0</difficult>
		<bndbox>
			<xmin>174</xmin>
			<ymin>238</ymin>
			<xmax>305</xmax>
			<ymax>401</ymax>
		</bndbox>
	</object>
	<object>
		<name>blood</name>
		<pose>Unspecified</pose>
		<truncated>0</truncated>
		<difficult>0</difficult>
		<bndbox>
			<xmin>198</xmin>
			<ymin>425</ymin>
			<xmax>367</xmax>
			<ymax>619</ymax>
		</bndbox>
	</object>
</annotation>