<annotation>
	<folder>my-project-name</folder>
	<filename>pexels-photo-14056007.jpeg</filename>
	<path>/my-project-name/pexels-photo-14056007.jpeg</path>
	<source>
		<database>Unspecified</database>
	</source>
	<size>
		<width>500</width>
		<height>669</height>
		<depth>3</depth>
	</size>
	<object>
		<name>blood</name>
		<pose>Unspecified</pose>
		<truncated>0</truncated>
		<difficult>0</difficult>
		<bndbox>
			<xmin>271</xmin>
			<ymin>290</ymin>
			<xmax>324</xmax>
			<ymax>382</ymax>
		</bndbox>
	</object>
	<object>
		<name>blood</name>
		<pose>Unspecified</pose>
		<truncated>0</truncated>
		<difficult>0</difficult>
		<bndbox>
			<xmin>179</xmin>
			<ymin>320</ymin>
			<xmax>228</xmax>
			<ymax>400</ymax>
		</bndbox>
	</object>
</annotation>