<annotation>
	<folder>my-project-name</folder>
	<filename>pexels-photo-9574318.jpeg</filename>
	<path>/my-project-name/pexels-photo-9574318.jpeg</path>
	<source>
		<database>Unspecified</database>
	</source>
	<size>
		<width>500</width>
		<height>333</height>
		<depth>3</depth>
	</size>
	<object>
		<name>blood</name>
		<pose>Unspecified</pose>
		<truncated>0</truncated>
		<difficult>0</difficult>
		<bndbox>
			<xmin>346</xmin>
			<ymin>207</ymin>
			<xmax>400</xmax>
			<ymax>267</ymax>
		</bndbox>
	</object>
	<object>
		<name>blood</name>
		<pose>Unspecified</pose>
		<truncated>0</truncated>
		<difficult>0</difficult>
		<bndbox>
			<xmin>286</xmin>
			<ymin>153</ymin>
			<xmax>380</xmax>
			<ymax>235</ymax>
		</bndbox>
	</object>
	<object>
		<name>blood</name>
		<pose>Unspecified</pose>
		<truncated>0</truncated>
		<difficult>0</difficult>
		<bndbox>
			<xmin>280</xmin>
			<ymin>130</ymin>
			<xmax>387</xmax>
			<ymax>192</ymax>
		</bndbox>
	</object>
	<object>
		<name>blood</name>
		<pose>Unspecified</pose>
		<truncated>0</truncated>
		<difficult>0</difficult>
		<bndbox>
			<xmin>297</xmin>
			<ymin>0</ymin>
			<xmax>500</xmax>
			<ymax>76</ymax>
		</bndbox>
	</object>
</annotation>