<annotation>
	<folder>my-project-name</folder>
	<filename>pexels-photo-7692055.jpeg</filename>
	<path>/my-project-name/pexels-photo-7692055.jpeg</path>
	<source>
		<database>Unspecified</database>
	</source>
	<size>
		<width>500</width>
		<height>333</height>
		<depth>3</depth>
	</size>
	<object>
		<name>blood</name>
		<pose>Unspecified</pose>
		<truncated>0</truncated>
		<difficult>0</difficult>
		<bndbox>
			<xmin>117</xmin>
			<ymin>158</ymin>
			<xmax>237</xmax>
			<ymax>255</ymax>
		</bndbox>
	</object>
	<object>
		<name>blood</name>
		<pose>Unspecified</pose>
		<truncated>0</truncated>
		<difficult>0</difficult>
		<bndbox>
			<xmin>70</xmin>
			<ymin>189</ymin>
			<xmax>479</xmax>
			<ymax>333</ymax>
		</bndbox>
	</object>
</annotation>