<annotation>
	<folder>my-project-name</folder>
	<filename>pexels-photo-16124035.jpeg</filename>
	<path>/my-project-name/pexels-photo-16124035.jpeg</path>
	<source>
		<database>Unspecified</database>
	</source>
	<size>
		<width>500</width>
		<height>750</height>
		<depth>3</depth>
	</size>
	<object>
		<name>blood</name>
		<pose>Unspecified</pose>
		<truncated>0</truncated>
		<difficult>0</difficult>
		<bndbox>
			<xmin>35</xmin>
			<ymin>110</ymin>
			<xmax>211</xmax>
			<ymax>362</ymax>
		</bndbox>
	</object>
	<object>
		<name>blood</name>
		<pose>Unspecified</pose>
		<truncated>0</truncated>
		<difficult>0</difficult>
		<bndbox>
			<xmin>201</xmin>
			<ymin>281</ymin>
			<xmax>257</xmax>
			<ymax>327</ymax>
		</bndbox>
	</object>
	<object>
		<name>blood</name>
		<pose>Unspecified</pose>
		<truncated>0</truncated>
		<difficult>0</difficult>
		<bndbox>
			<xmin>220</xmin>
			<ymin>441</ymin>
			<xmax>274</xmax>
			<ymax>528</ymax>
		</bndbox>
	</object>
</annotation>