<annotation>
	<folder>my-project-name</folder>
	<filename>pexels-photo-10126081.jpeg</filename>
	<path>/my-project-name/pexels-photo-10126081.jpeg</path>
	<source>
		<database>Unspecified</database>
	</source>
	<size>
		<width>500</width>
		<height>750</height>
		<depth>3</depth>
	</size>
	<object>
		<name>blood</name>
		<pose>Unspecified</pose>
		<truncated>0</truncated>
		<difficult>0</difficult>
		<bndbox>
			<xmin>119</xmin>
			<ymin>240</ymin>
			<xmax>294</xmax>
			<ymax>516</ymax>
		</bndbox>
	</object>
	<object>
		<name>blood</name>
		<pose>Unspecified</pose>
		<truncated>0</truncated>
		<difficult>0</difficult>
		<bndbox>
			<xmin>309</xmin>
			<ymin>191</ymin>
			<xmax>436</xmax>
			<ymax>463</ymax>
		</bndbox>
	</object>
	<object>
		<name>blood</name>
		<pose>Unspecified</pose>
		<truncated>0</truncated>
		<difficult>0</difficult>
		<bndbox>
			<xmin>270</xmin>
			<ymin>318</ymin>
			<xmax>387</xmax>
			<ymax>414</ymax>
		</bndbox>
	</object>
</annotation>