<annotation>
	<folder>my-project-name</folder>
	<filename>pexels-photo-9861885.jpeg</filename>
	<path>/my-project-name/pexels-photo-9861885.jpeg</path>
	<source>
		<database>Unspecified</database>
	</source>
	<size>
		<width>500</width>
		<height>596</height>
		<depth>3</depth>
	</size>
	<object>
		<name>blood</name>
		<pose>Unspecified</pose>
		<truncated>0</truncated>
		<difficult>0</difficult>
		<bndbox>
			<xmin>166</xmin>
			<ymin>208</ymin>
			<xmax>259</xmax>
			<ymax>333</ymax>
		</bndbox>
	</object>
	<object>
		<name>blood</name>
		<pose>Unspecified</pose>
		<truncated>0</truncated>
		<difficult>0</difficult>
		<bndbox>
			<xmin>73</xmin>
			<ymin>207</ymin>
			<xmax>137</xmax>
			<ymax>266</ymax>
		</bndbox>
	</object>
</annotation>