<annotation>
	<folder>my-project-name</folder>
	<filename>pexels-photo-7691895.jpeg</filename>
	<path>/my-project-name/pexels-photo-7691895.jpeg</path>
	<source>
		<database>Unspecified</database>
	</source>
	<size>
		<width>500</width>
		<height>750</height>
		<depth>3</depth>
	</size>
	<object>
		<name>blood</name>
		<pose>Unspecified</pose>
		<truncated>0</truncated>
		<difficult>0</difficult>
		<bndbox>
			<xmin>78</xmin>
			<ymin>323</ymin>
			<xmax>215</xmax>
			<ymax>446</ymax>
		</bndbox>
	</object>
	<object>
		<name>blood</name>
		<pose>Unspecified</pose>
		<truncated>0</truncated>
		<difficult>0</difficult>
		<bndbox>
			<xmin>426</xmin>
			<ymin>558</ymin>
			<xmax>500</xmax>
			<ymax>650</ymax>
		</bndbox>
	</object>
</annotation>