<annotation>
	<folder>my-project-name</folder>
	<filename>pexels-photo-7692065.jpeg</filename>
	<path>/my-project-name/pexels-photo-7692065.jpeg</path>
	<source>
		<database>Unspecified</database>
	</source>
	<size>
		<width>500</width>
		<height>333</height>
		<depth>3</depth>
	</size>
	<object>
		<name>blood</name>
		<pose>Unspecified</pose>
		<truncated>0</truncated>
		<difficult>0</difficult>
		<bndbox>
			<xmin>219</xmin>
			<ymin>113</ymin>
			<xmax>307</xmax>
			<ymax>217</ymax>
		</bndbox>
	</object>
	<object>
		<name>blood</name>
		<pose>Unspecified</pose>
		<truncated>0</truncated>
		<difficult>0</difficult>
		<bndbox>
			<xmin>268</xmin>
			<ymin>98</ymin>
			<xmax>341</xmax>
			<ymax>159</ymax>
		</bndbox>
	</object>
	<object>
		<name>blood</name>
		<pose>Unspecified</pose>
		<truncated>0</truncated>
		<difficult>0</difficult>
		<bndbox>
			<xmin>246</xmin>
			<ymin>230</ymin>
			<xmax>307</xmax>
			<ymax>254</ymax>
		</bndbox>
	</object>
</annotation>