<annotation>
	<folder>my-project-name</folder>
	<filename>pexels-photo-6629372.jpeg</filename>
	<path>/my-project-name/pexels-photo-6629372.jpeg</path>
	<source>
		<database>Unspecified</database>
	</source>
	<size>
		<width>500</width>
		<height>333</height>
		<depth>3</depth>
	</size>
	<object>
		<name>blood</name>
		<pose>Unspecified</pose>
		<truncated>0</truncated>
		<difficult>0</difficult>
		<bndbox>
			<xmin>106</xmin>
			<ymin>85</ymin>
			<xmax>128</xmax>
			<ymax>136</ymax>
		</bndbox>
	</object>
	<object>
		<name>blood</name>
		<pose>Unspecified</pose>
		<truncated>0</truncated>
		<difficult>0</difficult>
		<bndbox>
			<xmin>408</xmin>
			<ymin>63</ymin>
			<xmax>460</xmax>
			<ymax>127</ymax>
		</bndbox>
	</object>
	<object>
		<name>blood</name>
		<pose>Unspecified</pose>
		<truncated>0</truncated>
		<difficult>0</difficult>
		<bndbox>
			<xmin>332</xmin>
			<ymin>118</ymin>
			<xmax>363</xmax>
			<ymax>162</ymax>
		</bndbox>
	</object>
</annotation>