<annotation>
	<folder>my-project-name</folder>
	<filename>pexels-photo-7692114.jpeg</filename>
	<path>/my-project-name/pexels-photo-7692114.jpeg</path>
	<source>
		<database>Unspecified</database>
	</source>
	<size>
		<width>500</width>
		<height>333</height>
		<depth>3</depth>
	</size>
	<object>
		<name>blood</name>
		<pose>Unspecified</pose>
		<truncated>0</truncated>
		<difficult>0</difficult>
		<bndbox>
			<xmin>83</xmin>
			<ymin>163</ymin>
			<xmax>171</xmax>
			<ymax>227</ymax>
		</bndbox>
	</object>
	<object>
		<name>blood</name>
		<pose>Unspecified</pose>
		<truncated>0</truncated>
		<difficult>0</difficult>
		<bndbox>
			<xmin>50</xmin>
			<ymin>191</ymin>
			<xmax>64</xmax>
			<ymax>218</ymax>
		</bndbox>
	</object>
</annotation>