<annotation>
	<folder>my-project-name</folder>
	<filename>pexels-photo-7692137.jpeg</filename>
	<path>/my-project-name/pexels-photo-7692137.jpeg</path>
	<source>
		<database>Unspecified</database>
	</source>
	<size>
		<width>500</width>
		<height>750</height>
		<depth>3</depth>
	</size>
	<object>
		<name>blood</name>
		<pose>Unspecified</pose>
		<truncated>0</truncated>
		<difficult>0</difficult>
		<bndbox>
			<xmin>193</xmin>
			<ymin>261</ymin>
			<xmax>305</xmax>
			<ymax>415</ymax>
		</bndbox>
	</object>
	<object>
		<name>blood</name>
		<pose>Unspecified</pose>
		<truncated>0</truncated>
		<difficult>0</difficult>
		<bndbox>
			<xmin>233</xmin>
			<ymin>165</ymin>
			<xmax>279</xmax>
			<ymax>214</ymax>
		</bndbox>
	</object>
	<object>
		<name>blood</name>
		<pose>Unspecified</pose>
		<truncated>0</truncated>
		<difficult>0</difficult>
		<bndbox>
			<xmin>282</xmin>
			<ymin>130</ymin>
			<xmax>333</xmax>
			<ymax>175</ymax>
		</bndbox>
	</object>
	<object>
		<name>blood</name>
		<pose>Unspecified</pose>
		<truncated>0</truncated>
		<difficult>0</difficult>
		<bndbox>
			<xmin>352</xmin>
			<ymin>236</ymin>
			<xmax>404</xmax>
			<ymax>332</ymax>
		</bndbox>
	</object>
</annotation>