<annotation>
	<folder>my-project-name</folder>
	<filename>pexels-photo-7691786.jpeg</filename>
	<path>/my-project-name/pexels-photo-7691786.jpeg</path>
	<source>
		<database>Unspecified</database>
	</source>
	<size>
		<width>500</width>
		<height>333</height>
		<depth>3</depth>
	</size>
	<object>
		<name>blood</name>
		<pose>Unspecified</pose>
		<truncated>0</truncated>
		<difficult>0</difficult>
		<bndbox>
			<xmin>332</xmin>
			<ymin>143</ymin>
			<xmax>414</xmax>
			<ymax>223</ymax>
		</bndbox>
	</object>
	<object>
		<name>blood</name>
		<pose>Unspecified</pose>
		<truncated>0</truncated>
		<difficult>0</difficult>
		<bndbox>
			<xmin>183</xmin>
			<ymin>28</ymin>
			<xmax>329</xmax>
			<ymax>243</ymax>
		</bndbox>
	</object>
</annotation>