<annotation>
	<folder>my-project-name</folder>
	<filename>pexels-photo-7691884.jpeg</filename>
	<path>/my-project-name/pexels-photo-7691884.jpeg</path>
	<source>
		<database>Unspecified</database>
	</source>
	<size>
		<width>500</width>
		<height>333</height>
		<depth>3</depth>
	</size>
	<object>
		<name>blood</name>
		<pose>Unspecified</pose>
		<truncated>0</truncated>
		<difficult>0</difficult>
		<bndbox>
			<xmin>93</xmin>
			<ymin>120</ymin>
			<xmax>231</xmax>
			<ymax>309</ymax>
		</bndbox>
	</object>
	<object>
		<name>blood</name>
		<pose>Unspecified</pose>
		<truncated>0</truncated>
		<difficult>0</difficult>
		<bndbox>
			<xmin>302</xmin>
			<ymin>127</ymin>
			<xmax>397</xmax>
			<ymax>208</ymax>
		</bndbox>
	</object>
</annotation>