<annotation>
	<folder>my-project-name</folder>
	<filename>pexels-photo-7691793.jpeg</filename>
	<path>/my-project-name/pexels-photo-7691793.jpeg</path>
	<source>
		<database>Unspecified</database>
	</source>
	<size>
		<width>500</width>
		<height>333</height>
		<depth>3</depth>
	</size>
	<object>
		<name>blood</name>
		<pose>Unspecified</pose>
		<truncated>0</truncated>
		<difficult>0</difficult>
		<bndbox>
			<xmin>190</xmin>
			<ymin>211</ymin>
			<xmax>299</xmax>
			<ymax>305</ymax>
		</bndbox>
	</object>
	<object>
		<name>blood</name>
		<pose>Unspecified</pose>
		<truncated>0</truncated>
		<difficult>0</difficult>
		<bndbox>
			<xmin>354</xmin>
			<ymin>90</ymin>
			<xmax>482</xmax>
			<ymax>333</ymax>
		</bndbox>
	</object>
</annotation>