<annotation>
	<folder>my-project-name</folder>
	<filename>pexels-photo-7692144.jpeg</filename>
	<path>/my-project-name/pexels-photo-7692144.jpeg</path>
	<source>
		<database>Unspecified</database>
	</source>
	<size>
		<width>500</width>
		<height>750</height>
		<depth>3</depth>
	</size>
	<object>
		<name>blood</name>
		<pose>Unspecified</pose>
		<truncated>0</truncated>
		<difficult>0</difficult>
		<bndbox>
			<xmin>235</xmin>
			<ymin>259</ymin>
			<xmax>301</xmax>
			<ymax>401</ymax>
		</bndbox>
	</object>
	<object>
		<name>blood</name>
		<pose>Unspecified</pose>
		<truncated>0</truncated>
		<difficult>0</difficult>
		<bndbox>
			<xmin>170</xmin>
			<ymin>232</ymin>
			<xmax>214</xmax>
			<ymax>269</ymax>
		</bndbox>
	</object>
	<object>
		<name>blood</name>
		<pose>Unspecified</pose>
		<truncated>0</truncated>
		<difficult>0</difficult>
		<bndbox>
			<xmin>211</xmin>
			<ymin>290</ymin>
			<xmax>233</xmax>
			<ymax>335</ymax>
		</bndbox>
	</object>
</annotation>