<annotation>
	<folder>my-project-name</folder>
	<filename>pexels-photo-15704405.jpeg</filename>
	<path>/my-project-name/pexels-photo-15704405.jpeg</path>
	<source>
		<database>Unspecified</database>
	</source>
	<size>
		<width>500</width>
		<height>625</height>
		<depth>3</depth>
	</size>
	<object>
		<name>blood</name>
		<pose>Unspecified</pose>
		<truncated>0</truncated>
		<difficult>0</difficult>
		<bndbox>
			<xmin>85</xmin>
			<ymin>250</ymin>
			<xmax>338</xmax>
			<ymax>422</ymax>
		</bndbox>
	</object>
	<object>
		<name>blood</name>
		<pose>Unspecified</pose>
		<truncated>0</truncated>
		<difficult>0</difficult>
		<bndbox>
			<xmin>354</xmin>
			<ymin>242</ymin>
			<xmax>401</xmax>
			<ymax>296</ymax>
		</bndbox>
	</object>
</annotation>