<annotation>
	<folder>my-project-name</folder>
	<filename>pexels-photo-4531307.jpeg</filename>
	<path>/my-project-name/pexels-photo-4531307.jpeg</path>
	<source>
		<database>Unspecified</database>
	</source>
	<size>
		<width>500</width>
		<height>500</height>
		<depth>3</depth>
	</size>
	<object>
		<name>blood</name>
		<pose>Unspecified</pose>
		<truncated>0</truncated>
		<difficult>0</difficult>
		<bndbox>
			<xmin>99</xmin>
			<ymin>167</ymin>
			<xmax>230</xmax>
			<ymax>328</ymax>
		</bndbox>
	</object>
	<object>
		<name>blood</name>
		<pose>Unspecified</pose>
		<truncated>0</truncated>
		<difficult>0</difficult>
		<bndbox>
			<xmin>237</xmin>
			<ymin>69</ymin>
			<xmax>357</xmax>
			<ymax>220</ymax>
		</bndbox>
	</object>
	<object>
		<name>blood</name>
		<pose>Unspecified</pose>
		<truncated>0</truncated>
		<difficult>0</difficult>
		<bndbox>
			<xmin>229</xmin>
			<ymin>247</ymin>
			<xmax>346</xmax>
			<ymax>445</ymax>
		</bndbox>
	</object>
</annotation>