<annotation>
	<folder>my-project-name</folder>
	<filename>pexels-photo-7692111.jpeg</filename>
	<path>/my-project-name/pexels-photo-7692111.jpeg</path>
	<source>
		<database>Unspecified</database>
	</source>
	<size>
		<width>500</width>
		<height>750</height>
		<depth>3</depth>
	</size>
	<object>
		<name>blood</name>
		<pose>Unspecified</pose>
		<truncated>0</truncated>
		<difficult>0</difficult>
		<bndbox>
			<xmin>179</xmin>
			<ymin>371</ymin>
			<xmax>334</xmax>
			<ymax>535</ymax>
		</bndbox>
	</object>
	<object>
		<name>blood</name>
		<pose>Unspecified</pose>
		<truncated>0</truncated>
		<difficult>0</difficult>
		<bndbox>
			<xmin>266</xmin>
			<ymin>344</ymin>
			<xmax>393</xmax>
			<ymax>432</ymax>
		</bndbox>
	</object>
	<object>
		<name>blood</name>
		<pose>Unspecified</pose>
		<truncated>0</truncated>
		<difficult>0</difficult>
		<bndbox>
			<xmin>392</xmin>
			<ymin>449</ymin>
			<xmax>439</xmax>
			<ymax>498</ymax>
		</bndbox>
	</object>
</annotation>