<annotation>
	<folder>my-project-name</folder>
	<filename>pexels-photo-6571054.jpeg</filename>
	<path>/my-project-name/pexels-photo-6571054.jpeg</path>
	<source>
		<database>Unspecified</database>
	</source>
	<size>
		<width>500</width>
		<height>333</height>
		<depth>3</depth>
	</size>
	<object>
		<name>blood</name>
		<pose>Unspecified</pose>
		<truncated>0</truncated>
		<difficult>0</difficult>
		<bndbox>
			<xmin>184</xmin>
			<ymin>62</ymin>
			<xmax>299</xmax>
			<ymax>171</ymax>
		</bndbox>
	</object>
	<object>
		<name>blood</name>
		<pose>Unspecified</pose>
		<truncated>0</truncated>
		<difficult>0</difficult>
		<bndbox>
			<xmin>310</xmin>
			<ymin>132</ymin>
			<xmax>386</xmax>
			<ymax>229</ymax>
		</bndbox>
	</object>
	<object>
		<name>blood</name>
		<pose>Unspecified</pose>
		<truncated>0</truncated>
		<difficult>0</difficult>
		<bndbox>
			<xmin>230</xmin>
			<ymin>188</ymin>
			<xmax>283</xmax>
			<ymax>323</ymax>
		</bndbox>
	</object>
</annotation>