<annotation>
	<folder>my-project-name</folder>
	<filename>pexels-photo-10170905.jpeg</filename>
	<path>/my-project-name/pexels-photo-10170905.jpeg</path>
	<source>
		<database>Unspecified</database>
	</source>
	<size>
		<width>500</width>
		<height>750</height>
		<depth>3</depth>
	</size>
	<object>
		<name>blood</name>
		<pose>Unspecified</pose>
		<truncated>0</truncated>
		<difficult>0</difficult>
		<bndbox>
			<xmin>271</xmin>
			<ymin>151</ymin>
			<xmax>302</xmax>
			<ymax>192</ymax>
		</bndbox>
	</object>
	<object>
		<name>blood</name>
		<pose>Unspecified</pose>
		<truncated>0</truncated>
		<difficult>0</difficult>
		<bndbox>
			<xmin>313</xmin>
			<ymin>172</ymin>
			<xmax>346</xmax>
			<ymax>201</ymax>
		</bndbox>
	</object>
</annotation>