<annotation>
	<folder>my-project-name</folder>
	<filename>pexels-photo-7691888.jpeg</filename>
	<path>/my-project-name/pexels-photo-7691888.jpeg</path>
	<source>
		<database>Unspecified</database>
	</source>
	<size>
		<width>500</width>
		<height>750</height>
		<depth>3</depth>
	</size>
	<object>
		<name>blood</name>
		<pose>Unspecified</pose>
		<truncated>0</truncated>
		<difficult>0</difficult>
		<bndbox>
			<xmin>267</xmin>
			<ymin>273</ymin>
			<xmax>443</xmax>
			<ymax>397</ymax>
		</bndbox>
	</object>
	<object>
		<name>blood</name>
		<pose>Unspecified</pose>
		<truncated>0</truncated>
		<difficult>0</difficult>
		<bndbox>
			<xmin>103</xmin>
			<ymin>428</ymin>
			<xmax>216</xmax>
			<ymax>566</ymax>
		</bndbox>
	</object>
</annotation>