<annotation>
	<folder>my-project-name</folder>
	<filename>pexels-photo-5605488.jpeg</filename>
	<path>/my-project-name/pexels-photo-5605488.jpeg</path>
	<source>
		<database>Unspecified</database>
	</source>
	<size>
		<width>500</width>
		<height>750</height>
		<depth>3</depth>
	</size>
	<object>
		<name>blood</name>
		<pose>Unspecified</pose>
		<truncated>0</truncated>
		<difficult>0</difficult>
		<bndbox>
			<xmin>290</xmin>
			<ymin>368</ymin>
			<xmax>432</xmax>
			<ymax>452</ymax>
		</bndbox>
	</object>
	<object>
		<name>blood</name>
		<pose>Unspecified</pose>
		<truncated>0</truncated>
		<difficult>0</difficult>
		<bndbox>
			<xmin>92</xmin>
			<ymin>465</ymin>
			<xmax>256</xmax>
			<ymax>617</ymax>
		</bndbox>
	</object>
</annotation>