<annotation>
	<folder>my-project-name</folder>
	<filename>pexels-photo-7692050.jpeg</filename>
	<path>/my-project-name/pexels-photo-7692050.jpeg</path>
	<source>
		<database>Unspecified</database>
	</source>
	<size>
		<width>500</width>
		<height>750</height>
		<depth>3</depth>
	</size>
	<object>
		<name>blood</name>
		<pose>Unspecified</pose>
		<truncated>0</truncated>
		<difficult>0</difficult>
		<bndbox>
			<xmin>228</xmin>
			<ymin>349</ymin>
			<xmax>361</xmax>
			<ymax>521</ymax>
		</bndbox>
	</object>
	<object>
		<name>blood</name>
		<pose>Unspecified</pose>
		<truncated>0</truncated>
		<difficult>0</difficult>
		<bndbox>
			<xmin>191</xmin>
			<ymin>328</ymin>
			<xmax>500</xmax>
			<ymax>738</ymax>
		</bndbox>
	</object>
</annotation>