<annotation>
	<folder>my-project-name</folder>
	<filename>pexels-photo-7692120.jpeg</filename>
	<path>/my-project-name/pexels-photo-7692120.jpeg</path>
	<source>
		<database>Unspecified</database>
	</source>
	<size>
		<width>500</width>
		<height>750</height>
		<depth>3</depth>
	</size>
	<object>
		<name>blood</name>
		<pose>Unspecified</pose>
		<truncated>0</truncated>
		<difficult>0</difficult>
		<bndbox>
			<xmin>148</xmin>
			<ymin>364</ymin>
			<xmax>350</xmax>
			<ymax>462</ymax>
		</bndbox>
	</object>
	<object>
		<name>blood</name>
		<pose>Unspecified</pose>
		<truncated>0</truncated>
		<difficult>0</difficult>
		<bndbox>
			<xmin>245</xmin>
			<ymin>354</ymin>
			<xmax>475</xmax>
			<ymax>450</ymax>
		</bndbox>
	</object>
</annotation>