<annotation>
	<folder>my-project-name</folder>
	<filename>pexels-photo-7691791.jpeg</filename>
	<path>/my-project-name/pexels-photo-7691791.jpeg</path>
	<source>
		<database>Unspecified</database>
	</source>
	<size>
		<width>500</width>
		<height>750</height>
		<depth>3</depth>
	</size>
	<object>
		<name>blood</name>
		<pose>Unspecified</pose>
		<truncated>0</truncated>
		<difficult>0</difficult>
		<bndbox>
			<xmin>276</xmin>
			<ymin>322</ymin>
			<xmax>458</xmax>
			<ymax>524</ymax>
		</bndbox>
	</object>
	<object>
		<name>blood</name>
		<pose>Unspecified</pose>
		<truncated>0</truncated>
		<difficult>0</difficult>
		<bndbox>
			<xmin>104</xmin>
			<ymin>131</ymin>
			<xmax>272</xmax>
			<ymax>417</ymax>
		</bndbox>
	</object>
</annotation>