<annotation>
	<folder>my-project-name</folder>
	<filename>pexels-photo-7691897.jpeg</filename>
	<path>/my-project-name/pexels-photo-7691897.jpeg</path>
	<source>
		<database>Unspecified</database>
	</source>
	<size>
		<width>500</width>
		<height>333</height>
		<depth>3</depth>
	</size>
	<object>
		<name>blood</name>
		<pose>Unspecified</pose>
		<truncated>0</truncated>
		<difficult>0</difficult>
		<bndbox>
			<xmin>177</xmin>
			<ymin>65</ymin>
			<xmax>304</xmax>
			<ymax>182</ymax>
		</bndbox>
	</object>
	<object>
		<name>blood</name>
		<pose>Unspecified</pose>
		<truncated>0</truncated>
		<difficult>0</difficult>
		<bndbox>
			<xmin>298</xmin>
			<ymin>143</ymin>
			<xmax>347</xmax>
			<ymax>212</ymax>
		</bndbox>
	</object>
</annotation>