<annotation>
	<folder>my-project-name</folder>
	<filename>pexels-photo-7691780.jpeg</filename>
	<path>/my-project-name/pexels-photo-7691780.jpeg</path>
	<source>
		<database>Unspecified</database>
	</source>
	<size>
		<width>500</width>
		<height>333</height>
		<depth>3</depth>
	</size>
	<object>
		<name>blood</name>
		<pose>Unspecified</pose>
		<truncated>0</truncated>
		<difficult>0</difficult>
		<bndbox>
			<xmin>239</xmin>
			<ymin>75</ymin>
			<xmax>317</xmax>
			<ymax>154</ymax>
		</bndbox>
	</object>
	<object>
		<name>blood</name>
		<pose>Unspecified</pose>
		<truncated>0</truncated>
		<difficult>0</difficult>
		<bndbox>
			<xmin>193</xmin>
			<ymin>155</ymin>
			<xmax>338</xmax>
			<ymax>287</ymax>
		</bndbox>
	</object>
	<object>
		<name>blood</name>
		<pose>Unspecified</pose>
		<truncated>0</truncated>
		<difficult>0</difficult>
		<bndbox>
			<xmin>351</xmin>
			<ymin>174</ymin>
			<xmax>416</xmax>
			<ymax>241</ymax>
		</bndbox>
	</object>
</annotation>