<annotation>
	<folder>my-project-name</folder>
	<filename>pexels-photo-5994800.jpeg</filename>
	<path>/my-project-name/pexels-photo-5994800.jpeg</path>
	<source>
		<database>Unspecified</database>
	</source>
	<size>
		<width>500</width>
		<height>333</height>
		<depth>3</depth>
	</size>
	<object>
		<name>blood</name>
		<pose>Unspecified</pose>
		<truncated>0</truncated>
		<difficult>0</difficult>
		<bndbox>
			<xmin>205</xmin>
			<ymin>50</ymin>
			<xmax>229</xmax>
			<ymax>184</ymax>
		</bndbox>
	</object>
	<object>
		<name>blood</name>
		<pose>Unspecified</pose>
		<truncated>0</truncated>
		<difficult>0</difficult>
		<bndbox>
			<xmin>269</xmin>
			<ymin>52</ymin>
			<xmax>293</xmax>
			<ymax>185</ymax>
		</bndbox>
	</object>
</annotation>