<annotation>
	<folder>my-project-name</folder>
	<filename>pexels-photo-7692112.jpeg</filename>
	<path>/my-project-name/pexels-photo-7692112.jpeg</path>
	<source>
		<database>Unspecified</database>
	</source>
	<size>
		<width>500</width>
		<height>750</height>
		<depth>3</depth>
	</size>
	<object>
		<name>blood</name>
		<pose>Unspecified</pose>
		<truncated>0</truncated>
		<difficult>0</difficult>
		<bndbox>
			<xmin>165</xmin>
			<ymin>344</ymin>
			<xmax>311</xmax>
			<ymax>516</ymax>
		</bndbox>
	</object>
	<object>
		<name>blood</name>
		<pose>Unspecified</pose>
		<truncated>0</truncated>
		<difficult>0</difficult>
		<bndbox>
			<xmin>226</xmin>
			<ymin>313</ymin>
			<xmax>369</xmax>
			<ymax>407</ymax>
		</bndbox>
	</object>
	<object>
		<name>blood</name>
		<pose>Unspecified</pose>
		<truncated>0</truncated>
		<difficult>0</difficult>
		<bndbox>
			<xmin>189</xmin>
			<ymin>549</ymin>
			<xmax>301</xmax>
			<ymax>582</ymax>
		</bndbox>
	</object>
</annotation>