<annotation>
	<folder>my-project-name</folder>
	<filename>pexels-photo-5605490.jpeg</filename>
	<path>/my-project-name/pexels-photo-5605490.jpeg</path>
	<source>
		<database>Unspecified</database>
	</source>
	<size>
		<width>500</width>
		<height>750</height>
		<depth>3</depth>
	</size>
	<object>
		<name>blood</name>
		<pose>Unspecified</pose>
		<truncated>0</truncated>
		<difficult>0</difficult>
		<bndbox>
			<xmin>0</xmin>
			<ymin>532</ymin>
			<xmax>94</xmax>
			<ymax>654</ymax>
		</bndbox>
	</object>
	<object>
		<name>blood</name>
		<pose>Unspecified</pose>
		<truncated>0</truncated>
		<difficult>0</difficult>
		<bndbox>
			<xmin>278</xmin>
			<ymin>248</ymin>
			<xmax>442</xmax>
			<ymax>407</ymax>
		</bndbox>
	</object>
</annotation>