<annotation>
	<folder>my-project-name</folder>
	<filename>pexels-photo-7692049.jpeg</filename>
	<path>/my-project-name/pexels-photo-7692049.jpeg</path>
	<source>
		<database>Unspecified</database>
	</source>
	<size>
		<width>500</width>
		<height>333</height>
		<depth>3</depth>
	</size>
	<object>
		<name>blood</name>
		<pose>Unspecified</pose>
		<truncated>0</truncated>
		<difficult>0</difficult>
		<bndbox>
			<xmin>126</xmin>
			<ymin>146</ymin>
			<xmax>235</xmax>
			<ymax>238</ymax>
		</bndbox>
	</object>
	<object>
		<name>blood</name>
		<pose>Unspecified</pose>
		<truncated>0</truncated>
		<difficult>0</difficult>
		<bndbox>
			<xmin>86</xmin>
			<ymin>204</ymin>
			<xmax>234</xmax>
			<ymax>333</ymax>
		</bndbox>
	</object>
</annotation>