<annotation>
	<folder>my-project-name</folder>
	<filename>pexels-photo-16163962.jpeg</filename>
	<path>/my-project-name/pexels-photo-16163962.jpeg</path>
	<source>
		<database>Unspecified</database>
	</source>
	<size>
		<width>500</width>
		<height>750</height>
		<depth>3</depth>
	</size>
	<object>
		<name>blood</name>
		<pose>Unspecified</pose>
		<truncated>0</truncated>
		<difficult>0</difficult>
		<bndbox>
			<xmin>155</xmin>
			<ymin>450</ymin>
			<xmax>235</xmax>
			<ymax>600</ymax>
		</bndbox>
	</object>
	<object>
		<name>blood</name>
		<pose>Unspecified</pose>
		<truncated>0</truncated>
		<difficult>0</difficult>
		<bndbox>
			<xmin>161</xmin>
			<ymin>231</ymin>
			<xmax>239</xmax>
			<ymax>276</ymax>
		</bndbox>
	</object>
	<object>
		<name>blood</name>
		<pose>Unspecified</pose>
		<truncated>0</truncated>
		<difficult>0</difficult>
		<bndbox>
			<xmin>282</xmin>
			<ymin>158</ymin>
			<xmax>311</xmax>
			<ymax>177</ymax>
		</bndbox>
	</object>
</annotation>