<annotation>
	<folder>my-project-name</folder>
	<filename>pexels-photo-3115525.jpeg</filename>
	<path>/my-project-name/pexels-photo-3115525.jpeg</path>
	<source>
		<database>Unspecified</database>
	</source>
	<size>
		<width>500</width>
		<height>333</height>
		<depth>3</depth>
	</size>
	<object>
		<name>blood</name>
		<pose>Unspecified</pose>
		<truncated>0</truncated>
		<difficult>0</difficult>
		<bndbox>
			<xmin>278</xmin>
			<ymin>138</ymin>
			<xmax>312</xmax>
			<ymax>201</ymax>
		</bndbox>
	</object>
	<object>
		<name>blood</name>
		<pose>Unspecified</pose>
		<truncated>0</truncated>
		<difficult>0</difficult>
		<bndbox>
			<xmin>299</xmin>
			<ymin>129</ymin>
			<xmax>319</xmax>
			<ymax>180</ymax>
		</bndbox>
	</object>
	<object>
		<name>blood</name>
		<pose>Unspecified</pose>
		<truncated>0</truncated>
		<difficult>0</difficult>
		<bndbox>
			<xmin>237</xmin>
			<ymin>62</ymin>
			<xmax>273</xmax>
			<ymax>111</ymax>
		</bndbox>
	</object>
	<object>
		<name>blood</name>
		<pose>Unspecified</pose>
		<truncated>0</truncated>
		<difficult>0</difficult>
		<bndbox>
			<xmin>264</xmin>
			<ymin>68</ymin>
			<xmax>291</xmax>
			<ymax>103</ymax>
		</bndbox>
	</object>
</annotation>