<annotation>
	<folder>my-project-name</folder>
	<filename>pexels-photo-5995043.jpeg</filename>
	<path>/my-project-name/pexels-photo-5995043.jpeg</path>
	<source>
		<database>Unspecified</database>
	</source>
	<size>
		<width>500</width>
		<height>333</height>
		<depth>3</depth>
	</size>
	<object>
		<name>blood</name>
		<pose>Unspecified</pose>
		<truncated>0</truncated>
		<difficult>0</difficult>
		<bndbox>
			<xmin>144</xmin>
			<ymin>148</ymin>
			<xmax>253</xmax>
			<ymax>167</ymax>
		</bndbox>
	</object>
	<object>
		<name>blood</name>
		<pose>Unspecified</pose>
		<truncated>0</truncated>
		<difficult>0</difficult>
		<bndbox>
			<xmin>245</xmin>
			<ymin>47</ymin>
			<xmax>264</xmax>
			<ymax>156</ymax>
		</bndbox>
	</object>
	<object>
		<name>blood</name>
		<pose>Unspecified</pose>
		<truncated>0</truncated>
		<difficult>0</difficult>
		<bndbox>
			<xmin>255</xmin>
			<ymin>146</ymin>
			<xmax>366</xmax>
			<ymax>167</ymax>
		</bndbox>
	</object>
	<object>
		<name>blood</name>
		<pose>Unspecified</pose>
		<truncated>0</truncated>
		<difficult>0</difficult>
		<bndbox>
			<xmin>246</xmin>
			<ymin>159</ymin>
			<xmax>265</xmax>
			<ymax>270</ymax>
		</bndbox>
	</object>
</annotation>