<annotation>
	<folder>my-project-name</folder>
	<filename>pexels-photo-11732677.jpeg</filename>
	<path>/my-project-name/pexels-photo-11732677.jpeg</path>
	<source>
		<database>Unspecified</database>
	</source>
	<size>
		<width>500</width>
		<height>750</height>
		<depth>3</depth>
	</size>
	<object>
		<name>blood</name>
		<pose>Unspecified</pose>
		<truncated>0</truncated>
		<difficult>0</difficult>
		<bndbox>
			<xmin>78</xmin>
			<ymin>287</ymin>
			<xmax>176</xmax>
			<ymax>563</ymax>
		</bndbox>
	</object>
	<object>
		<name>blood</name>
		<pose>Unspecified</pose>
		<truncated>0</truncated>
		<difficult>0</difficult>
		<bndbox>
			<xmin>262</xmin>
			<ymin>313</ymin>
			<xmax>354</xmax>
			<ymax>402</ymax>
		</bndbox>
	</object>
</annotation>