<annotation>
	<folder>my-project-name</folder>
	<filename>pexels-photo-4874499.jpeg</filename>
	<path>/my-project-name/pexels-photo-4874499.jpeg</path>
	<source>
		<database>Unspecified</database>
	</source>
	<size>
		<width>500</width>
		<height>333</height>
		<depth>3</depth>
	</size>
	<object>
		<name>blood</name>
		<pose>Unspecified</pose>
		<truncated>0</truncated>
		<difficult>0</difficult>
		<bndbox>
			<xmin>219</xmin>
			<ymin>57</ymin>
			<xmax>259</xmax>
			<ymax>98</ymax>
		</bndbox>
	</object>
	<object>
		<name>blood</name>
		<pose>Unspecified</pose>
		<truncated>0</truncated>
		<difficult>0</difficult>
		<bndbox>
			<xmin>205</xmin>
			<ymin>0</ymin>
			<xmax>234</xmax>
			<ymax>23</ymax>
		</bndbox>
	</object>
	<object>
		<name>blood</name>
		<pose>Unspecified</pose>
		<truncated>0</truncated>
		<difficult>0</difficult>
		<bndbox>
			<xmin>245</xmin>
			<ymin>173</ymin>
			<xmax>428</xmax>
			<ymax>333</ymax>
		</bndbox>
	</object>
</annotation>