<annotation>
	<folder>my-project-name</folder>
	<filename>pexels-photo-4210610.jpeg</filename>
	<path>/my-project-name/pexels-photo-4210610.jpeg</path>
	<source>
		<database>Unspecified</database>
	</source>
	<size>
		<width>500</width>
		<height>333</height>
		<depth>3</depth>
	</size>
	<object>
		<name>blood</name>
		<pose>Unspecified</pose>
		<truncated>0</truncated>
		<difficult>0</difficult>
		<bndbox>
			<xmin>50</xmin>
			<ymin>76</ymin>
			<xmax>205</xmax>
			<ymax>133</ymax>
		</bndbox>
	</object>
	<object>
		<name>blood</name>
		<pose>Unspecified</pose>
		<truncated>0</truncated>
		<difficult>0</difficult>
		<bndbox>
			<xmin>89</xmin>
			<ymin>92</ymin>
			<xmax>247</xmax>
			<ymax>145</ymax>
		</bndbox>
	</object>
	<object>
		<name>blood</name>
		<pose>Unspecified</pose>
		<truncated>0</truncated>
		<difficult>0</difficult>
		<bndbox>
			<xmin>215</xmin>
			<ymin>149</ymin>
			<xmax>321</xmax>
			<ymax>256</ymax>
		</bndbox>
	</object>
</annotation>