<annotation>
	<folder>my-project-name</folder>
	<filename>pexels-photo-6629391.jpeg</filename>
	<path>/my-project-name/pexels-photo-6629391.jpeg</path>
	<source>
		<database>Unspecified</database>
	</source>
	<size>
		<width>500</width>
		<height>333</height>
		<depth>3</depth>
	</size>
	<object>
		<name>blood</name>
		<pose>Unspecified</pose>
		<truncated>0</truncated>
		<difficult>0</difficult>
		<bndbox>
			<xmin>264</xmin>
			<ymin>223</ymin>
			<xmax>290</xmax>
			<ymax>304</ymax>
		</bndbox>
	</object>
	<object>
		<name>blood</name>
		<pose>Unspecified</pose>
		<truncated>0</truncated>
		<difficult>0</difficult>
		<bndbox>
			<xmin>319</xmin>
			<ymin>247</ymin>
			<xmax>341</xmax>
			<ymax>319</ymax>
		</bndbox>
	</object>
	<object>
		<name>blood</name>
		<pose>Unspecified</pose>
		<truncated>0</truncated>
		<difficult>0</difficult>
		<bndbox>
			<xmin>325</xmin>
			<ymin>154</ymin>
			<xmax>334</xmax>
			<ymax>174</ymax>
		</bndbox>
	</object>
</annotation>