<annotation>
	<folder>my-project-name</folder>
	<filename>pexels-photo-13921705.jpeg</filename>
	<path>/my-project-name/pexels-photo-13921705.jpeg</path>
	<source>
		<database>Unspecified</database>
	</source>
	<size>
		<width>500</width>
		<height>700</height>
		<depth>3</depth>
	</size>
	<object>
		<name>blood</name>
		<pose>Unspecified</pose>
		<truncated>0</truncated>
		<difficult>0</difficult>
		<bndbox>
			<xmin>222</xmin>
			<ymin>190</ymin>
			<xmax>275</xmax>
			<ymax>267</ymax>
		</bndbox>
	</object>
	<object>
		<name>blood</name>
		<pose>Unspecified</pose>
		<truncated>0</truncated>
		<difficult>0</difficult>
		<bndbox>
			<xmin>289</xmin>
			<ymin>233</ymin>
			<xmax>336</xmax>
			<ymax>275</ymax>
		</bndbox>
	</object>
	<object>
		<name>blood</name>
		<pose>Unspecified</pose>
		<truncated>0</truncated>
		<difficult>0</difficult>
		<bndbox>
			<xmin>260</xmin>
			<ymin>274</ymin>
			<xmax>322</xmax>
			<ymax>346</ymax>
		</bndbox>
	</object>
</annotation>