<annotation>
	<folder>my-project-name</folder>
	<filename>pexels-photo-6643064.jpeg</filename>
	<path>/my-project-name/pexels-photo-6643064.jpeg</path>
	<source>
		<database>Unspecified</database>
	</source>
	<size>
		<width>500</width>
		<height>750</height>
		<depth>3</depth>
	</size>
	<object>
		<name>blood</name>
		<pose>Unspecified</pose>
		<truncated>0</truncated>
		<difficult>0</difficult>
		<bndbox>
			<xmin>111</xmin>
			<ymin>45</ymin>
			<xmax>377</xmax>
			<ymax>492</ymax>
		</bndbox>
	</object>
	<object>
		<name>blood</name>
		<pose>Unspecified</pose>
		<truncated>0</truncated>
		<difficult>0</difficult>
		<bndbox>
			<xmin>418</xmin>
			<ymin>143</ymin>
			<xmax>500</xmax>
			<ymax>443</ymax>
		</bndbox>
	</object>
	<object>
		<name>blood</name>
		<pose>Unspecified</pose>
		<truncated>0</truncated>
		<difficult>0</difficult>
		<bndbox>
			<xmin>263</xmin>
			<ymin>576</ymin>
			<xmax>446</xmax>
			<ymax>750</ymax>
		</bndbox>
	</object>
</annotation>