<annotation>
	<folder>my-project-name</folder>
	<filename>pexels-photo-6461599.jpeg</filename>
	<path>/my-project-name/pexels-photo-6461599.jpeg</path>
	<source>
		<database>Unspecified</database>
	</source>
	<size>
		<width>500</width>
		<height>750</height>
		<depth>3</depth>
	</size>
	<object>
		<name>blood</name>
		<pose>Unspecified</pose>
		<truncated>0</truncated>
		<difficult>0</difficult>
		<bndbox>
			<xmin>107</xmin>
			<ymin>209</ymin>
			<xmax>315</xmax>
			<ymax>710</ymax>
		</bndbox>
	</object>
</annotation>