<annotation>
	<folder>my-project-name</folder>
	<filename>pexels-photo-11407061.jpeg</filename>
	<path>/my-project-name/pexels-photo-11407061.jpeg</path>
	<source>
		<database>Unspecified</database>
	</source>
	<size>
		<width>500</width>
		<height>750</height>
		<depth>3</depth>
	</size>
	<object>
		<name>blood</name>
		<pose>Unspecified</pose>
		<truncated>0</truncated>
		<difficult>0</difficult>
		<bndbox>
			<xmin>263</xmin>
			<ymin>212</ymin>
			<xmax>340</xmax>
			<ymax>286</ymax>
		</bndbox>
	</object>
	<object>
		<name>blood</name>
		<pose>Unspecified</pose>
		<truncated>0</truncated>
		<difficult>0</difficult>
		<bndbox>
			<xmin>182</xmin>
			<ymin>237</ymin>
			<xmax>271</xmax>
			<ymax>369</ymax>
		</bndbox>
	</object>
	<object>
		<name>blood</name>
		<pose>Unspecified</pose>
		<truncated>0</truncated>
		<difficult>0</difficult>
		<bndbox>
			<xmin>245</xmin>
			<ymin>440</ymin>
			<xmax>385</xmax>
			<ymax>580</ymax>
		</bndbox>
	</object>
</annotation>