<annotation>
	<folder>my-project-name</folder>
	<filename>pexels-photo-6629386.jpeg</filename>
	<path>/my-project-name/pexels-photo-6629386.jpeg</path>
	<source>
		<database>Unspecified</database>
	</source>
	<size>
		<width>500</width>
		<height>333</height>
		<depth>3</depth>
	</size>
	<object>
		<name>blood</name>
		<pose>Unspecified</pose>
		<truncated>0</truncated>
		<difficult>0</difficult>
		<bndbox>
			<xmin>152</xmin>
			<ymin>110</ymin>
			<xmax>181</xmax>
			<ymax>199</ymax>
		</bndbox>
	</object>
	<object>
		<name>blood</name>
		<pose>Unspecified</pose>
		<truncated>0</truncated>
		<difficult>0</difficult>
		<bndbox>
			<xmin>120</xmin>
			<ymin>108</ymin>
			<xmax>152</xmax>
			<ymax>202</ymax>
		</bndbox>
	</object>
</annotation>