<annotation>
	<folder>my-project-name</folder>
	<filename>pexels-photo-13921703.jpeg</filename>
	<path>/my-project-name/pexels-photo-13921703.jpeg</path>
	<source>
		<database>Unspecified</database>
	</source>
	<size>
		<width>500</width>
		<height>700</height>
		<depth>3</depth>
	</size>
	<object>
		<name>blood</name>
		<pose>Unspecified</pose>
		<truncated>0</truncated>
		<difficult>0</difficult>
		<bndbox>
			<xmin>129</xmin>
			<ymin>225</ymin>
			<xmax>165</xmax>
			<ymax>346</ymax>
		</bndbox>
	</object>
	<object>
		<name>blood</name>
		<pose>Unspecified</pose>
		<truncated>0</truncated>
		<difficult>0</difficult>
		<bndbox>
			<xmin>207</xmin>
			<ymin>280</ymin>
			<xmax>293</xmax>
			<ymax>343</ymax>
		</bndbox>
	</object>
	<object>
		<name>blood</name>
		<pose>Unspecified</pose>
		<truncated>0</truncated>
		<difficult>0</difficult>
		<bndbox>
			<xmin>191</xmin>
			<ymin>343</ymin>
			<xmax>275</xmax>
			<ymax>460</ymax>
		</bndbox>
	</object>
</annotation>