<annotation>
	<folder>my-project-name</folder>
	<filename>pexels-photo-7692047.jpeg</filename>
	<path>/my-project-name/pexels-photo-7692047.jpeg</path>
	<source>
		<database>Unspecified</database>
	</source>
	<size>
		<width>500</width>
		<height>333</height>
		<depth>3</depth>
	</size>
	<object>
		<name>blood</name>
		<pose>Unspecified</pose>
		<truncated>0</truncated>
		<difficult>0</difficult>
		<bndbox>
			<xmin>293</xmin>
			<ymin>52</ymin>
			<xmax>386</xmax>
			<ymax>139</ymax>
		</bndbox>
	</object>
	<object>
		<name>blood</name>
		<pose>Unspecified</pose>
		<truncated>0</truncated>
		<difficult>0</difficult>
		<bndbox>
			<xmin>364</xmin>
			<ymin>21</ymin>
			<xmax>500</xmax>
			<ymax>98</ymax>
		</bndbox>
	</object>
	<object>
		<name>blood</name>
		<pose>Unspecified</pose>
		<truncated>0</truncated>
		<difficult>0</difficult>
		<bndbox>
			<xmin>222</xmin>
			<ymin>128</ymin>
			<xmax>476</xmax>
			<ymax>312</ymax>
		</bndbox>
	</object>
</annotation>