<annotation>
	<folder>my-project-name</folder>
	<filename>pexels-photo-10512986.jpeg</filename>
	<path>/my-project-name/pexels-photo-10512986.jpeg</path>
	<source>
		<database>Unspecified</database>
	</source>
	<size>
		<width>500</width>
		<height>754</height>
		<depth>3</depth>
	</size>
	<object>
		<name>blood</name>
		<pose>Unspecified</pose>
		<truncated>0</truncated>
		<difficult>0</difficult>
		<bndbox>
			<xmin>291</xmin>
			<ymin>188</ymin>
			<xmax>321</xmax>
			<ymax>250</ymax>
		</bndbox>
	</object>
	<object>
		<name>blood</name>
		<pose>Unspecified</pose>
		<truncated>0</truncated>
		<difficult>0</difficult>
		<bndbox>
			<xmin>362</xmin>
			<ymin>243</ymin>
			<xmax>392</xmax>
			<ymax>303</ymax>
		</bndbox>
	</object>
	<object>
		<name>blood</name>
		<pose>Unspecified</pose>
		<truncated>0</truncated>
		<difficult>0</difficult>
		<bndbox>
			<xmin>219</xmin>
			<ymin>257</ymin>
			<xmax>247</xmax>
			<ymax>352</ymax>
		</bndbox>
	</object>
</annotation>