<annotation>
	<folder>my-project-name</folder>
	<filename>pexels-photo-10855742.jpeg</filename>
	<path>/my-project-name/pexels-photo-10855742.jpeg</path>
	<source>
		<database>Unspecified</database>
	</source>
	<size>
		<width>500</width>
		<height>333</height>
		<depth>3</depth>
	</size>
	<object>
		<name>blood</name>
		<pose>Unspecified</pose>
		<truncated>0</truncated>
		<difficult>0</difficult>
		<bndbox>
			<xmin>258</xmin>
			<ymin>55</ymin>
			<xmax>303</xmax>
			<ymax>130</ymax>
		</bndbox>
	</object>
	<object>
		<name>blood</name>
		<pose>Unspecified</pose>
		<truncated>0</truncated>
		<difficult>0</difficult>
		<bndbox>
			<xmin>181</xmin>
			<ymin>8</ymin>
			<xmax>252</xmax>
			<ymax>81</ymax>
		</bndbox>
	</object>
</annotation>