<annotation>
	<folder>my-project-name</folder>
	<filename>pexels-photo-9000991.jpeg</filename>
	<path>/my-project-name/pexels-photo-9000991.jpeg</path>
	<source>
		<database>Unspecified</database>
	</source>
	<size>
		<width>500</width>
		<height>753</height>
		<depth>3</depth>
	</size>
	<object>
		<name>blood</name>
		<pose>Unspecified</pose>
		<truncated>0</truncated>
		<difficult>0</difficult>
		<bndbox>
			<xmin>17</xmin>
			<ymin>179</ymin>
			<xmax>104</xmax>
			<ymax>345</ymax>
		</bndbox>
	</object>
	<object>
		<name>blood</name>
		<pose>Unspecified</pose>
		<truncated>0</truncated>
		<difficult>0</difficult>
		<bndbox>
			<xmin>106</xmin>
			<ymin>294</ymin>
			<xmax>412</xmax>
			<ymax>565</ymax>
		</bndbox>
	</object>
	<object>
		<name>blood</name>
		<pose>Unspecified</pose>
		<truncated>0</truncated>
		<difficult>0</difficult>
		<bndbox>
			<xmin>281</xmin>
			<ymin>345</ymin>
			<xmax>482</xmax>
			<ymax>589</ymax>
		</bndbox>
	</object>
</annotation>