<annotation>
	<folder>my-project-name</folder>
	<filename>pexels-photo-7691899.jpeg</filename>
	<path>/my-project-name/pexels-photo-7691899.jpeg</path>
	<source>
		<database>Unspecified</database>
	</source>
	<size>
		<width>500</width>
		<height>750</height>
		<depth>3</depth>
	</size>
	<object>
		<name>blood</name>
		<pose>Unspecified</pose>
		<truncated>0</truncated>
		<difficult>0</difficult>
		<bndbox>
			<xmin>47</xmin>
			<ymin>333</ymin>
			<xmax>142</xmax>
			<ymax>456</ymax>
		</bndbox>
	</object>
	<object>
		<name>blood</name>
		<pose>Unspecified</pose>
		<truncated>0</truncated>
		<difficult>0</difficult>
		<bndbox>
			<xmin>354</xmin>
			<ymin>53</ymin>
			<xmax>453</xmax>
			<ymax>216</ymax>
		</bndbox>
	</object>
</annotation>