<annotation>
	<folder>my-project-name</folder>
	<filename>pexels-photo-4531304.jpeg</filename>
	<path>/my-project-name/pexels-photo-4531304.jpeg</path>
	<source>
		<database>Unspecified</database>
	</source>
	<size>
		<width>500</width>
		<height>500</height>
		<depth>3</depth>
	</size>
	<object>
		<name>blood</name>
		<pose>Unspecified</pose>
		<truncated>0</truncated>
		<difficult>0</difficult>
		<bndbox>
			<xmin>39</xmin>
			<ymin>44</ymin>
			<xmax>214</xmax>
			<ymax>263</ymax>
		</bndbox>
	</object>
	<object>
		<name>blood</name>
		<pose>Unspecified</pose>
		<truncated>0</truncated>
		<difficult>0</difficult>
		<bndbox>
			<xmin>217</xmin>
			<ymin>30</ymin>
			<xmax>433</xmax>
			<ymax>228</ymax>
		</bndbox>
	</object>
	<object>
		<name>blood</name>
		<pose>Unspecified</pose>
		<truncated>0</truncated>
		<difficult>0</difficult>
		<bndbox>
			<xmin>164</xmin>
			<ymin>148</ymin>
			<xmax>347</xmax>
			<ymax>483</ymax>
		</bndbox>
	</object>
</annotation>