<annotation>
	<folder>my-project-name</folder>
	<filename>pexels-photo-7691968.jpeg</filename>
	<path>/my-project-name/pexels-photo-7691968.jpeg</path>
	<source>
		<database>Unspecified</database>
	</source>
	<size>
		<width>500</width>
		<height>333</height>
		<depth>3</depth>
	</size>
	<object>
		<name>blood</name>
		<pose>Unspecified</pose>
		<truncated>0</truncated>
		<difficult>0</difficult>
		<bndbox>
			<xmin>168</xmin>
			<ymin>152</ymin>
			<xmax>227</xmax>
			<ymax>271</ymax>
		</bndbox>
	</object>
	<object>
		<name>blood</name>
		<pose>Unspecified</pose>
		<truncated>0</truncated>
		<difficult>0</difficult>
		<bndbox>
			<xmin>347</xmin>
			<ymin>187</ymin>
			<xmax>433</xmax>
			<ymax>285</ymax>
		</bndbox>
	</object>
</annotation>