<annotation>
	<folder>my-project-name</folder>
	<filename>pexels-photo-3908178.jpeg</filename>
	<path>/my-project-name/pexels-photo-3908178.jpeg</path>
	<source>
		<database>Unspecified</database>
	</source>
	<size>
		<width>500</width>
		<height>750</height>
		<depth>3</depth>
	</size>
	<object>
		<name>blood</name>
		<pose>Unspecified</pose>
		<truncated>0</truncated>
		<difficult>0</difficult>
		<bndbox>
			<xmin>108</xmin>
			<ymin>516</ymin>
			<xmax>325</xmax>
			<ymax>739</ymax>
		</bndbox>
	</object>
	<object>
		<name>blood</name>
		<pose>Unspecified</pose>
		<truncated>0</truncated>
		<difficult>0</difficult>
		<bndbox>
			<xmin>398</xmin>
			<ymin>577</ymin>
			<xmax>500</xmax>
			<ymax>703</ymax>
		</bndbox>
	</object>
</annotation>