<annotation>
	<folder>my-project-name</folder>
	<filename>pexels-photo-14062133.jpeg</filename>
	<path>/my-project-name/pexels-photo-14062133.jpeg</path>
	<source>
		<database>Unspecified</database>
	</source>
	<size>
		<width>500</width>
		<height>669</height>
		<depth>3</depth>
	</size>
	<object>
		<name>blood</name>
		<pose>Unspecified</pose>
		<truncated>0</truncated>
		<difficult>0</difficult>
		<bndbox>
			<xmin>282</xmin>
			<ymin>241</ymin>
			<xmax>334</xmax>
			<ymax>327</ymax>
		</bndbox>
	</object>
	<object>
		<name>blood</name>
		<pose>Unspecified</pose>
		<truncated>0</truncated>
		<difficult>0</difficult>
		<bndbox>
			<xmin>203</xmin>
			<ymin>276</ymin>
			<xmax>254</xmax>
			<ymax>355</ymax>
		</bndbox>
	</object>
</annotation>