<annotation>
	<folder>my-project-name</folder>
	<filename>pexels-photo-6371921.jpeg</filename>
	<path>/my-project-name/pexels-photo-6371921.jpeg</path>
	<source>
		<database>Unspecified</database>
	</source>
	<size>
		<width>500</width>
		<height>334</height>
		<depth>3</depth>
	</size>
	<object>
		<name>blood</name>
		<pose>Unspecified</pose>
		<truncated>0</truncated>
		<difficult>0</difficult>
		<bndbox>
			<xmin>43</xmin>
			<ymin>151</ymin>
			<xmax>157</xmax>
			<ymax>288</ymax>
		</bndbox>
	</object>
	<object>
		<name>blood</name>
		<pose>Unspecified</pose>
		<truncated>0</truncated>
		<difficult>0</difficult>
		<bndbox>
			<xmin>197</xmin>
			<ymin>118</ymin>
			<xmax>309</xmax>
			<ymax>222</ymax>
		</bndbox>
	</object>
</annotation>