<annotation>
	<folder>my-project-name</folder>
	<filename>pexels-photo-14056177.jpeg</filename>
	<path>/my-project-name/pexels-photo-14056177.jpeg</path>
	<source>
		<database>Unspecified</database>
	</source>
	<size>
		<width>500</width>
		<height>669</height>
		<depth>3</depth>
	</size>
	<object>
		<name>blood</name>
		<pose>Unspecified</pose>
		<truncated>0</truncated>
		<difficult>0</difficult>
		<bndbox>
			<xmin>297</xmin>
			<ymin>298</ymin>
			<xmax>339</xmax>
			<ymax>396</ymax>
		</bndbox>
	</object>
	<object>
		<name>blood</name>
		<pose>Unspecified</pose>
		<truncated>0</truncated>
		<difficult>0</difficult>
		<bndbox>
			<xmin>200</xmin>
			<ymin>319</ymin>
			<xmax>242</xmax>
			<ymax>416</ymax>
		</bndbox>
	</object>
</annotation>