<annotation>
	<folder>my-project-name</folder>
	<filename>pexels-photo-3908179.jpeg</filename>
	<path>/my-project-name/pexels-photo-3908179.jpeg</path>
	<source>
		<database>Unspecified</database>
	</source>
	<size>
		<width>500</width>
		<height>573</height>
		<depth>3</depth>
	</size>
	<object>
		<name>blood</name>
		<pose>Unspecified</pose>
		<truncated>0</truncated>
		<difficult>0</difficult>
		<bndbox>
			<xmin>209</xmin>
			<ymin>237</ymin>
			<xmax>226</xmax>
			<ymax>248</ymax>
		</bndbox>
	</object>
	<object>
		<name>blood</name>
		<pose>Unspecified</pose>
		<truncated>0</truncated>
		<difficult>0</difficult>
		<bndbox>
			<xmin>110</xmin>
			<ymin>300</ymin>
			<xmax>216</xmax>
			<ymax>418</ymax>
		</bndbox>
	</object>
	<object>
		<name>blood</name>
		<pose>Unspecified</pose>
		<truncated>0</truncated>
		<difficult>0</difficult>
		<bndbox>
			<xmin>201</xmin>
			<ymin>126</ymin>
			<xmax>214</xmax>
			<ymax>199</ymax>
		</bndbox>
	</object>
</annotation>