<annotation>
	<folder>my-project-name</folder>
	<filename>pexels-photo-5605496.jpeg</filename>
	<path>/my-project-name/pexels-photo-5605496.jpeg</path>
	<source>
		<database>Unspecified</database>
	</source>
	<size>
		<width>500</width>
		<height>750</height>
		<depth>3</depth>
	</size>
	<object>
		<name>blood</name>
		<pose>Unspecified</pose>
		<truncated>0</truncated>
		<difficult>0</difficult>
		<bndbox>
			<xmin>0</xmin>
			<ymin>244</ymin>
			<xmax>373</xmax>
			<ymax>582</ymax>
		</bndbox>
	</object>
	<object>
		<name>blood</name>
		<pose>Unspecified</pose>
		<truncated>0</truncated>
		<difficult>0</difficult>
		<bndbox>
			<xmin>400</xmin>
			<ymin>71</ymin>
			<xmax>500</xmax>
			<ymax>235</ymax>
		</bndbox>
	</object>
</annotation>