<annotation>
	<folder>my-project-name</folder>
	<filename>pexels-photo-7691886.jpeg</filename>
	<path>/my-project-name/pexels-photo-7691886.jpeg</path>
	<source>
		<database>Unspecified</database>
	</source>
	<size>
		<width>500</width>
		<height>333</height>
		<depth>3</depth>
	</size>
	<object>
		<name>blood</name>
		<pose>Unspecified</pose>
		<truncated>0</truncated>
		<difficult>0</difficult>
		<bndbox>
			<xmin>114</xmin>
			<ymin>134</ymin>
			<xmax>172</xmax>
			<ymax>251</ymax>
		</bndbox>
	</object>
	<object>
		<name>blood</name>
		<pose>Unspecified</pose>
		<truncated>0</truncated>
		<difficult>0</difficult>
		<bndbox>
			<xmin>324</xmin>
			<ymin>117</ymin>
			<xmax>370</xmax>
			<ymax>206</ymax>
		</bndbox>
	</object>
</annotation>