<annotation>
	<folder>my-project-name</folder>
	<filename>pexels-photo-7692116.jpeg</filename>
	<path>/my-project-name/pexels-photo-7692116.jpeg</path>
	<source>
		<database>Unspecified</database>
	</source>
	<size>
		<width>500</width>
		<height>333</height>
		<depth>3</depth>
	</size>
	<object>
		<name>blood</name>
		<pose>Unspecified</pose>
		<truncated>0</truncated>
		<difficult>0</difficult>
		<bndbox>
			<xmin>264</xmin>
			<ymin>156</ymin>
			<xmax>403</xmax>
			<ymax>214</ymax>
		</bndbox>
	</object>
	<object>
		<name>blood</name>
		<pose>Unspecified</pose>
		<truncated>0</truncated>
		<difficult>0</difficult>
		<bndbox>
			<xmin>315</xmin>
			<ymin>134</ymin>
			<xmax>398</xmax>
			<ymax>176</ymax>
		</bndbox>
	</object>
	<object>
		<name>blood</name>
		<pose>Unspecified</pose>
		<truncated>0</truncated>
		<difficult>0</difficult>
		<bndbox>
			<xmin>441</xmin>
			<ymin>158</ymin>
			<xmax>476</xmax>
			<ymax>194</ymax>
		</bndbox>
	</object>
</annotation>