<annotation>
	<folder>my-project-name</folder>
	<filename>pexels-photo-7692046.jpeg</filename>
	<path>/my-project-name/pexels-photo-7692046.jpeg</path>
	<source>
		<database>Unspecified</database>
	</source>
	<size>
		<width>500</width>
		<height>333</height>
		<depth>3</depth>
	</size>
	<object>
		<name>blood</name>
		<pose>Unspecified</pose>
		<truncated>0</truncated>
		<difficult>0</difficult>
		<bndbox>
			<xmin>263</xmin>
			<ymin>122</ymin>
			<xmax>376</xmax>
			<ymax>245</ymax>
		</bndbox>
	</object>
	<object>
		<name>blood</name>
		<pose>Unspecified</pose>
		<truncated>0</truncated>
		<difficult>0</difficult>
		<bndbox>
			<xmin>26</xmin>
			<ymin>33</ymin>
			<xmax>396</xmax>
			<ymax>326</ymax>
		</bndbox>
	</object>
</annotation>