<annotation>
	<folder>my-project-name</folder>
	<filename>pexels-photo-7691797.jpeg</filename>
	<path>/my-project-name/pexels-photo-7691797.jpeg</path>
	<source>
		<database>Unspecified</database>
	</source>
	<size>
		<width>500</width>
		<height>333</height>
		<depth>3</depth>
	</size>
	<object>
		<name>blood</name>
		<pose>Unspecified</pose>
		<truncated>0</truncated>
		<difficult>0</difficult>
		<bndbox>
			<xmin>310</xmin>
			<ymin>75</ymin>
			<xmax>386</xmax>
			<ymax>288</ymax>
		</bndbox>
	</object>
	<object>
		<name>blood</name>
		<pose>Unspecified</pose>
		<truncated>0</truncated>
		<difficult>0</difficult>
		<bndbox>
			<xmin>167</xmin>
			<ymin>187</ymin>
			<xmax>258</xmax>
			<ymax>263</ymax>
		</bndbox>
	</object>
</annotation>