<annotation>
	<folder>my-project-name</folder>
	<filename>pexels-photo-3786157.jpeg</filename>
	<path>/my-project-name/pexels-photo-3786157.jpeg</path>
	<source>
		<database>Unspecified</database>
	</source>
	<size>
		<width>500</width>
		<height>750</height>
		<depth>3</depth>
	</size>
	<object>
		<name>blood</name>
		<pose>Unspecified</pose>
		<truncated>0</truncated>
		<difficult>0</difficult>
		<bndbox>
			<xmin>156</xmin>
			<ymin>320</ymin>
			<xmax>227</xmax>
			<ymax>468</ymax>
		</bndbox>
	</object>
	<object>
		<name>blood</name>
		<pose>Unspecified</pose>
		<truncated>0</truncated>
		<difficult>0</difficult>
		<bndbox>
			<xmin>0</xmin>
			<ymin>0</ymin>
			<xmax>162</xmax>
			<ymax>211</ymax>
		</bndbox>
	</object>
	<object>
		<name>blood</name>
		<pose>Unspecified</pose>
		<truncated>0</truncated>
		<difficult>0</difficult>
		<bndbox>
			<xmin>109</xmin>
			<ymin>0</ymin>
			<xmax>251</xmax>
			<ymax>29</ymax>
		</bndbox>
	</object>
</annotation>