<annotation>
	<folder>my-project-name</folder>
	<filename>pexels-photo-7692058.jpeg</filename>
	<path>/my-project-name/pexels-photo-7692058.jpeg</path>
	<source>
		<database>Unspecified</database>
	</source>
	<size>
		<width>500</width>
		<height>750</height>
		<depth>3</depth>
	</size>
	<object>
		<name>blood</name>
		<pose>Unspecified</pose>
		<truncated>0</truncated>
		<difficult>0</difficult>
		<bndbox>
			<xmin>173</xmin>
			<ymin>330</ymin>
			<xmax>300</xmax>
			<ymax>448</ymax>
		</bndbox>
	</object>
	<object>
		<name>blood</name>
		<pose>Unspecified</pose>
		<truncated>0</truncated>
		<difficult>0</difficult>
		<bndbox>
			<xmin>111</xmin>
			<ymin>269</ymin>
			<xmax>500</xmax>
			<ymax>638</ymax>
		</bndbox>
	</object>
</annotation>