<annotation>
	<folder>my-project-name</folder>
	<filename>pexels-photo-13070546.jpeg</filename>
	<path>/my-project-name/pexels-photo-13070546.jpeg</path>
	<source>
		<database>Unspecified</database>
	</source>
	<size>
		<width>500</width>
		<height>667</height>
		<depth>3</depth>
	</size>
	<object>
		<name>blood</name>
		<pose>Unspecified</pose>
		<truncated>0</truncated>
		<difficult>0</difficult>
		<bndbox>
			<xmin>173</xmin>
			<ymin>241</ymin>
			<xmax>298</xmax>
			<ymax>332</ymax>
		</bndbox>
	</object>
	<object>
		<name>blood</name>
		<pose>Unspecified</pose>
		<truncated>0</truncated>
		<difficult>0</difficult>
		<bndbox>
			<xmin>198</xmin>
			<ymin>194</ymin>
			<xmax>282</xmax>
			<ymax>267</ymax>
		</bndbox>
	</object>
	<object>
		<name>blood</name>
		<pose>Unspecified</pose>
		<truncated>0</truncated>
		<difficult>0</difficult>
		<bndbox>
			<xmin>272</xmin>
			<ymin>62</ymin>
			<xmax>398</xmax>
			<ymax>226</ymax>
		</bndbox>
	</object>
	<object>
		<name>blood</name>
		<pose>Unspecified</pose>
		<truncated>0</truncated>
		<difficult>0</difficult>
		<bndbox>
			<xmin>182</xmin>
			<ymin>53</ymin>
			<xmax>226</xmax>
			<ymax>141</ymax>
		</bndbox>
	</object>
</annotation>