<annotation>
	<folder>my-project-name</folder>
	<filename>pexels-photo-8888720.jpeg</filename>
	<path>/my-project-name/pexels-photo-8888720.jpeg</path>
	<source>
		<database>Unspecified</database>
	</source>
	<size>
		<width>500</width>
		<height>714</height>
		<depth>3</depth>
	</size>
	<object>
		<name>blood</name>
		<pose>Unspecified</pose>
		<truncated>0</truncated>
		<difficult>0</difficult>
		<bndbox>
			<xmin>20</xmin>
			<ymin>468</ymin>
			<xmax>500</xmax>
			<ymax>714</ymax>
		</bndbox>
	</object>
	<object>
		<name>blood</name>
		<pose>Unspecified</pose>
		<truncated>0</truncated>
		<difficult>0</difficult>
		<bndbox>
			<xmin>130</xmin>
			<ymin>380</ymin>
			<xmax>313</xmax>
			<ymax>539</ymax>
		</bndbox>
	</object>
</annotation>