<annotation>
	<folder>my-project-name</folder>
	<filename>pexels-photo-13315507.jpeg</filename>
	<path>/my-project-name/pexels-photo-13315507.jpeg</path>
	<source>
		<database>Unspecified</database>
	</source>
	<size>
		<width>500</width>
		<height>720</height>
		<depth>3</depth>
	</size>
	<object>
		<name>blood</name>
		<pose>Unspecified</pose>
		<truncated>0</truncated>
		<difficult>0</difficult>
		<bndbox>
			<xmin>197</xmin>
			<ymin>288</ymin>
			<xmax>259</xmax>
			<ymax>384</ymax>
		</bndbox>
	</object>
	<object>
		<name>blood</name>
		<pose>Unspecified</pose>
		<truncated>0</truncated>
		<difficult>0</difficult>
		<bndbox>
			<xmin>166</xmin>
			<ymin>346</ymin>
			<xmax>301</xmax>
			<ymax>427</ymax>
		</bndbox>
	</object>
	<object>
		<name>blood</name>
		<pose>Unspecified</pose>
		<truncated>0</truncated>
		<difficult>0</difficult>
		<bndbox>
			<xmin>240</xmin>
			<ymin>392</ymin>
			<xmax>372</xmax>
			<ymax>506</ymax>
		</bndbox>
	</object>
	<object>
		<name>blood</name>
		<pose>Unspecified</pose>
		<truncated>0</truncated>
		<difficult>0</difficult>
		<bndbox>
			<xmin>102</xmin>
			<ymin>394</ymin>
			<xmax>234</xmax>
			<ymax>520</ymax>
		</bndbox>
	</object>
</annotation>