<annotation>
	<folder>my-project-name</folder>
	<filename>pexels-photo-5994799.jpeg</filename>
	<path>/my-project-name/pexels-photo-5994799.jpeg</path>
	<source>
		<database>Unspecified</database>
	</source>
	<size>
		<width>500</width>
		<height>333</height>
		<depth>3</depth>
	</size>
	<object>
		<name>blood</name>
		<pose>Unspecified</pose>
		<truncated>0</truncated>
		<difficult>0</difficult>
		<bndbox>
			<xmin>122</xmin>
			<ymin>147</ymin>
			<xmax>149</xmax>
			<ymax>300</ymax>
		</bndbox>
	</object>
	<object>
		<name>blood</name>
		<pose>Unspecified</pose>
		<truncated>0</truncated>
		<difficult>0</difficult>
		<bndbox>
			<xmin>153</xmin>
			<ymin>149</ymin>
			<xmax>179</xmax>
			<ymax>299</ymax>
		</bndbox>
	</object>
</annotation>