<annotation>
	<folder>my-project-name</folder>
	<filename>pexels-photo-14759978.jpeg</filename>
	<path>/my-project-name/pexels-photo-14759978.jpeg</path>
	<source>
		<database>Unspecified</database>
	</source>
	<size>
		<width>500</width>
		<height>333</height>
		<depth>3</depth>
	</size>
	<object>
		<name>blood</name>
		<pose>Unspecified</pose>
		<truncated>0</truncated>
		<difficult>0</difficult>
		<bndbox>
			<xmin>94</xmin>
			<ymin>234</ymin>
			<xmax>136</xmax>
			<ymax>250</ymax>
		</bndbox>
	</object>
	<object>
		<name>blood</name>
		<pose>Unspecified</pose>
		<truncated>0</truncated>
		<difficult>0</difficult>
		<bndbox>
			<xmin>86</xmin>
			<ymin>253</ymin>
			<xmax>126</xmax>
			<ymax>286</ymax>
		</bndbox>
	</object>
	<object>
		<name>blood</name>
		<pose>Unspecified</pose>
		<truncated>0</truncated>
		<difficult>0</difficult>
		<bndbox>
			<xmin>191</xmin>
			<ymin>260</ymin>
			<xmax>237</xmax>
			<ymax>282</ymax>
		</bndbox>
	</object>
</annotation>