<annotation>
	<folder>my-project-name</folder>
	<filename>pexels-photo-14468901.jpeg</filename>
	<path>/my-project-name/pexels-photo-14468901.jpeg</path>
	<source>
		<database>Unspecified</database>
	</source>
	<size>
		<width>500</width>
		<height>750</height>
		<depth>3</depth>
	</size>
	<object>
		<name>blood</name>
		<pose>Unspecified</pose>
		<truncated>0</truncated>
		<difficult>0</difficult>
		<bndbox>
			<xmin>167</xmin>
			<ymin>250</ymin>
			<xmax>269</xmax>
			<ymax>382</ymax>
		</bndbox>
	</object>
	<object>
		<name>blood</name>
		<pose>Unspecified</pose>
		<truncated>0</truncated>
		<difficult>0</difficult>
		<bndbox>
			<xmin>142</xmin>
			<ymin>382</ymin>
			<xmax>421</xmax>
			<ymax>750</ymax>
		</bndbox>
	</object>
</annotation>