<annotation>
	<folder>my-project-name</folder>
	<filename>pexels-photo-5994795.jpeg</filename>
	<path>/my-project-name/pexels-photo-5994795.jpeg</path>
	<source>
		<database>Unspecified</database>
	</source>
	<size>
		<width>500</width>
		<height>333</height>
		<depth>3</depth>
	</size>
	<object>
		<name>blood</name>
		<pose>Unspecified</pose>
		<truncated>0</truncated>
		<difficult>0</difficult>
		<bndbox>
			<xmin>246</xmin>
			<ymin>12</ymin>
			<xmax>268</xmax>
			<ymax>132</ymax>
		</bndbox>
	</object>
	<object>
		<name>blood</name>
		<pose>Unspecified</pose>
		<truncated>0</truncated>
		<difficult>0</difficult>
		<bndbox>
			<xmin>135</xmin>
			<ymin>111</ymin>
			<xmax>159</xmax>
			<ymax>227</ymax>
		</bndbox>
	</object>
</annotation>