<annotation>
	<folder>my-project-name</folder>
	<filename>pexels-photo-14580769.jpeg</filename>
	<path>/my-project-name/pexels-photo-14580769.jpeg</path>
	<source>
		<database>Unspecified</database>
	</source>
	<size>
		<width>500</width>
		<height>637</height>
		<depth>3</depth>
	</size>
	<object>
		<name>blood</name>
		<pose>Unspecified</pose>
		<truncated>0</truncated>
		<difficult>0</difficult>
		<bndbox>
			<xmin>145</xmin>
			<ymin>380</ymin>
			<xmax>206</xmax>
			<ymax>464</ymax>
		</bndbox>
	</object>
	<object>
		<name>blood</name>
		<pose>Unspecified</pose>
		<truncated>0</truncated>
		<difficult>0</difficult>
		<bndbox>
			<xmin>261</xmin>
			<ymin>600</ymin>
			<xmax>281</xmax>
			<ymax>637</ymax>
		</bndbox>
	</object>
</annotation>