<annotation>
	<folder>my-project-name</folder>
	<filename>pexels-photo-7691787.jpeg</filename>
	<path>/my-project-name/pexels-photo-7691787.jpeg</path>
	<source>
		<database>Unspecified</database>
	</source>
	<size>
		<width>500</width>
		<height>750</height>
		<depth>3</depth>
	</size>
	<object>
		<name>blood</name>
		<pose>Unspecified</pose>
		<truncated>0</truncated>
		<difficult>0</difficult>
		<bndbox>
			<xmin>113</xmin>
			<ymin>231</ymin>
			<xmax>212</xmax>
			<ymax>362</ymax>
		</bndbox>
	</object>
	<object>
		<name>blood</name>
		<pose>Unspecified</pose>
		<truncated>0</truncated>
		<difficult>0</difficult>
		<bndbox>
			<xmin>257</xmin>
			<ymin>294</ymin>
			<xmax>500</xmax>
			<ymax>472</ymax>
		</bndbox>
	</object>
	<object>
		<name>blood</name>
		<pose>Unspecified</pose>
		<truncated>0</truncated>
		<difficult>0</difficult>
		<bndbox>
			<xmin>103</xmin>
			<ymin>375</ymin>
			<xmax>278</xmax>
			<ymax>492</ymax>
		</bndbox>
	</object>
</annotation>