<annotation>
	<folder>my-project-name</folder>
	<filename>pexels-photo-4047146.jpeg</filename>
	<path>/my-project-name/pexels-photo-4047146.jpeg</path>
	<source>
		<database>Unspecified</database>
	</source>
	<size>
		<width>500</width>
		<height>333</height>
		<depth>3</depth>
	</size>
	<object>
		<name>blood</name>
		<pose>Unspecified</pose>
		<truncated>0</truncated>
		<difficult>0</difficult>
		<bndbox>
			<xmin>134</xmin>
			<ymin>113</ymin>
			<xmax>226</xmax>
			<ymax>262</ymax>
		</bndbox>
	</object>
	<object>
		<name>blood</name>
		<pose>Unspecified</pose>
		<truncated>0</truncated>
		<difficult>0</difficult>
		<bndbox>
			<xmin>228</xmin>
			<ymin>91</ymin>
			<xmax>360</xmax>
			<ymax>213</ymax>
		</bndbox>
	</object>
</annotation>