<annotation>
	<folder>my-project-name</folder>
	<filename>pexels-photo-7692052.jpeg</filename>
	<path>/my-project-name/pexels-photo-7692052.jpeg</path>
	<source>
		<database>Unspecified</database>
	</source>
	<size>
		<width>500</width>
		<height>333</height>
		<depth>3</depth>
	</size>
	<object>
		<name>blood</name>
		<pose>Unspecified</pose>
		<truncated>0</truncated>
		<difficult>0</difficult>
		<bndbox>
			<xmin>220</xmin>
			<ymin>81</ymin>
			<xmax>275</xmax>
			<ymax>175</ymax>
		</bndbox>
	</object>
	<object>
		<name>blood</name>
		<pose>Unspecified</pose>
		<truncated>0</truncated>
		<difficult>0</difficult>
		<bndbox>
			<xmin>205</xmin>
			<ymin>86</ymin>
			<xmax>327</xmax>
			<ymax>147</ymax>
		</bndbox>
	</object>
	<object>
		<name>blood</name>
		<pose>Unspecified</pose>
		<truncated>0</truncated>
		<difficult>0</difficult>
		<bndbox>
			<xmin>183</xmin>
			<ymin>165</ymin>
			<xmax>383</xmax>
			<ymax>322</ymax>
		</bndbox>
	</object>
</annotation>