<annotation>
	<folder>my-project-name</folder>
	<filename>pexels-photo-14427865.jpeg</filename>
	<path>/my-project-name/pexels-photo-14427865.jpeg</path>
	<source>
		<database>Unspecified</database>
	</source>
	<size>
		<width>500</width>
		<height>700</height>
		<depth>3</depth>
	</size>
	<object>
		<name>blood</name>
		<pose>Unspecified</pose>
		<truncated>0</truncated>
		<difficult>0</difficult>
		<bndbox>
			<xmin>101</xmin>
			<ymin>184</ymin>
			<xmax>386</xmax>
			<ymax>539</ymax>
		</bndbox>
	</object>
	<object>
		<name>blood</name>
		<pose>Unspecified</pose>
		<truncated>0</truncated>
		<difficult>0</difficult>
		<bndbox>
			<xmin>0</xmin>
			<ymin>532</ymin>
			<xmax>500</xmax>
			<ymax>700</ymax>
		</bndbox>
	</object>
</annotation>