<annotation>
	<folder>my-project-name</folder>
	<filename>pexels-photo-7691970.jpeg</filename>
	<path>/my-project-name/pexels-photo-7691970.jpeg</path>
	<source>
		<database>Unspecified</database>
	</source>
	<size>
		<width>500</width>
		<height>750</height>
		<depth>3</depth>
	</size>
	<object>
		<name>blood</name>
		<pose>Unspecified</pose>
		<truncated>0</truncated>
		<difficult>0</difficult>
		<bndbox>
			<xmin>86</xmin>
			<ymin>354</ymin>
			<xmax>185</xmax>
			<ymax>538</ymax>
		</bndbox>
	</object>
	<object>
		<name>blood</name>
		<pose>Unspecified</pose>
		<truncated>0</truncated>
		<difficult>0</difficult>
		<bndbox>
			<xmin>374</xmin>
			<ymin>421</ymin>
			<xmax>447</xmax>
			<ymax>578</ymax>
		</bndbox>
	</object>
</annotation>