<annotation>
	<folder>my-project-name</folder>
	<filename>pexels-photo-7692241.jpeg</filename>
	<path>/my-project-name/pexels-photo-7692241.jpeg</path>
	<source>
		<database>Unspecified</database>
	</source>
	<size>
		<width>500</width>
		<height>750</height>
		<depth>3</depth>
	</size>
	<object>
		<name>blood</name>
		<pose>Unspecified</pose>
		<truncated>0</truncated>
		<difficult>0</difficult>
		<bndbox>
			<xmin>119</xmin>
			<ymin>31</ymin>
			<xmax>299</xmax>
			<ymax>242</ymax>
		</bndbox>
	</object>
	<object>
		<name>blood</name>
		<pose>Unspecified</pose>
		<truncated>0</truncated>
		<difficult>0</difficult>
		<bndbox>
			<xmin>198</xmin>
			<ymin>505</ymin>
			<xmax>354</xmax>
			<ymax>693</ymax>
		</bndbox>
	</object>
</annotation>