<annotation>
	<folder>my-project-name</folder>
	<filename>pexels-photo-5546556.jpeg</filename>
	<path>/my-project-name/pexels-photo-5546556.jpeg</path>
	<source>
		<database>Unspecified</database>
	</source>
	<size>
		<width>500</width>
		<height>750</height>
		<depth>3</depth>
	</size>
	<object>
		<name>blood</name>
		<pose>Unspecified</pose>
		<truncated>0</truncated>
		<difficult>0</difficult>
		<bndbox>
			<xmin>147</xmin>
			<ymin>257</ymin>
			<xmax>212</xmax>
			<ymax>353</ymax>
		</bndbox>
	</object>
	<object>
		<name>blood</name>
		<pose>Unspecified</pose>
		<truncated>0</truncated>
		<difficult>0</difficult>
		<bndbox>
			<xmin>109</xmin>
			<ymin>267</ymin>
			<xmax>144</xmax>
			<ymax>288</ymax>
		</bndbox>
	</object>
	<object>
		<name>blood</name>
		<pose>Unspecified</pose>
		<truncated>0</truncated>
		<difficult>0</difficult>
		<bndbox>
			<xmin>32</xmin>
			<ymin>432</ymin>
			<xmax>356</xmax>
			<ymax>613</ymax>
		</bndbox>
	</object>
</annotation>