<annotation>
	<folder>my-project-name</folder>
	<filename>pexels-photo-5605493.jpeg</filename>
	<path>/my-project-name/pexels-photo-5605493.jpeg</path>
	<source>
		<database>Unspecified</database>
	</source>
	<size>
		<width>500</width>
		<height>750</height>
		<depth>3</depth>
	</size>
	<object>
		<name>blood</name>
		<pose>Unspecified</pose>
		<truncated>0</truncated>
		<difficult>0</difficult>
		<bndbox>
			<xmin>173</xmin>
			<ymin>105</ymin>
			<xmax>303</xmax>
			<ymax>273</ymax>
		</bndbox>
	</object>
	<object>
		<name>blood</name>
		<pose>Unspecified</pose>
		<truncated>0</truncated>
		<difficult>0</difficult>
		<bndbox>
			<xmin>201</xmin>
			<ymin>382</ymin>
			<xmax>428</xmax>
			<ymax>570</ymax>
		</bndbox>
	</object>
	<object>
		<name>blood</name>
		<pose>Unspecified</pose>
		<truncated>0</truncated>
		<difficult>0</difficult>
		<bndbox>
			<xmin>0</xmin>
			<ymin>567</ymin>
			<xmax>175</xmax>
			<ymax>693</ymax>
		</bndbox>
	</object>
</annotation>