<annotation>
	<folder>my-project-name</folder>
	<filename>pexels-photo-7691796.jpeg</filename>
	<path>/my-project-name/pexels-photo-7691796.jpeg</path>
	<source>
		<database>Unspecified</database>
	</source>
	<size>
		<width>500</width>
		<height>333</height>
		<depth>3</depth>
	</size>
	<object>
		<name>blood</name>
		<pose>Unspecified</pose>
		<truncated>0</truncated>
		<difficult>0</difficult>
		<bndbox>
			<xmin>392</xmin>
			<ymin>151</ymin>
			<xmax>476</xmax>
			<ymax>227</ymax>
		</bndbox>
	</object>
	<object>
		<name>blood</name>
		<pose>Unspecified</pose>
		<truncated>0</truncated>
		<difficult>0</difficult>
		<bndbox>
			<xmin>361</xmin>
			<ymin>177</ymin>
			<xmax>400</xmax>
			<ymax>227</ymax>
		</bndbox>
	</object>
	<object>
		<name>blood</name>
		<pose>Unspecified</pose>
		<truncated>0</truncated>
		<difficult>0</difficult>
		<bndbox>
			<xmin>259</xmin>
			<ymin>47</ymin>
			<xmax>353</xmax>
			<ymax>210</ymax>
		</bndbox>
	</object>
</annotation>