<annotation>
	<folder>my-project-name</folder>
	<filename>pexels-photo-7692231.jpeg</filename>
	<path>/my-project-name/pexels-photo-7692231.jpeg</path>
	<source>
		<database>Unspecified</database>
	</source>
	<size>
		<width>500</width>
		<height>333</height>
		<depth>3</depth>
	</size>
	<object>
		<name>blood</name>
		<pose>Unspecified</pose>
		<truncated>0</truncated>
		<difficult>0</difficult>
		<bndbox>
			<xmin>0</xmin>
			<ymin>20</ymin>
			<xmax>64</xmax>
			<ymax>112</ymax>
		</bndbox>
	</object>
	<object>
		<name>blood</name>
		<pose>Unspecified</pose>
		<truncated>0</truncated>
		<difficult>0</difficult>
		<bndbox>
			<xmin>224</xmin>
			<ymin>0</ymin>
			<xmax>317</xmax>
			<ymax>83</ymax>
		</bndbox>
	</object>
	<object>
		<name>blood</name>
		<pose>Unspecified</pose>
		<truncated>0</truncated>
		<difficult>0</difficult>
		<bndbox>
			<xmin>22</xmin>
			<ymin>246</ymin>
			<xmax>98</xmax>
			<ymax>333</ymax>
		</bndbox>
	</object>
</annotation>