<annotation>
	<folder>my-project-name</folder>
	<filename>pexels-photo-12850412.jpeg</filename>
	<path>/my-project-name/pexels-photo-12850412.jpeg</path>
	<source>
		<database>Unspecified</database>
	</source>
	<size>
		<width>500</width>
		<height>667</height>
		<depth>3</depth>
	</size>
	<object>
		<name>blood</name>
		<pose>Unspecified</pose>
		<truncated>0</truncated>
		<difficult>0</difficult>
		<bndbox>
			<xmin>241</xmin>
			<ymin>522</ymin>
			<xmax>419</xmax>
			<ymax>594</ymax>
		</bndbox>
	</object>
	<object>
		<name>blood</name>
		<pose>Unspecified</pose>
		<truncated>0</truncated>
		<difficult>0</difficult>
		<bndbox>
			<xmin>326</xmin>
			<ymin>355</ymin>
			<xmax>465</xmax>
			<ymax>487</ymax>
		</bndbox>
	</object>
	<object>
		<name>blood</name>
		<pose>Unspecified</pose>
		<truncated>0</truncated>
		<difficult>0</difficult>
		<bndbox>
			<xmin>176</xmin>
			<ymin>382</ymin>
			<xmax>248</xmax>
			<ymax>465</ymax>
		</bndbox>
	</object>
	<object>
		<name>blood</name>
		<pose>Unspecified</pose>
		<truncated>0</truncated>
		<difficult>0</difficult>
		<bndbox>
			<xmin>111</xmin>
			<ymin>429</ymin>
			<xmax>287</xmax>
			<ymax>528</ymax>
		</bndbox>
	</object>
</annotation>