<annotation>
	<folder>my-project-name</folder>
	<filename>pexels-photo-12326657.jpeg</filename>
	<path>/my-project-name/pexels-photo-12326657.jpeg</path>
	<source>
		<database>Unspecified</database>
	</source>
	<size>
		<width>500</width>
		<height>333</height>
		<depth>3</depth>
	</size>
	<object>
		<name>blood</name>
		<pose>Unspecified</pose>
		<truncated>0</truncated>
		<difficult>0</difficult>
		<bndbox>
			<xmin>340</xmin>
			<ymin>185</ymin>
			<xmax>364</xmax>
			<ymax>199</ymax>
		</bndbox>
	</object>
	<object>
		<name>blood</name>
		<pose>Unspecified</pose>
		<truncated>0</truncated>
		<difficult>0</difficult>
		<bndbox>
			<xmin>336</xmin>
			<ymin>154</ymin>
			<xmax>363</xmax>
			<ymax>171</ymax>
		</bndbox>
	</object>
</annotation>