<annotation>
	<folder>my-project-name</folder>
	<filename>pexels-photo-5995299.jpeg</filename>
	<path>/my-project-name/pexels-photo-5995299.jpeg</path>
	<source>
		<database>Unspecified</database>
	</source>
	<size>
		<width>500</width>
		<height>333</height>
		<depth>3</depth>
	</size>
	<object>
		<name>blood</name>
		<pose>Unspecified</pose>
		<truncated>0</truncated>
		<difficult>0</difficult>
		<bndbox>
			<xmin>116</xmin>
			<ymin>121</ymin>
			<xmax>402</xmax>
			<ymax>182</ymax>
		</bndbox>
	</object>
	<object>
		<name>blood</name>
		<pose>Unspecified</pose>
		<truncated>0</truncated>
		<difficult>0</difficult>
		<bndbox>
			<xmin>122</xmin>
			<ymin>166</ymin>
			<xmax>401</xmax>
			<ymax>243</ymax>
		</bndbox>
	</object>
</annotation>