<annotation>
	<folder>my-project-name</folder>
	<filename>pexels-photo-13466253.jpeg</filename>
	<path>/my-project-name/pexels-photo-13466253.jpeg</path>
	<source>
		<database>Unspecified</database>
	</source>
	<size>
		<width>500</width>
		<height>749</height>
		<depth>3</depth>
	</size>
	<object>
		<name>blood</name>
		<pose>Unspecified</pose>
		<truncated>0</truncated>
		<difficult>0</difficult>
		<bndbox>
			<xmin>49</xmin>
			<ymin>442</ymin>
			<xmax>286</xmax>
			<ymax>582</ymax>
		</bndbox>
	</object>
	<object>
		<name>blood</name>
		<pose>Unspecified</pose>
		<truncated>0</truncated>
		<difficult>0</difficult>
		<bndbox>
			<xmin>78</xmin>
			<ymin>353</ymin>
			<xmax>257</xmax>
			<ymax>522</ymax>
		</bndbox>
	</object>
	<object>
		<name>blood</name>
		<pose>Unspecified</pose>
		<truncated>0</truncated>
		<difficult>0</difficult>
		<bndbox>
			<xmin>162</xmin>
			<ymin>359</ymin>
			<xmax>334</xmax>
			<ymax>543</ymax>
		</bndbox>
	</object>
	<object>
		<name>blood</name>
		<pose>Unspecified</pose>
		<truncated>0</truncated>
		<difficult>0</difficult>
		<bndbox>
			<xmin>222</xmin>
			<ymin>349</ymin>
			<xmax>398</xmax>
			<ymax>539</ymax>
		</bndbox>
	</object>
</annotation>