<annotation>
	<folder>my-project-name</folder>
	<filename>pexels-photo-7692062.jpeg</filename>
	<path>/my-project-name/pexels-photo-7692062.jpeg</path>
	<source>
		<database>Unspecified</database>
	</source>
	<size>
		<width>500</width>
		<height>750</height>
		<depth>3</depth>
	</size>
	<object>
		<name>blood</name>
		<pose>Unspecified</pose>
		<truncated>0</truncated>
		<difficult>0</difficult>
		<bndbox>
			<xmin>133</xmin>
			<ymin>308</ymin>
			<xmax>212</xmax>
			<ymax>445</ymax>
		</bndbox>
	</object>
	<object>
		<name>blood</name>
		<pose>Unspecified</pose>
		<truncated>0</truncated>
		<difficult>0</difficult>
		<bndbox>
			<xmin>116</xmin>
			<ymin>277</ymin>
			<xmax>329</xmax>
			<ymax>450</ymax>
		</bndbox>
	</object>
	<object>
		<name>blood</name>
		<pose>Unspecified</pose>
		<truncated>0</truncated>
		<difficult>0</difficult>
		<bndbox>
			<xmin>86</xmin>
			<ymin>412</ymin>
			<xmax>387</xmax>
			<ymax>702</ymax>
		</bndbox>
	</object>
</annotation>