<annotation>
	<folder>my-project-name</folder>
	<filename>pexels-photo-1441095.jpeg</filename>
	<path>/my-project-name/pexels-photo-1441095.jpeg</path>
	<source>
		<database>Unspecified</database>
	</source>
	<size>
		<width>500</width>
		<height>750</height>
		<depth>3</depth>
	</size>
	<object>
		<name>blood</name>
		<pose>Unspecified</pose>
		<truncated>0</truncated>
		<difficult>0</difficult>
		<bndbox>
			<xmin>278</xmin>
			<ymin>17</ymin>
			<xmax>500</xmax>
			<ymax>219</ymax>
		</bndbox>
	</object>
	<object>
		<name>blood</name>
		<pose>Unspecified</pose>
		<truncated>0</truncated>
		<difficult>0</difficult>
		<bndbox>
			<xmin>0</xmin>
			<ymin>102</ymin>
			<xmax>492</xmax>
			<ymax>750</ymax>
		</bndbox>
	</object>
</annotation>