<annotation>
	<folder>my-project-name</folder>
	<filename>pexels-photo-5427761.jpeg</filename>
	<path>/my-project-name/pexels-photo-5427761.jpeg</path>
	<source>
		<database>Unspecified</database>
	</source>
	<size>
		<width>500</width>
		<height>750</height>
		<depth>3</depth>
	</size>
	<object>
		<name>blood</name>
		<pose>Unspecified</pose>
		<truncated>0</truncated>
		<difficult>0</difficult>
		<bndbox>
			<xmin>319</xmin>
			<ymin>397</ymin>
			<xmax>398</xmax>
			<ymax>530</ymax>
		</bndbox>
	</object>
	<object>
		<name>blood</name>
		<pose>Unspecified</pose>
		<truncated>0</truncated>
		<difficult>0</difficult>
		<bndbox>
			<xmin>331</xmin>
			<ymin>235</ymin>
			<xmax>398</xmax>
			<ymax>434</ymax>
		</bndbox>
	</object>
</annotation>