<annotation>
	<folder>my-project-name</folder>
	<filename>pexels-photo-17515226.jpeg</filename>
	<path>/my-project-name/pexels-photo-17515226.jpeg</path>
	<source>
		<database>Unspecified</database>
	</source>
	<size>
		<width>500</width>
		<height>333</height>
		<depth>3</depth>
	</size>
	<object>
		<name>blood</name>
		<pose>Unspecified</pose>
		<truncated>0</truncated>
		<difficult>0</difficult>
		<bndbox>
			<xmin>402</xmin>
			<ymin>179</ymin>
			<xmax>414</xmax>
			<ymax>206</ymax>
		</bndbox>
	</object>
	<object>
		<name>blood</name>
		<pose>Unspecified</pose>
		<truncated>0</truncated>
		<difficult>0</difficult>
		<bndbox>
			<xmin>413</xmin>
			<ymin>193</ymin>
			<xmax>425</xmax>
			<ymax>211</ymax>
		</bndbox>
	</object>
</annotation>