<annotation>
	<folder>my-project-name</folder>
	<filename>pexels-photo-14493879.jpeg</filename>
	<path>/my-project-name/pexels-photo-14493879.jpeg</path>
	<source>
		<database>Unspecified</database>
	</source>
	<size>
		<width>500</width>
		<height>352</height>
		<depth>3</depth>
	</size>
	<object>
		<name>blood</name>
		<pose>Unspecified</pose>
		<truncated>0</truncated>
		<difficult>0</difficult>
		<bndbox>
			<xmin>12</xmin>
			<ymin>258</ymin>
			<xmax>477</xmax>
			<ymax>352</ymax>
		</bndbox>
	</object>
	<object>
		<name>knife</name>
		<pose>Unspecified</pose>
		<truncated>0</truncated>
		<difficult>0</difficult>
		<bndbox>
			<xmin>119</xmin>
			<ymin>82</ymin>
			<xmax>310</xmax>
			<ymax>192</ymax>
		</bndbox>
	</object>
</annotation>