<annotation>
	<folder>my-project-name</folder>
	<filename>pexels-photo-7692153.jpeg</filename>
	<path>/my-project-name/pexels-photo-7692153.jpeg</path>
	<source>
		<database>Unspecified</database>
	</source>
	<size>
		<width>500</width>
		<height>333</height>
		<depth>3</depth>
	</size>
	<object>
		<name>blood</name>
		<pose>Unspecified</pose>
		<truncated>0</truncated>
		<difficult>0</difficult>
		<bndbox>
			<xmin>236</xmin>
			<ymin>141</ymin>
			<xmax>287</xmax>
			<ymax>241</ymax>
		</bndbox>
	</object>
	<object>
		<name>blood</name>
		<pose>Unspecified</pose>
		<truncated>0</truncated>
		<difficult>0</difficult>
		<bndbox>
			<xmin>184</xmin>
			<ymin>126</ymin>
			<xmax>218</xmax>
			<ymax>148</ymax>
		</bndbox>
	</object>
	<object>
		<name>blood</name>
		<pose>Unspecified</pose>
		<truncated>0</truncated>
		<difficult>0</difficult>
		<bndbox>
			<xmin>225</xmin>
			<ymin>170</ymin>
			<xmax>234</xmax>
			<ymax>197</ymax>
		</bndbox>
	</object>
</annotation>