<annotation>
	<folder>my-project-name</folder>
	<filename>pexels-photo-14805441.jpeg</filename>
	<path>/my-project-name/pexels-photo-14805441.jpeg</path>
	<source>
		<database>Unspecified</database>
	</source>
	<size>
		<width>500</width>
		<height>669</height>
		<depth>3</depth>
	</size>
	<object>
		<name>blood</name>
		<pose>Unspecified</pose>
		<truncated>0</truncated>
		<difficult>0</difficult>
		<bndbox>
			<xmin>166</xmin>
			<ymin>217</ymin>
			<xmax>189</xmax>
			<ymax>294</ymax>
		</bndbox>
	</object>
	<object>
		<name>blood</name>
		<pose>Unspecified</pose>
		<truncated>0</truncated>
		<difficult>0</difficult>
		<bndbox>
			<xmin>251</xmin>
			<ymin>223</ymin>
			<xmax>277</xmax>
			<ymax>304</ymax>
		</bndbox>
	</object>
</annotation>