<annotation>
	<folder>my-project-name</folder>
	<filename>pexels-photo-7692056.jpeg</filename>
	<path>/my-project-name/pexels-photo-7692056.jpeg</path>
	<source>
		<database>Unspecified</database>
	</source>
	<size>
		<width>500</width>
		<height>750</height>
		<depth>3</depth>
	</size>
	<object>
		<name>blood</name>
		<pose>Unspecified</pose>
		<truncated>0</truncated>
		<difficult>0</difficult>
		<bndbox>
			<xmin>191</xmin>
			<ymin>304</ymin>
			<xmax>307</xmax>
			<ymax>442</ymax>
		</bndbox>
	</object>
	<object>
		<name>blood</name>
		<pose>Unspecified</pose>
		<truncated>0</truncated>
		<difficult>0</difficult>
		<bndbox>
			<xmin>161</xmin>
			<ymin>300</ymin>
			<xmax>257</xmax>
			<ymax>562</ymax>
		</bndbox>
	</object>
</annotation>