<annotation>
	<folder>my-project-name</folder>
	<filename>pexels-photo-14163836.jpeg</filename>
	<path>/my-project-name/pexels-photo-14163836.jpeg</path>
	<source>
		<database>Unspecified</database>
	</source>
	<size>
		<width>500</width>
		<height>667</height>
		<depth>3</depth>
	</size>
	<object>
		<name>blood</name>
		<pose>Unspecified</pose>
		<truncated>0</truncated>
		<difficult>0</difficult>
		<bndbox>
			<xmin>204</xmin>
			<ymin>181</ymin>
			<xmax>331</xmax>
			<ymax>299</ymax>
		</bndbox>
	</object>
	<object>
		<name>blood</name>
		<pose>Unspecified</pose>
		<truncated>0</truncated>
		<difficult>0</difficult>
		<bndbox>
			<xmin>305</xmin>
			<ymin>266</ymin>
			<xmax>410</xmax>
			<ymax>400</ymax>
		</bndbox>
	</object>
	<object>
		<name>blood</name>
		<pose>Unspecified</pose>
		<truncated>0</truncated>
		<difficult>0</difficult>
		<bndbox>
			<xmin>219</xmin>
			<ymin>89</ymin>
			<xmax>326</xmax>
			<ymax>180</ymax>
		</bndbox>
	</object>
</annotation>