<annotation>
	<folder>my-project-name</folder>
	<filename>pexels-photo-12398390.jpeg</filename>
	<path>/my-project-name/pexels-photo-12398390.jpeg</path>
	<source>
		<database>Unspecified</database>
	</source>
	<size>
		<width>500</width>
		<height>667</height>
		<depth>3</depth>
	</size>
	<object>
		<name>blood</name>
		<pose>Unspecified</pose>
		<truncated>0</truncated>
		<difficult>0</difficult>
		<bndbox>
			<xmin>126</xmin>
			<ymin>143</ymin>
			<xmax>269</xmax>
			<ymax>332</ymax>
		</bndbox>
	</object>
	<object>
		<name>blood</name>
		<pose>Unspecified</pose>
		<truncated>0</truncated>
		<difficult>0</difficult>
		<bndbox>
			<xmin>278</xmin>
			<ymin>81</ymin>
			<xmax>452</xmax>
			<ymax>259</ymax>
		</bndbox>
	</object>
</annotation>