<annotation>
	<folder>my-project-name</folder>
	<filename>pexels-photo-3786124.jpeg</filename>
	<path>/my-project-name/pexels-photo-3786124.jpeg</path>
	<source>
		<database>Unspecified</database>
	</source>
	<size>
		<width>500</width>
		<height>750</height>
		<depth>3</depth>
	</size>
	<object>
		<name>blood</name>
		<pose>Unspecified</pose>
		<truncated>0</truncated>
		<difficult>0</difficult>
		<bndbox>
			<xmin>0</xmin>
			<ymin>244</ymin>
			<xmax>127</xmax>
			<ymax>423</ymax>
		</bndbox>
	</object>
	<object>
		<name>blood</name>
		<pose>Unspecified</pose>
		<truncated>0</truncated>
		<difficult>0</difficult>
		<bndbox>
			<xmin>366</xmin>
			<ymin>384</ymin>
			<xmax>432</xmax>
			<ymax>511</ymax>
		</bndbox>
	</object>
</annotation>