<annotation>
	<folder>my-project-name</folder>
	<filename>pexels-photo-15124243.jpeg</filename>
	<path>/my-project-name/pexels-photo-15124243.jpeg</path>
	<source>
		<database>Unspecified</database>
	</source>
	<size>
		<width>500</width>
		<height>333</height>
		<depth>3</depth>
	</size>
	<object>
		<name>blood</name>
		<pose>Unspecified</pose>
		<truncated>0</truncated>
		<difficult>0</difficult>
		<bndbox>
			<xmin>234</xmin>
			<ymin>141</ymin>
			<xmax>287</xmax>
			<ymax>189</ymax>
		</bndbox>
	</object>
	<object>
		<name>blood</name>
		<pose>Unspecified</pose>
		<truncated>0</truncated>
		<difficult>0</difficult>
		<bndbox>
			<xmin>313</xmin>
			<ymin>97</ymin>
			<xmax>328</xmax>
			<ymax>219</ymax>
		</bndbox>
	</object>
</annotation>