<annotation>
	<folder>my-project-name</folder>
	<filename>pexels-photo-14493880.jpeg</filename>
	<path>/my-project-name/pexels-photo-14493880.jpeg</path>
	<source>
		<database>Unspecified</database>
	</source>
	<size>
		<width>500</width>
		<height>335</height>
		<depth>3</depth>
	</size>
	<object>
		<name>blood</name>
		<pose>Unspecified</pose>
		<truncated>0</truncated>
		<difficult>0</difficult>
		<bndbox>
			<xmin>359</xmin>
			<ymin>104</ymin>
			<xmax>494</xmax>
			<ymax>246</ymax>
		</bndbox>
	</object>
	<object>
		<name>blood</name>
		<pose>Unspecified</pose>
		<truncated>0</truncated>
		<difficult>0</difficult>
		<bndbox>
			<xmin>55</xmin>
			<ymin>232</ymin>
			<xmax>379</xmax>
			<ymax>335</ymax>
		</bndbox>
	</object>
</annotation>