<annotation>
	<folder>my-project-name</folder>
	<filename>pexels-photo-3908181.jpeg</filename>
	<path>/my-project-name/pexels-photo-3908181.jpeg</path>
	<source>
		<database>Unspecified</database>
	</source>
	<size>
		<width>500</width>
		<height>333</height>
		<depth>3</depth>
	</size>
	<object>
		<name>blood</name>
		<pose>Unspecified</pose>
		<truncated>0</truncated>
		<difficult>0</difficult>
		<bndbox>
			<xmin>177</xmin>
			<ymin>177</ymin>
			<xmax>233</xmax>
			<ymax>201</ymax>
		</bndbox>
	</object>
	<object>
		<name>blood</name>
		<pose>Unspecified</pose>
		<truncated>0</truncated>
		<difficult>0</difficult>
		<bndbox>
			<xmin>380</xmin>
			<ymin>258</ymin>
			<xmax>500</xmax>
			<ymax>329</ymax>
		</bndbox>
	</object>
</annotation>