<annotation>
	<folder>my-project-name</folder>
	<filename>pexels-photo-5995028.jpeg</filename>
	<path>/my-project-name/pexels-photo-5995028.jpeg</path>
	<source>
		<database>Unspecified</database>
	</source>
	<size>
		<width>500</width>
		<height>333</height>
		<depth>3</depth>
	</size>
	<object>
		<name>blood</name>
		<pose>Unspecified</pose>
		<truncated>0</truncated>
		<difficult>0</difficult>
		<bndbox>
			<xmin>144</xmin>
			<ymin>148</ymin>
			<xmax>254</xmax>
			<ymax>169</ymax>
		</bndbox>
	</object>
	<object>
		<name>blood</name>
		<pose>Unspecified</pose>
		<truncated>0</truncated>
		<difficult>0</difficult>
		<bndbox>
			<xmin>257</xmin>
			<ymin>148</ymin>
			<xmax>368</xmax>
			<ymax>167</ymax>
		</bndbox>
	</object>
</annotation>