<annotation>
	<folder>my-project-name</folder>
	<filename>pexels-photo-7692064.jpeg</filename>
	<path>/my-project-name/pexels-photo-7692064.jpeg</path>
	<source>
		<database>Unspecified</database>
	</source>
	<size>
		<width>500</width>
		<height>750</height>
		<depth>3</depth>
	</size>
	<object>
		<name>blood</name>
		<pose>Unspecified</pose>
		<truncated>0</truncated>
		<difficult>0</difficult>
		<bndbox>
			<xmin>187</xmin>
			<ymin>306</ymin>
			<xmax>307</xmax>
			<ymax>437</ymax>
		</bndbox>
	</object>
	<object>
		<name>blood</name>
		<pose>Unspecified</pose>
		<truncated>0</truncated>
		<difficult>0</difficult>
		<bndbox>
			<xmin>232</xmin>
			<ymin>249</ymin>
			<xmax>428</xmax>
			<ymax>343</ymax>
		</bndbox>
	</object>
	<object>
		<name>blood</name>
		<pose>Unspecified</pose>
		<truncated>0</truncated>
		<difficult>0</difficult>
		<bndbox>
			<xmin>82</xmin>
			<ymin>370</ymin>
			<xmax>476</xmax>
			<ymax>734</ymax>
		</bndbox>
	</object>
</annotation>