<annotation>
	<folder>my-project-name</folder>
	<filename>pexels-photo-7692234.jpeg</filename>
	<path>/my-project-name/pexels-photo-7692234.jpeg</path>
	<source>
		<database>Unspecified</database>
	</source>
	<size>
		<width>500</width>
		<height>750</height>
		<depth>3</depth>
	</size>
	<object>
		<name>blood</name>
		<pose>Unspecified</pose>
		<truncated>0</truncated>
		<difficult>0</difficult>
		<bndbox>
			<xmin>0</xmin>
			<ymin>274</ymin>
			<xmax>125</xmax>
			<ymax>448</ymax>
		</bndbox>
	</object>
	<object>
		<name>blood</name>
		<pose>Unspecified</pose>
		<truncated>0</truncated>
		<difficult>0</difficult>
		<bndbox>
			<xmin>254</xmin>
			<ymin>263</ymin>
			<xmax>338</xmax>
			<ymax>416</ymax>
		</bndbox>
	</object>
	<object>
		<name>blood</name>
		<pose>Unspecified</pose>
		<truncated>0</truncated>
		<difficult>0</difficult>
		<bndbox>
			<xmin>332</xmin>
			<ymin>479</ymin>
			<xmax>500</xmax>
			<ymax>667</ymax>
		</bndbox>
	</object>
	<object>
		<name>blood</name>
		<pose>Unspecified</pose>
		<truncated>0</truncated>
		<difficult>0</difficult>
		<bndbox>
			<xmin>24</xmin>
			<ymin>513</ymin>
			<xmax>178</xmax>
			<ymax>693</ymax>
		</bndbox>
	</object>
</annotation>