<annotation>
	<folder>my-project-name</folder>
	<filename>pexels-photo-4874391.jpeg</filename>
	<path>/my-project-name/pexels-photo-4874391.jpeg</path>
	<source>
		<database>Unspecified</database>
	</source>
	<size>
		<width>500</width>
		<height>333</height>
		<depth>3</depth>
	</size>
	<object>
		<name>blood</name>
		<pose>Unspecified</pose>
		<truncated>0</truncated>
		<difficult>0</difficult>
		<bndbox>
			<xmin>187</xmin>
			<ymin>63</ymin>
			<xmax>279</xmax>
			<ymax>213</ymax>
		</bndbox>
	</object>
	<object>
		<name>blood</name>
		<pose>Unspecified</pose>
		<truncated>0</truncated>
		<difficult>0</difficult>
		<bndbox>
			<xmin>191</xmin>
			<ymin>282</ymin>
			<xmax>287</xmax>
			<ymax>324</ymax>
		</bndbox>
	</object>
</annotation>