<annotation>
	<folder>my-project-name</folder>
	<filename>pexels-photo-3115523.jpeg</filename>
	<path>/my-project-name/pexels-photo-3115523.jpeg</path>
	<source>
		<database>Unspecified</database>
	</source>
	<size>
		<width>500</width>
		<height>750</height>
		<depth>3</depth>
	</size>
	<object>
		<name>blood</name>
		<pose>Unspecified</pose>
		<truncated>0</truncated>
		<difficult>0</difficult>
		<bndbox>
			<xmin>305</xmin>
			<ymin>347</ymin>
			<xmax>407</xmax>
			<ymax>549</ymax>
		</bndbox>
	</object>
	<object>
		<name>blood</name>
		<pose>Unspecified</pose>
		<truncated>0</truncated>
		<difficult>0</difficult>
		<bndbox>
			<xmin>379</xmin>
			<ymin>330</ymin>
			<xmax>441</xmax>
			<ymax>483</ymax>
		</bndbox>
	</object>
	<object>
		<name>blood</name>
		<pose>Unspecified</pose>
		<truncated>0</truncated>
		<difficult>0</difficult>
		<bndbox>
			<xmin>223</xmin>
			<ymin>130</ymin>
			<xmax>302</xmax>
			<ymax>254</ymax>
		</bndbox>
	</object>
</annotation>