<annotation>
	<folder>my-project-name</folder>
	<filename>pexels-photo-6230222.jpeg</filename>
	<path>/my-project-name/pexels-photo-6230222.jpeg</path>
	<source>
		<database>Unspecified</database>
	</source>
	<size>
		<width>500</width>
		<height>625</height>
		<depth>3</depth>
	</size>
	<object>
		<name>blood</name>
		<pose>Unspecified</pose>
		<truncated>0</truncated>
		<difficult>0</difficult>
		<bndbox>
			<xmin>108</xmin>
			<ymin>25</ymin>
			<xmax>227</xmax>
			<ymax>434</ymax>
		</bndbox>
	</object>
	<object>
		<name>blood</name>
		<pose>Unspecified</pose>
		<truncated>0</truncated>
		<difficult>0</difficult>
		<bndbox>
			<xmin>227</xmin>
			<ymin>234</ymin>
			<xmax>359</xmax>
			<ymax>374</ymax>
		</bndbox>
	</object>
	<object>
		<name>blood</name>
		<pose>Unspecified</pose>
		<truncated>0</truncated>
		<difficult>0</difficult>
		<bndbox>
			<xmin>17</xmin>
			<ymin>485</ymin>
			<xmax>335</xmax>
			<ymax>625</ymax>
		</bndbox>
	</object>
</annotation>