<annotation>
	<folder>my-project-name</folder>
	<filename>pexels-photo-3926744.jpeg</filename>
	<path>/my-project-name/pexels-photo-3926744.jpeg</path>
	<source>
		<database>Unspecified</database>
	</source>
	<size>
		<width>500</width>
		<height>333</height>
		<depth>3</depth>
	</size>
	<object>
		<name>blood</name>
		<pose>Unspecified</pose>
		<truncated>0</truncated>
		<difficult>0</difficult>
		<bndbox>
			<xmin>0</xmin>
			<ymin>136</ymin>
			<xmax>171</xmax>
			<ymax>249</ymax>
		</bndbox>
	</object>
	<object>
		<name>gun</name>
		<pose>Unspecified</pose>
		<truncated>0</truncated>
		<difficult>0</difficult>
		<bndbox>
			<xmin>222</xmin>
			<ymin>105</ymin>
			<xmax>380</xmax>
			<ymax>216</ymax>
		</bndbox>
	</object>
</annotation>