<annotation>
	<folder>my-project-name</folder>
	<filename>pexels-photo-7691778.jpeg</filename>
	<path>/my-project-name/pexels-photo-7691778.jpeg</path>
	<source>
		<database>Unspecified</database>
	</source>
	<size>
		<width>500</width>
		<height>750</height>
		<depth>3</depth>
	</size>
	<object>
		<name>blood</name>
		<pose>Unspecified</pose>
		<truncated>0</truncated>
		<difficult>0</difficult>
		<bndbox>
			<xmin>0</xmin>
			<ymin>166</ymin>
			<xmax>156</xmax>
			<ymax>298</ymax>
		</bndbox>
	</object>
	<object>
		<name>blood</name>
		<pose>Unspecified</pose>
		<truncated>0</truncated>
		<difficult>0</difficult>
		<bndbox>
			<xmin>49</xmin>
			<ymin>299</ymin>
			<xmax>415</xmax>
			<ymax>650</ymax>
		</bndbox>
	</object>
</annotation>