<annotation>
	<folder>my-project-name</folder>
	<filename>pexels-photo-5605489.jpeg</filename>
	<path>/my-project-name/pexels-photo-5605489.jpeg</path>
	<source>
		<database>Unspecified</database>
	</source>
	<size>
		<width>500</width>
		<height>750</height>
		<depth>3</depth>
	</size>
	<object>
		<name>blood</name>
		<pose>Unspecified</pose>
		<truncated>0</truncated>
		<difficult>0</difficult>
		<bndbox>
			<xmin>77</xmin>
			<ymin>177</ymin>
			<xmax>342</xmax>
			<ymax>262</ymax>
		</bndbox>
	</object>
	<object>
		<name>blood</name>
		<pose>Unspecified</pose>
		<truncated>0</truncated>
		<difficult>0</difficult>
		<bndbox>
			<xmin>273</xmin>
			<ymin>360</ymin>
			<xmax>410</xmax>
			<ymax>478</ymax>
		</bndbox>
	</object>
</annotation>