<annotation>
	<folder>my-project-name</folder>
	<filename>pexels-photo-6631419.jpeg</filename>
	<path>/my-project-name/pexels-photo-6631419.jpeg</path>
	<source>
		<database>Unspecified</database>
	</source>
	<size>
		<width>500</width>
		<height>750</height>
		<depth>3</depth>
	</size>
	<object>
		<name>blood</name>
		<pose>Unspecified</pose>
		<truncated>0</truncated>
		<difficult>0</difficult>
		<bndbox>
			<xmin>235</xmin>
			<ymin>290</ymin>
			<xmax>281</xmax>
			<ymax>333</ymax>
		</bndbox>
	</object>
	<object>
		<name>blood</name>
		<pose>Unspecified</pose>
		<truncated>0</truncated>
		<difficult>0</difficult>
		<bndbox>
			<xmin>264</xmin>
			<ymin>425</ymin>
			<xmax>291</xmax>
			<ymax>493</ymax>
		</bndbox>
	</object>
</annotation>