<annotation>
	<folder>my-project-name</folder>
	<filename>pexels-photo-7691782.jpeg</filename>
	<path>/my-project-name/pexels-photo-7691782.jpeg</path>
	<source>
		<database>Unspecified</database>
	</source>
	<size>
		<width>500</width>
		<height>750</height>
		<depth>3</depth>
	</size>
	<object>
		<name>blood</name>
		<pose>Unspecified</pose>
		<truncated>0</truncated>
		<difficult>0</difficult>
		<bndbox>
			<xmin>218</xmin>
			<ymin>222</ymin>
			<xmax>372</xmax>
			<ymax>343</ymax>
		</bndbox>
	</object>
	<object>
		<name>blood</name>
		<pose>Unspecified</pose>
		<truncated>0</truncated>
		<difficult>0</difficult>
		<bndbox>
			<xmin>337</xmin>
			<ymin>334</ymin>
			<xmax>500</xmax>
			<ymax>566</ymax>
		</bndbox>
	</object>
	<object>
		<name>blood</name>
		<pose>Unspecified</pose>
		<truncated>0</truncated>
		<difficult>0</difficult>
		<bndbox>
			<xmin>213</xmin>
			<ymin>390</ymin>
			<xmax>336</xmax>
			<ymax>471</ymax>
		</bndbox>
	</object>
</annotation>