<annotation>
	<folder>my-project-name</folder>
	<filename>pexels-photo-7692150.jpeg</filename>
	<path>/my-project-name/pexels-photo-7692150.jpeg</path>
	<source>
		<database>Unspecified</database>
	</source>
	<size>
		<width>500</width>
		<height>333</height>
		<depth>3</depth>
	</size>
	<object>
		<name>blood</name>
		<pose>Unspecified</pose>
		<truncated>0</truncated>
		<difficult>0</difficult>
		<bndbox>
			<xmin>205</xmin>
			<ymin>133</ymin>
			<xmax>277</xmax>
			<ymax>238</ymax>
		</bndbox>
	</object>
	<object>
		<name>blood</name>
		<pose>Unspecified</pose>
		<truncated>0</truncated>
		<difficult>0</difficult>
		<bndbox>
			<xmin>270</xmin>
			<ymin>67</ymin>
			<xmax>372</xmax>
			<ymax>199</ymax>
		</bndbox>
	</object>
</annotation>