<annotation>
	<folder>my-project-name</folder>
	<filename>pexels-photo-8888718.jpeg</filename>
	<path>/my-project-name/pexels-photo-8888718.jpeg</path>
	<source>
		<database>Unspecified</database>
	</source>
	<size>
		<width>500</width>
		<height>463</height>
		<depth>3</depth>
	</size>
	<object>
		<name>blood</name>
		<pose>Unspecified</pose>
		<truncated>0</truncated>
		<difficult>0</difficult>
		<bndbox>
			<xmin>5</xmin>
			<ymin>9</ymin>
			<xmax>411</xmax>
			<ymax>315</ymax>
		</bndbox>
	</object>
	<object>
		<name>blood</name>
		<pose>Unspecified</pose>
		<truncated>0</truncated>
		<difficult>0</difficult>
		<bndbox>
			<xmin>0</xmin>
			<ymin>87</ymin>
			<xmax>383</xmax>
			<ymax>420</ymax>
		</bndbox>
	</object>
</annotation>