<annotation>
	<folder>my-project-name</folder>
	<filename>pexels-photo-7692119.jpeg</filename>
	<path>/my-project-name/pexels-photo-7692119.jpeg</path>
	<source>
		<database>Unspecified</database>
	</source>
	<size>
		<width>500</width>
		<height>333</height>
		<depth>3</depth>
	</size>
	<object>
		<name>blood</name>
		<pose>Unspecified</pose>
		<truncated>0</truncated>
		<difficult>0</difficult>
		<bndbox>
			<xmin>229</xmin>
			<ymin>127</ymin>
			<xmax>311</xmax>
			<ymax>201</ymax>
		</bndbox>
	</object>
</annotation>