<annotation>
	<folder>my-project-name</folder>
	<filename>pexels-photo-7692051.jpeg</filename>
	<path>/my-project-name/pexels-photo-7692051.jpeg</path>
	<source>
		<database>Unspecified</database>
	</source>
	<size>
		<width>500</width>
		<height>750</height>
		<depth>3</depth>
	</size>
	<object>
		<name>blood</name>
		<pose>Unspecified</pose>
		<truncated>0</truncated>
		<difficult>0</difficult>
		<bndbox>
			<xmin>172</xmin>
			<ymin>302</ymin>
			<xmax>323</xmax>
			<ymax>481</ymax>
		</bndbox>
	</object>
	<object>
		<name>blood</name>
		<pose>Unspecified</pose>
		<truncated>0</truncated>
		<difficult>0</difficult>
		<bndbox>
			<xmin>0</xmin>
			<ymin>219</ymin>
			<xmax>398</xmax>
			<ymax>696</ymax>
		</bndbox>
	</object>
</annotation>