<annotation>
	<folder>my-project-name</folder>
	<filename>pexels-photo-7691785.jpeg</filename>
	<path>/my-project-name/pexels-photo-7691785.jpeg</path>
	<source>
		<database>Unspecified</database>
	</source>
	<size>
		<width>500</width>
		<height>750</height>
		<depth>3</depth>
	</size>
	<object>
		<name>blood</name>
		<pose>Unspecified</pose>
		<truncated>0</truncated>
		<difficult>0</difficult>
		<bndbox>
			<xmin>127</xmin>
			<ymin>301</ymin>
			<xmax>434</xmax>
			<ymax>552</ymax>
		</bndbox>
	</object>
	<object>
		<name>blood</name>
		<pose>Unspecified</pose>
		<truncated>0</truncated>
		<difficult>0</difficult>
		<bndbox>
			<xmin>0</xmin>
			<ymin>228</ymin>
			<xmax>171</xmax>
			<ymax>396</ymax>
		</bndbox>
	</object>
</annotation>