<annotation>
	<folder>my-project-name</folder>
	<filename>pexels-photo-13920569.jpeg</filename>
	<path>/my-project-name/pexels-photo-13920569.jpeg</path>
	<source>
		<database>Unspecified</database>
	</source>
	<size>
		<width>500</width>
		<height>750</height>
		<depth>3</depth>
	</size>
	<object>
		<name>blood</name>
		<pose>Unspecified</pose>
		<truncated>0</truncated>
		<difficult>0</difficult>
		<bndbox>
			<xmin>200</xmin>
			<ymin>355</ymin>
			<xmax>443</xmax>
			<ymax>561</ymax>
		</bndbox>
	</object>
	<object>
		<name>knife</name>
		<pose>Unspecified</pose>
		<truncated>0</truncated>
		<difficult>0</difficult>
		<bndbox>
			<xmin>0</xmin>
			<ymin>453</ymin>
			<xmax>227</xmax>
			<ymax>750</ymax>
		</bndbox>
	</object>
</annotation>