<annotation>
	<folder>my-project-name</folder>
	<filename>pexels-photo-5554423.jpeg</filename>
	<path>/my-project-name/pexels-photo-5554423.jpeg</path>
	<source>
		<database>Unspecified</database>
	</source>
	<size>
		<width>500</width>
		<height>750</height>
		<depth>3</depth>
	</size>
	<object>
		<name>blood</name>
		<pose>Unspecified</pose>
		<truncated>0</truncated>
		<difficult>0</difficult>
		<bndbox>
			<xmin>119</xmin>
			<ymin>228</ymin>
			<xmax>251</xmax>
			<ymax>252</ymax>
		</bndbox>
	</object>
	<object>
		<name>blood</name>
		<pose>Unspecified</pose>
		<truncated>0</truncated>
		<difficult>0</difficult>
		<bndbox>
			<xmin>124</xmin>
			<ymin>499</ymin>
			<xmax>269</xmax>
			<ymax>652</ymax>
		</bndbox>
	</object>
</annotation>