<annotation>
	<folder>my-project-name</folder>
	<filename>pexels-photo-7691887.jpeg</filename>
	<path>/my-project-name/pexels-photo-7691887.jpeg</path>
	<source>
		<database>Unspecified</database>
	</source>
	<size>
		<width>500</width>
		<height>333</height>
		<depth>3</depth>
	</size>
	<object>
		<name>blood</name>
		<pose>Unspecified</pose>
		<truncated>0</truncated>
		<difficult>0</difficult>
		<bndbox>
			<xmin>200</xmin>
			<ymin>102</ymin>
			<xmax>239</xmax>
			<ymax>181</ymax>
		</bndbox>
	</object>
	<object>
		<name>blood</name>
		<pose>Unspecified</pose>
		<truncated>0</truncated>
		<difficult>0</difficult>
		<bndbox>
			<xmin>62</xmin>
			<ymin>142</ymin>
			<xmax>127</xmax>
			<ymax>257</ymax>
		</bndbox>
	</object>
</annotation>