<annotation>
	<folder>my-project-name</folder>
	<filename>pexels-photo-7691894.jpeg</filename>
	<path>/my-project-name/pexels-photo-7691894.jpeg</path>
	<source>
		<database>Unspecified</database>
	</source>
	<size>
		<width>500</width>
		<height>333</height>
		<depth>3</depth>
	</size>
	<object>
		<name>blood</name>
		<pose>Unspecified</pose>
		<truncated>0</truncated>
		<difficult>0</difficult>
		<bndbox>
			<xmin>116</xmin>
			<ymin>80</ymin>
			<xmax>184</xmax>
			<ymax>169</ymax>
		</bndbox>
	</object>
	<object>
		<name>blood</name>
		<pose>Unspecified</pose>
		<truncated>0</truncated>
		<difficult>0</difficult>
		<bndbox>
			<xmin>123</xmin>
			<ymin>186</ymin>
			<xmax>225</xmax>
			<ymax>281</ymax>
		</bndbox>
	</object>
</annotation>