<annotation>
	<folder>my-project-name</folder>
	<filename>pexels-photo-8940346.jpeg</filename>
	<path>/my-project-name/pexels-photo-8940346.jpeg</path>
	<source>
		<database>Unspecified</database>
	</source>
	<size>
		<width>500</width>
		<height>750</height>
		<depth>3</depth>
	</size>
	<object>
		<name>blood</name>
		<pose>Unspecified</pose>
		<truncated>0</truncated>
		<difficult>0</difficult>
		<bndbox>
			<xmin>125</xmin>
			<ymin>270</ymin>
			<xmax>332</xmax>
			<ymax>478</ymax>
		</bndbox>
	</object>
	<object>
		<name>blood</name>
		<pose>Unspecified</pose>
		<truncated>0</truncated>
		<difficult>0</difficult>
		<bndbox>
			<xmin>25</xmin>
			<ymin>79</ymin>
			<xmax>212</xmax>
			<ymax>274</ymax>
		</bndbox>
	</object>
</annotation>