<annotation>
	<folder>my-project-name</folder>
	<filename>pexels-photo-10155975.jpeg</filename>
	<path>/my-project-name/pexels-photo-10155975.jpeg</path>
	<source>
		<database>Unspecified</database>
	</source>
	<size>
		<width>500</width>
		<height>750</height>
		<depth>3</depth>
	</size>
	<object>
		<name>blood</name>
		<pose>Unspecified</pose>
		<truncated>0</truncated>
		<difficult>0</difficult>
		<bndbox>
			<xmin>168</xmin>
			<ymin>257</ymin>
			<xmax>247</xmax>
			<ymax>395</ymax>
		</bndbox>
	</object>
	<object>
		<name>blood</name>
		<pose>Unspecified</pose>
		<truncated>0</truncated>
		<difficult>0</difficult>
		<bndbox>
			<xmin>278</xmin>
			<ymin>213</ymin>
			<xmax>338</xmax>
			<ymax>368</ymax>
		</bndbox>
	</object>
</annotation>