<annotation>
	<folder>my-project-name</folder>
	<filename>pexels-photo-6629401.jpeg</filename>
	<path>/my-project-name/pexels-photo-6629401.jpeg</path>
	<source>
		<database>Unspecified</database>
	</source>
	<size>
		<width>500</width>
		<height>750</height>
		<depth>3</depth>
	</size>
	<object>
		<name>blood</name>
		<pose>Unspecified</pose>
		<truncated>0</truncated>
		<difficult>0</difficult>
		<bndbox>
			<xmin>249</xmin>
			<ymin>239</ymin>
			<xmax>261</xmax>
			<ymax>252</ymax>
		</bndbox>
	</object>
	<object>
		<name>blood</name>
		<pose>Unspecified</pose>
		<truncated>0</truncated>
		<difficult>0</difficult>
		<bndbox>
			<xmin>231</xmin>
			<ymin>294</ymin>
			<xmax>335</xmax>
			<ymax>544</ymax>
		</bndbox>
	</object>
	<object>
		<name>blood</name>
		<pose>Unspecified</pose>
		<truncated>0</truncated>
		<difficult>0</difficult>
		<bndbox>
			<xmin>246</xmin>
			<ymin>566</ymin>
			<xmax>304</xmax>
			<ymax>668</ymax>
		</bndbox>
	</object>
</annotation>