<annotation>
	<folder>my-project-name</folder>
	<filename>pexels-photo-1435460.jpeg</filename>
	<path>/my-project-name/pexels-photo-1435460.jpeg</path>
	<source>
		<database>Unspecified</database>
	</source>
	<size>
		<width>500</width>
		<height>333</height>
		<depth>3</depth>
	</size>
	<object>
		<name>blood</name>
		<pose>Unspecified</pose>
		<truncated>0</truncated>
		<difficult>0</difficult>
		<bndbox>
			<xmin>105</xmin>
			<ymin>224</ymin>
			<xmax>187</xmax>
			<ymax>308</ymax>
		</bndbox>
	</object>
	<object>
		<name>blood</name>
		<pose>Unspecified</pose>
		<truncated>0</truncated>
		<difficult>0</difficult>
		<bndbox>
			<xmin>188</xmin>
			<ymin>216</ymin>
			<xmax>228</xmax>
			<ymax>279</ymax>
		</bndbox>
	</object>
	<object>
		<name>blood</name>
		<pose>Unspecified</pose>
		<truncated>0</truncated>
		<difficult>0</difficult>
		<bndbox>
			<xmin>254</xmin>
			<ymin>235</ymin>
			<xmax>348</xmax>
			<ymax>316</ymax>
		</bndbox>
	</object>
	<object>
		<name>blood</name>
		<pose>Unspecified</pose>
		<truncated>0</truncated>
		<difficult>0</difficult>
		<bndbox>
			<xmin>199</xmin>
			<ymin>316</ymin>
			<xmax>229</xmax>
			<ymax>333</ymax>
		</bndbox>
	</object>
</annotation>