<annotation>
	<folder>my-project-name</folder>
	<filename>pexels-photo-7691882.jpeg</filename>
	<path>/my-project-name/pexels-photo-7691882.jpeg</path>
	<source>
		<database>Unspecified</database>
	</source>
	<size>
		<width>500</width>
		<height>750</height>
		<depth>3</depth>
	</size>
	<object>
		<name>blood</name>
		<pose>Unspecified</pose>
		<truncated>0</truncated>
		<difficult>0</difficult>
		<bndbox>
			<xmin>103</xmin>
			<ymin>353</ymin>
			<xmax>208</xmax>
			<ymax>472</ymax>
		</bndbox>
	</object>
	<object>
		<name>blood</name>
		<pose>Unspecified</pose>
		<truncated>0</truncated>
		<difficult>0</difficult>
		<bndbox>
			<xmin>397</xmin>
			<ymin>42</ymin>
			<xmax>500</xmax>
			<ymax>211</ymax>
		</bndbox>
	</object>
</annotation>