<annotation>
	<folder>my-project-name</folder>
	<filename>pexels-photo-3376793.jpeg</filename>
	<path>/my-project-name/pexels-photo-3376793.jpeg</path>
	<source>
		<database>Unspecified</database>
	</source>
	<size>
		<width>500</width>
		<height>333</height>
		<depth>3</depth>
	</size>
	<object>
		<name>blood</name>
		<pose>Unspecified</pose>
		<truncated>0</truncated>
		<difficult>0</difficult>
		<bndbox>
			<xmin>60</xmin>
			<ymin>120</ymin>
			<xmax>322</xmax>
			<ymax>249</ymax>
		</bndbox>
	</object>
	<object>
		<name>blood</name>
		<pose>Unspecified</pose>
		<truncated>0</truncated>
		<difficult>0</difficult>
		<bndbox>
			<xmin>22</xmin>
			<ymin>43</ymin>
			<xmax>81</xmax>
			<ymax>153</ymax>
		</bndbox>
	</object>
	<object>
		<name>blood</name>
		<pose>Unspecified</pose>
		<truncated>0</truncated>
		<difficult>0</difficult>
		<bndbox>
			<xmin>327</xmin>
			<ymin>202</ymin>
			<xmax>361</xmax>
			<ymax>238</ymax>
		</bndbox>
	</object>
</annotation>