<annotation>
	<folder>my-project-name</folder>
	<filename>pexels-photo-4230620.jpeg</filename>
	<path>/my-project-name/pexels-photo-4230620.jpeg</path>
	<source>
		<database>Unspecified</database>
	</source>
	<size>
		<width>500</width>
		<height>333</height>
		<depth>3</depth>
	</size>
	<object>
		<name>blood</name>
		<pose>Unspecified</pose>
		<truncated>0</truncated>
		<difficult>0</difficult>
		<bndbox>
			<xmin>209</xmin>
			<ymin>97</ymin>
			<xmax>441</xmax>
			<ymax>228</ymax>
		</bndbox>
	</object>
	<object>
		<name>blood</name>
		<pose>Unspecified</pose>
		<truncated>0</truncated>
		<difficult>0</difficult>
		<bndbox>
			<xmin>125</xmin>
			<ymin>213</ymin>
			<xmax>369</xmax>
			<ymax>270</ymax>
		</bndbox>
	</object>
</annotation>