<annotation>
	<folder>my-project-name</folder>
	<filename>pexels-photo-4047151.jpeg</filename>
	<path>/my-project-name/pexels-photo-4047151.jpeg</path>
	<source>
		<database>Unspecified</database>
	</source>
	<size>
		<width>500</width>
		<height>750</height>
		<depth>3</depth>
	</size>
	<object>
		<name>blood</name>
		<pose>Unspecified</pose>
		<truncated>0</truncated>
		<difficult>0</difficult>
		<bndbox>
			<xmin>93</xmin>
			<ymin>317</ymin>
			<xmax>308</xmax>
			<ymax>427</ymax>
		</bndbox>
	</object>
	<object>
		<name>blood</name>
		<pose>Unspecified</pose>
		<truncated>0</truncated>
		<difficult>0</difficult>
		<bndbox>
			<xmin>164</xmin>
			<ymin>421</ymin>
			<xmax>320</xmax>
			<ymax>615</ymax>
		</bndbox>
	</object>
</annotation>