<annotation>
	<folder>my-project-name</folder>
	<filename>pexels-photo-4531306.jpeg</filename>
	<path>/my-project-name/pexels-photo-4531306.jpeg</path>
	<source>
		<database>Unspecified</database>
	</source>
	<size>
		<width>500</width>
		<height>500</height>
		<depth>3</depth>
	</size>
	<object>
		<name>blood</name>
		<pose>Unspecified</pose>
		<truncated>0</truncated>
		<difficult>0</difficult>
		<bndbox>
			<xmin>0</xmin>
			<ymin>26</ymin>
			<xmax>196</xmax>
			<ymax>352</ymax>
		</bndbox>
	</object>
	<object>
		<name>blood</name>
		<pose>Unspecified</pose>
		<truncated>0</truncated>
		<difficult>0</difficult>
		<bndbox>
			<xmin>203</xmin>
			<ymin>22</ymin>
			<xmax>500</xmax>
			<ymax>328</ymax>
		</bndbox>
	</object>
	<object>
		<name>blood</name>
		<pose>Unspecified</pose>
		<truncated>0</truncated>
		<difficult>0</difficult>
		<bndbox>
			<xmin>79</xmin>
			<ymin>131</ymin>
			<xmax>415</xmax>
			<ymax>500</ymax>
		</bndbox>
	</object>
</annotation>