<annotation>
	<folder>my-project-name</folder>
	<filename>pexels-photo-14805477.jpeg</filename>
	<path>/my-project-name/pexels-photo-14805477.jpeg</path>
	<source>
		<database>Unspecified</database>
	</source>
	<size>
		<width>500</width>
		<height>669</height>
		<depth>3</depth>
	</size>
	<object>
		<name>blood</name>
		<pose>Unspecified</pose>
		<truncated>0</truncated>
		<difficult>0</difficult>
		<bndbox>
			<xmin>305</xmin>
			<ymin>260</ymin>
			<xmax>335</xmax>
			<ymax>292</ymax>
		</bndbox>
	</object>
	<object>
		<name>blood</name>
		<pose>Unspecified</pose>
		<truncated>0</truncated>
		<difficult>0</difficult>
		<bndbox>
			<xmin>241</xmin>
			<ymin>273</ymin>
			<xmax>258</xmax>
			<ymax>303</ymax>
		</bndbox>
	</object>
</annotation>