<annotation>
	<folder>my-project-name</folder>
	<filename>pexels-photo-7692118.jpeg</filename>
	<path>/my-project-name/pexels-photo-7692118.jpeg</path>
	<source>
		<database>Unspecified</database>
	</source>
	<size>
		<width>500</width>
		<height>333</height>
		<depth>3</depth>
	</size>
	<object>
		<name>blood</name>
		<pose>Unspecified</pose>
		<truncated>0</truncated>
		<difficult>0</difficult>
		<bndbox>
			<xmin>250</xmin>
			<ymin>140</ymin>
			<xmax>343</xmax>
			<ymax>234</ymax>
		</bndbox>
	</object>
	<object>
		<name>blood</name>
		<pose>Unspecified</pose>
		<truncated>0</truncated>
		<difficult>0</difficult>
		<bndbox>
			<xmin>264</xmin>
			<ymin>120</ymin>
			<xmax>344</xmax>
			<ymax>150</ymax>
		</bndbox>
	</object>
</annotation>