<annotation>
	<folder>my-project-name</folder>
	<filename>pexels-photo-7692054.jpeg</filename>
	<path>/my-project-name/pexels-photo-7692054.jpeg</path>
	<source>
		<database>Unspecified</database>
	</source>
	<size>
		<width>500</width>
		<height>750</height>
		<depth>3</depth>
	</size>
	<object>
		<name>blood</name>
		<pose>Unspecified</pose>
		<truncated>0</truncated>
		<difficult>0</difficult>
		<bndbox>
			<xmin>203</xmin>
			<ymin>256</ymin>
			<xmax>346</xmax>
			<ymax>386</ymax>
		</bndbox>
	</object>
	<object>
		<name>blood</name>
		<pose>Unspecified</pose>
		<truncated>0</truncated>
		<difficult>0</difficult>
		<bndbox>
			<xmin>116</xmin>
			<ymin>235</ymin>
			<xmax>425</xmax>
			<ymax>636</ymax>
		</bndbox>
	</object>
</annotation>