<annotation>
	<folder>my-project-name</folder>
	<filename>pexels-photo-14493883.jpeg</filename>
	<path>/my-project-name/pexels-photo-14493883.jpeg</path>
	<source>
		<database>Unspecified</database>
	</source>
	<size>
		<width>500</width>
		<height>362</height>
		<depth>3</depth>
	</size>
	<object>
		<name>blood</name>
		<pose>Unspecified</pose>
		<truncated>0</truncated>
		<difficult>0</difficult>
		<bndbox>
			<xmin>200</xmin>
			<ymin>54</ymin>
			<xmax>463</xmax>
			<ymax>233</ymax>
		</bndbox>
	</object>
	<object>
		<name>knife</name>
		<pose>Unspecified</pose>
		<truncated>0</truncated>
		<difficult>0</difficult>
		<bndbox>
			<xmin>30</xmin>
			<ymin>47</ymin>
			<xmax>326</xmax>
			<ymax>355</ymax>
		</bndbox>
	</object>
</annotation>