<annotation>
	<folder>my-project-name</folder>
	<filename>pexels-photo-7691795.jpeg</filename>
	<path>/my-project-name/pexels-photo-7691795.jpeg</path>
	<source>
		<database>Unspecified</database>
	</source>
	<size>
		<width>500</width>
		<height>750</height>
		<depth>3</depth>
	</size>
	<object>
		<name>blood</name>
		<pose>Unspecified</pose>
		<truncated>0</truncated>
		<difficult>0</difficult>
		<bndbox>
			<xmin>41</xmin>
			<ymin>116</ymin>
			<xmax>459</xmax>
			<ymax>330</ymax>
		</bndbox>
	</object>
	<object>
		<name>blood</name>
		<pose>Unspecified</pose>
		<truncated>0</truncated>
		<difficult>0</difficult>
		<bndbox>
			<xmin>74</xmin>
			<ymin>378</ymin>
			<xmax>352</xmax>
			<ymax>593</ymax>
		</bndbox>
	</object>
</annotation>