<annotation>
	<folder>my-project-name</folder>
	<filename>pexels-photo-5554427.jpeg</filename>
	<path>/my-project-name/pexels-photo-5554427.jpeg</path>
	<source>
		<database>Unspecified</database>
	</source>
	<size>
		<width>500</width>
		<height>333</height>
		<depth>3</depth>
	</size>
	<object>
		<name>blood</name>
		<pose>Unspecified</pose>
		<truncated>0</truncated>
		<difficult>0</difficult>
		<bndbox>
			<xmin>156</xmin>
			<ymin>40</ymin>
			<xmax>228</xmax>
			<ymax>70</ymax>
		</bndbox>
	</object>
	<object>
		<name>blood</name>
		<pose>Unspecified</pose>
		<truncated>0</truncated>
		<difficult>0</difficult>
		<bndbox>
			<xmin>283</xmin>
			<ymin>315</ymin>
			<xmax>305</xmax>
			<ymax>333</ymax>
		</bndbox>
	</object>
</annotation>