<annotation>
	<folder>my-project-name</folder>
	<filename>pexels-photo-15500978.jpeg</filename>
	<path>/my-project-name/pexels-photo-15500978.jpeg</path>
	<source>
		<database>Unspecified</database>
	</source>
	<size>
		<width>500</width>
		<height>750</height>
		<depth>3</depth>
	</size>
	<object>
		<name>blood</name>
		<pose>Unspecified</pose>
		<truncated>0</truncated>
		<difficult>0</difficult>
		<bndbox>
			<xmin>195</xmin>
			<ymin>377</ymin>
			<xmax>319</xmax>
			<ymax>618</ymax>
		</bndbox>
	</object>
	<object>
		<name>blood</name>
		<pose>Unspecified</pose>
		<truncated>0</truncated>
		<difficult>0</difficult>
		<bndbox>
			<xmin>102</xmin>
			<ymin>608</ymin>
			<xmax>144</xmax>
			<ymax>750</ymax>
		</bndbox>
	</object>
	<object>
		<name>blood</name>
		<pose>Unspecified</pose>
		<truncated>0</truncated>
		<difficult>0</difficult>
		<bndbox>
			<xmin>214</xmin>
			<ymin>607</ymin>
			<xmax>421</xmax>
			<ymax>750</ymax>
		</bndbox>
	</object>
</annotation>