<annotation>
	<folder>my-project-name</folder>
	<filename>pexels-photo-10862559.jpeg</filename>
	<path>/my-project-name/pexels-photo-10862559.jpeg</path>
	<source>
		<database>Unspecified</database>
	</source>
	<size>
		<width>500</width>
		<height>750</height>
		<depth>3</depth>
	</size>
	<object>
		<name>blood</name>
		<pose>Unspecified</pose>
		<truncated>0</truncated>
		<difficult>0</difficult>
		<bndbox>
			<xmin>190</xmin>
			<ymin>162</ymin>
			<xmax>301</xmax>
			<ymax>309</ymax>
		</bndbox>
	</object>
	<object>
		<name>blood</name>
		<pose>Unspecified</pose>
		<truncated>0</truncated>
		<difficult>0</difficult>
		<bndbox>
			<xmin>134</xmin>
			<ymin>261</ymin>
			<xmax>439</xmax>
			<ymax>627</ymax>
		</bndbox>
	</object>
</annotation>