<annotation>
	<folder>my-project-name</folder>
	<filename>pexels-photo-7691789.jpeg</filename>
	<path>/my-project-name/pexels-photo-7691789.jpeg</path>
	<source>
		<database>Unspecified</database>
	</source>
	<size>
		<width>500</width>
		<height>333</height>
		<depth>3</depth>
	</size>
	<object>
		<name>blood</name>
		<pose>Unspecified</pose>
		<truncated>0</truncated>
		<difficult>0</difficult>
		<bndbox>
			<xmin>232</xmin>
			<ymin>100</ymin>
			<xmax>479</xmax>
			<ymax>333</ymax>
		</bndbox>
	</object>
	<object>
		<name>blood</name>
		<pose>Unspecified</pose>
		<truncated>0</truncated>
		<difficult>0</difficult>
		<bndbox>
			<xmin>138</xmin>
			<ymin>144</ymin>
			<xmax>231</xmax>
			<ymax>204</ymax>
		</bndbox>
	</object>
	<object>
		<name>blood</name>
		<pose>Unspecified</pose>
		<truncated>0</truncated>
		<difficult>0</difficult>
		<bndbox>
			<xmin>145</xmin>
			<ymin>21</ymin>
			<xmax>279</xmax>
			<ymax>104</ymax>
		</bndbox>
	</object>
</annotation>