<annotation>
	<folder>my-project-name</folder>
	<filename>pexels-photo-16025021.jpeg</filename>
	<path>/my-project-name/pexels-photo-16025021.jpeg</path>
	<source>
		<database>Unspecified</database>
	</source>
	<size>
		<width>500</width>
		<height>334</height>
		<depth>3</depth>
	</size>
	<object>
		<name>blood</name>
		<pose>Unspecified</pose>
		<truncated>0</truncated>
		<difficult>0</difficult>
		<bndbox>
			<xmin>376</xmin>
			<ymin>202</ymin>
			<xmax>396</xmax>
			<ymax>236</ymax>
		</bndbox>
	</object>
	<object>
		<name>knife</name>
		<pose>Unspecified</pose>
		<truncated>0</truncated>
		<difficult>0</difficult>
		<bndbox>
			<xmin>347</xmin>
			<ymin>157</ymin>
			<xmax>396</xmax>
			<ymax>236</ymax>
		</bndbox>
	</object>
</annotation>