<annotation>
	<folder>my-project-name</folder>
	<filename>pexels-photo-7691790.jpeg</filename>
	<path>/my-project-name/pexels-photo-7691790.jpeg</path>
	<source>
		<database>Unspecified</database>
	</source>
	<size>
		<width>500</width>
		<height>750</height>
		<depth>3</depth>
	</size>
	<object>
		<name>blood</name>
		<pose>Unspecified</pose>
		<truncated>0</truncated>
		<difficult>0</difficult>
		<bndbox>
			<xmin>254</xmin>
			<ymin>163</ymin>
			<xmax>500</xmax>
			<ymax>712</ymax>
		</bndbox>
	</object>
	<object>
		<name>blood</name>
		<pose>Unspecified</pose>
		<truncated>0</truncated>
		<difficult>0</difficult>
		<bndbox>
			<xmin>0</xmin>
			<ymin>419</ymin>
			<xmax>160</xmax>
			<ymax>609</ymax>
		</bndbox>
	</object>
</annotation>