<annotation>
	<folder>my-project-name</folder>
	<filename>pexels-photo-7692057.jpeg</filename>
	<path>/my-project-name/pexels-photo-7692057.jpeg</path>
	<source>
		<database>Unspecified</database>
	</source>
	<size>
		<width>500</width>
		<height>750</height>
		<depth>3</depth>
	</size>
	<object>
		<name>blood</name>
		<pose>Unspecified</pose>
		<truncated>0</truncated>
		<difficult>0</difficult>
		<bndbox>
			<xmin>256</xmin>
			<ymin>435</ymin>
			<xmax>328</xmax>
			<ymax>534</ymax>
		</bndbox>
	</object>
	<object>
		<name>blood</name>
		<pose>Unspecified</pose>
		<truncated>0</truncated>
		<difficult>0</difficult>
		<bndbox>
			<xmin>128</xmin>
			<ymin>360</ymin>
			<xmax>361</xmax>
			<ymax>549</ymax>
		</bndbox>
	</object>
</annotation>