<annotation>
	<folder>my-project-name</folder>
	<filename>pexels-photo-7787602.jpeg</filename>
	<path>/my-project-name/pexels-photo-7787602.jpeg</path>
	<source>
		<database>Unspecified</database>
	</source>
	<size>
		<width>500</width>
		<height>698</height>
		<depth>3</depth>
	</size>
	<object>
		<name>blood</name>
		<pose>Unspecified</pose>
		<truncated>0</truncated>
		<difficult>0</difficult>
		<bndbox>
			<xmin>117</xmin>
			<ymin>154</ymin>
			<xmax>431</xmax>
			<ymax>353</ymax>
		</bndbox>
	</object>
	<object>
		<name>blood</name>
		<pose>Unspecified</pose>
		<truncated>0</truncated>
		<difficult>0</difficult>
		<bndbox>
			<xmin>169</xmin>
			<ymin>318</ymin>
			<xmax>280</xmax>
			<ymax>430</ymax>
		</bndbox>
	</object>
	<object>
		<name>blood</name>
		<pose>Unspecified</pose>
		<truncated>0</truncated>
		<difficult>0</difficult>
		<bndbox>
			<xmin>90</xmin>
			<ymin>631</ymin>
			<xmax>196</xmax>
			<ymax>698</ymax>
		</bndbox>
	</object>
	<object>
		<name>blood</name>
		<pose>Unspecified</pose>
		<truncated>0</truncated>
		<difficult>0</difficult>
		<bndbox>
			<xmin>185</xmin>
			<ymin>646</ymin>
			<xmax>267</xmax>
			<ymax>698</ymax>
		</bndbox>
	</object>
</annotation>