<annotation>
	<folder>my-project-name</folder>
	<filename>pexels-photo-6629402.jpeg</filename>
	<path>/my-project-name/pexels-photo-6629402.jpeg</path>
	<source>
		<database>Unspecified</database>
	</source>
	<size>
		<width>500</width>
		<height>750</height>
		<depth>3</depth>
	</size>
	<object>
		<name>blood</name>
		<pose>Unspecified</pose>
		<truncated>0</truncated>
		<difficult>0</difficult>
		<bndbox>
			<xmin>158</xmin>
			<ymin>361</ymin>
			<xmax>206</xmax>
			<ymax>504</ymax>
		</bndbox>
	</object>
	<object>
		<name>blood</name>
		<pose>Unspecified</pose>
		<truncated>0</truncated>
		<difficult>0</difficult>
		<bndbox>
			<xmin>108</xmin>
			<ymin>360</ymin>
			<xmax>165</xmax>
			<ymax>509</ymax>
		</bndbox>
	</object>
</annotation>