<annotation>
	<folder>my-project-name</folder>
	<filename>pexels-photo-4210560.jpeg</filename>
	<path>/my-project-name/pexels-photo-4210560.jpeg</path>
	<source>
		<database>Unspecified</database>
	</source>
	<size>
		<width>500</width>
		<height>333</height>
		<depth>3</depth>
	</size>
	<object>
		<name>blood</name>
		<pose>Unspecified</pose>
		<truncated>0</truncated>
		<difficult>0</difficult>
		<bndbox>
			<xmin>104</xmin>
			<ymin>134</ymin>
			<xmax>213</xmax>
			<ymax>196</ymax>
		</bndbox>
	</object>
	<object>
		<name>blood</name>
		<pose>Unspecified</pose>
		<truncated>0</truncated>
		<difficult>0</difficult>
		<bndbox>
			<xmin>169</xmin>
			<ymin>127</ymin>
			<xmax>267</xmax>
			<ymax>199</ymax>
		</bndbox>
	</object>
</annotation>