<annotation>
	<folder>my-project-name</folder>
	<filename>pexels-photo-7692060.jpeg</filename>
	<path>/my-project-name/pexels-photo-7692060.jpeg</path>
	<source>
		<database>Unspecified</database>
	</source>
	<size>
		<width>500</width>
		<height>750</height>
		<depth>3</depth>
	</size>
	<object>
		<name>blood</name>
		<pose>Unspecified</pose>
		<truncated>0</truncated>
		<difficult>0</difficult>
		<bndbox>
			<xmin>240</xmin>
			<ymin>292</ymin>
			<xmax>334</xmax>
			<ymax>389</ymax>
		</bndbox>
	</object>
	<object>
		<name>blood</name>
		<pose>Unspecified</pose>
		<truncated>0</truncated>
		<difficult>0</difficult>
		<bndbox>
			<xmin>241</xmin>
			<ymin>143</ymin>
			<xmax>408</xmax>
			<ymax>348</ymax>
		</bndbox>
	</object>
	<object>
		<name>blood</name>
		<pose>Unspecified</pose>
		<truncated>0</truncated>
		<difficult>0</difficult>
		<bndbox>
			<xmin>105</xmin>
			<ymin>305</ymin>
			<xmax>394</xmax>
			<ymax>715</ymax>
		</bndbox>
	</object>
</annotation>