<annotation>
	<folder>my-project-name</folder>
	<filename>pexels-photo-6643077.jpeg</filename>
	<path>/my-project-name/pexels-photo-6643077.jpeg</path>
	<source>
		<database>Unspecified</database>
	</source>
	<size>
		<width>500</width>
		<height>750</height>
		<depth>3</depth>
	</size>
	<object>
		<name>blood</name>
		<pose>Unspecified</pose>
		<truncated>0</truncated>
		<difficult>0</difficult>
		<bndbox>
			<xmin>94</xmin>
			<ymin>18</ymin>
			<xmax>480</xmax>
			<ymax>251</ymax>
		</bndbox>
	</object>
	<object>
		<name>blood</name>
		<pose>Unspecified</pose>
		<truncated>0</truncated>
		<difficult>0</difficult>
		<bndbox>
			<xmin>0</xmin>
			<ymin>256</ymin>
			<xmax>480</xmax>
			<ymax>669</ymax>
		</bndbox>
	</object>
</annotation>