<annotation>
	<folder>my-project-name</folder>
	<filename>pexels-photo-5018370.jpeg</filename>
	<path>/my-project-name/pexels-photo-5018370.jpeg</path>
	<source>
		<database>Unspecified</database>
	</source>
	<size>
		<width>500</width>
		<height>889</height>
		<depth>3</depth>
	</size>
	<object>
		<name>blood</name>
		<pose>Unspecified</pose>
		<truncated>0</truncated>
		<difficult>0</difficult>
		<bndbox>
			<xmin>209</xmin>
			<ymin>318</ymin>
			<xmax>405</xmax>
			<ymax>530</ymax>
		</bndbox>
	</object>
</annotation>