<annotation>
	<folder>my-project-name</folder>
	<filename>pexels-photo-2902962.jpeg</filename>
	<path>/my-project-name/pexels-photo-2902962.jpeg</path>
	<source>
		<database>Unspecified</database>
	</source>
	<size>
		<width>500</width>
		<height>750</height>
		<depth>3</depth>
	</size>
	<object>
		<name>blood</name>
		<pose>Unspecified</pose>
		<truncated>0</truncated>
		<difficult>0</difficult>
		<bndbox>
			<xmin>143</xmin>
			<ymin>111</ymin>
			<xmax>335</xmax>
			<ymax>401</ymax>
		</bndbox>
	</object>
	<object>
		<name>blood</name>
		<pose>Unspecified</pose>
		<truncated>0</truncated>
		<difficult>0</difficult>
		<bndbox>
			<xmin>108</xmin>
			<ymin>331</ymin>
			<xmax>351</xmax>
			<ymax>636</ymax>
		</bndbox>
	</object>
</annotation>