<annotation>
	<folder>my-project-name</folder>
	<filename>pexels-photo-7691792.jpeg</filename>
	<path>/my-project-name/pexels-photo-7691792.jpeg</path>
	<source>
		<database>Unspecified</database>
	</source>
	<size>
		<width>500</width>
		<height>333</height>
		<depth>3</depth>
	</size>
	<object>
		<name>blood</name>
		<pose>Unspecified</pose>
		<truncated>0</truncated>
		<difficult>0</difficult>
		<bndbox>
			<xmin>311</xmin>
			<ymin>111</ymin>
			<xmax>500</xmax>
			<ymax>241</ymax>
		</bndbox>
	</object>
	<object>
		<name>blood</name>
		<pose>Unspecified</pose>
		<truncated>0</truncated>
		<difficult>0</difficult>
		<bndbox>
			<xmin>200</xmin>
			<ymin>64</ymin>
			<xmax>327</xmax>
			<ymax>247</ymax>
		</bndbox>
	</object>
	<object>
		<name>blood</name>
		<pose>Unspecified</pose>
		<truncated>0</truncated>
		<difficult>0</difficult>
		<bndbox>
			<xmin>0</xmin>
			<ymin>218</ymin>
			<xmax>13</xmax>
			<ymax>260</ymax>
		</bndbox>
	</object>
</annotation>