<annotation>
	<folder>my-project-name</folder>
	<filename>pexels-photo-5547065.jpeg</filename>
	<path>/my-project-name/pexels-photo-5547065.jpeg</path>
	<source>
		<database>Unspecified</database>
	</source>
	<size>
		<width>500</width>
		<height>333</height>
		<depth>3</depth>
	</size>
	<object>
		<name>blood</name>
		<pose>Unspecified</pose>
		<truncated>0</truncated>
		<difficult>0</difficult>
		<bndbox>
			<xmin>252</xmin>
			<ymin>220</ymin>
			<xmax>264</xmax>
			<ymax>235</ymax>
		</bndbox>
	</object>
	<object>
		<name>blood</name>
		<pose>Unspecified</pose>
		<truncated>0</truncated>
		<difficult>0</difficult>
		<bndbox>
			<xmin>254</xmin>
			<ymin>252</ymin>
			<xmax>271</xmax>
			<ymax>267</ymax>
		</bndbox>
	</object>
</annotation>