<annotation>
	<folder>my-project-name</folder>
	<filename>pexels-photo-7692239.jpeg</filename>
	<path>/my-project-name/pexels-photo-7692239.jpeg</path>
	<source>
		<database>Unspecified</database>
	</source>
	<size>
		<width>500</width>
		<height>750</height>
		<depth>3</depth>
	</size>
	<object>
		<name>blood</name>
		<pose>Unspecified</pose>
		<truncated>0</truncated>
		<difficult>0</difficult>
		<bndbox>
			<xmin>0</xmin>
			<ymin>350</ymin>
			<xmax>48</xmax>
			<ymax>434</ymax>
		</bndbox>
	</object>
	<object>
		<name>blood</name>
		<pose>Unspecified</pose>
		<truncated>0</truncated>
		<difficult>0</difficult>
		<bndbox>
			<xmin>177</xmin>
			<ymin>77</ymin>
			<xmax>280</xmax>
			<ymax>221</ymax>
		</bndbox>
	</object>
	<object>
		<name>blood</name>
		<pose>Unspecified</pose>
		<truncated>0</truncated>
		<difficult>0</difficult>
		<bndbox>
			<xmin>197</xmin>
			<ymin>268</ymin>
			<xmax>327</xmax>
			<ymax>419</ymax>
		</bndbox>
	</object>
	<object>
		<name>blood</name>
		<pose>Unspecified</pose>
		<truncated>0</truncated>
		<difficult>0</difficult>
		<bndbox>
			<xmin>229</xmin>
			<ymin>546</ymin>
			<xmax>310</xmax>
			<ymax>642</ymax>
		</bndbox>
	</object>
	<object>
		<name>blood</name>
		<pose>Unspecified</pose>
		<truncated>0</truncated>
		<difficult>0</difficult>
		<bndbox>
			<xmin>450</xmin>
			<ymin>330</ymin>
			<xmax>500</xmax>
			<ymax>395</ymax>
		</bndbox>
	</object>
</annotation>