<annotation>
	<folder>my-project-name</folder>
	<filename>pexels-photo-7691783.jpeg</filename>
	<path>/my-project-name/pexels-photo-7691783.jpeg</path>
	<source>
		<database>Unspecified</database>
	</source>
	<size>
		<width>500</width>
		<height>333</height>
		<depth>3</depth>
	</size>
	<object>
		<name>blood</name>
		<pose>Unspecified</pose>
		<truncated>0</truncated>
		<difficult>0</difficult>
		<bndbox>
			<xmin>178</xmin>
			<ymin>51</ymin>
			<xmax>352</xmax>
			<ymax>281</ymax>
		</bndbox>
	</object>
	<object>
		<name>blood</name>
		<pose>Unspecified</pose>
		<truncated>0</truncated>
		<difficult>0</difficult>
		<bndbox>
			<xmin>83</xmin>
			<ymin>0</ymin>
			<xmax>203</xmax>
			<ymax>143</ymax>
		</bndbox>
	</object>
</annotation>