<annotation>
	<folder>my-project-name</folder>
	<filename>pexels-photo-6228312.jpeg</filename>
	<path>/my-project-name/pexels-photo-6228312.jpeg</path>
	<source>
		<database>Unspecified</database>
	</source>
	<size>
		<width>500</width>
		<height>652</height>
		<depth>3</depth>
	</size>
	<object>
		<name>blood</name>
		<pose>Unspecified</pose>
		<truncated>0</truncated>
		<difficult>0</difficult>
		<bndbox>
			<xmin>127</xmin>
			<ymin>102</ymin>
			<xmax>344</xmax>
			<ymax>249</ymax>
		</bndbox>
	</object>
	<object>
		<name>blood</name>
		<pose>Unspecified</pose>
		<truncated>0</truncated>
		<difficult>0</difficult>
		<bndbox>
			<xmin>34</xmin>
			<ymin>273</ymin>
			<xmax>386</xmax>
			<ymax>592</ymax>
		</bndbox>
	</object>
</annotation>