<annotation>
	<folder>my-project-name</folder>
	<filename>pexels-photo-13921709.jpeg</filename>
	<path>/my-project-name/pexels-photo-13921709.jpeg</path>
	<source>
		<database>Unspecified</database>
	</source>
	<size>
		<width>500</width>
		<height>700</height>
		<depth>3</depth>
	</size>
	<object>
		<name>blood</name>
		<pose>Unspecified</pose>
		<truncated>0</truncated>
		<difficult>0</difficult>
		<bndbox>
			<xmin>230</xmin>
			<ymin>208</ymin>
			<xmax>250</xmax>
			<ymax>245</ymax>
		</bndbox>
	</object>
	<object>
		<name>blood</name>
		<pose>Unspecified</pose>
		<truncated>0</truncated>
		<difficult>0</difficult>
		<bndbox>
			<xmin>256</xmin>
			<ymin>224</ymin>
			<xmax>276</xmax>
			<ymax>242</ymax>
		</bndbox>
	</object>
	<object>
		<name>blood</name>
		<pose>Unspecified</pose>
		<truncated>0</truncated>
		<difficult>0</difficult>
		<bndbox>
			<xmin>250</xmin>
			<ymin>242</ymin>
			<xmax>278</xmax>
			<ymax>274</ymax>
		</bndbox>
	</object>
</annotation>