<annotation>
	<folder>my-project-name</folder>
	<filename>pexels-photo-9000992.jpeg</filename>
	<path>/my-project-name/pexels-photo-9000992.jpeg</path>
	<source>
		<database>Unspecified</database>
	</source>
	<size>
		<width>500</width>
		<height>707</height>
		<depth>3</depth>
	</size>
	<object>
		<name>blood</name>
		<pose>Unspecified</pose>
		<truncated>0</truncated>
		<difficult>0</difficult>
		<bndbox>
			<xmin>178</xmin>
			<ymin>194</ymin>
			<xmax>449</xmax>
			<ymax>520</ymax>
		</bndbox>
	</object>
	<object>
		<name>blood</name>
		<pose>Unspecified</pose>
		<truncated>0</truncated>
		<difficult>0</difficult>
		<bndbox>
			<xmin>342</xmin>
			<ymin>454</ymin>
			<xmax>500</xmax>
			<ymax>707</ymax>
		</bndbox>
	</object>
</annotation>