<annotation>
	<folder>my-project-name</folder>
	<filename>pexels-photo-6629390.jpeg</filename>
	<path>/my-project-name/pexels-photo-6629390.jpeg</path>
	<source>
		<database>Unspecified</database>
	</source>
	<size>
		<width>500</width>
		<height>333</height>
		<depth>3</depth>
	</size>
	<object>
		<name>blood</name>
		<pose>Unspecified</pose>
		<truncated>0</truncated>
		<difficult>0</difficult>
		<bndbox>
			<xmin>202</xmin>
			<ymin>136</ymin>
			<xmax>215</xmax>
			<ymax>151</ymax>
		</bndbox>
	</object>
	<object>
		<name>blood</name>
		<pose>Unspecified</pose>
		<truncated>0</truncated>
		<difficult>0</difficult>
		<bndbox>
			<xmin>223</xmin>
			<ymin>227</ymin>
			<xmax>239</xmax>
			<ymax>333</ymax>
		</bndbox>
	</object>
</annotation>