<annotation>
	<folder>my-project-name</folder>
	<filename>pexels-photo-13921706.jpeg</filename>
	<path>/my-project-name/pexels-photo-13921706.jpeg</path>
	<source>
		<database>Unspecified</database>
	</source>
	<size>
		<width>500</width>
		<height>700</height>
		<depth>3</depth>
	</size>
	<object>
		<name>blood</name>
		<pose>Unspecified</pose>
		<truncated>0</truncated>
		<difficult>0</difficult>
		<bndbox>
			<xmin>159</xmin>
			<ymin>180</ymin>
			<xmax>198</xmax>
			<ymax>289</ymax>
		</bndbox>
	</object>
	<object>
		<name>blood</name>
		<pose>Unspecified</pose>
		<truncated>0</truncated>
		<difficult>0</difficult>
		<bndbox>
			<xmin>244</xmin>
			<ymin>223</ymin>
			<xmax>280</xmax>
			<ymax>254</ymax>
		</bndbox>
	</object>
	<object>
		<name>blood</name>
		<pose>Unspecified</pose>
		<truncated>0</truncated>
		<difficult>0</difficult>
		<bndbox>
			<xmin>236</xmin>
			<ymin>272</ymin>
			<xmax>260</xmax>
			<ymax>309</ymax>
		</bndbox>
	</object>
</annotation>