<annotation>
	<folder>my-project-name</folder>
	<filename>pexels-photo-7691788.jpeg</filename>
	<path>/my-project-name/pexels-photo-7691788.jpeg</path>
	<source>
		<database>Unspecified</database>
	</source>
	<size>
		<width>500</width>
		<height>750</height>
		<depth>3</depth>
	</size>
	<object>
		<name>blood</name>
		<pose>Unspecified</pose>
		<truncated>0</truncated>
		<difficult>0</difficult>
		<bndbox>
			<xmin>188</xmin>
			<ymin>256</ymin>
			<xmax>279</xmax>
			<ymax>385</ymax>
		</bndbox>
	</object>
	<object>
		<name>blood</name>
		<pose>Unspecified</pose>
		<truncated>0</truncated>
		<difficult>0</difficult>
		<bndbox>
			<xmin>240</xmin>
			<ymin>409</ymin>
			<xmax>417</xmax>
			<ymax>650</ymax>
		</bndbox>
	</object>
	<object>
		<name>blood</name>
		<pose>Unspecified</pose>
		<truncated>0</truncated>
		<difficult>0</difficult>
		<bndbox>
			<xmin>165</xmin>
			<ymin>410</ymin>
			<xmax>239</xmax>
			<ymax>508</ymax>
		</bndbox>
	</object>
</annotation>