<annotation>
	<folder>my-project-name</folder>
	<filename>pexels-photo-7691889.jpeg</filename>
	<path>/my-project-name/pexels-photo-7691889.jpeg</path>
	<source>
		<database>Unspecified</database>
	</source>
	<size>
		<width>500</width>
		<height>750</height>
		<depth>3</depth>
	</size>
	<object>
		<name>blood</name>
		<pose>Unspecified</pose>
		<truncated>0</truncated>
		<difficult>0</difficult>
		<bndbox>
			<xmin>119</xmin>
			<ymin>237</ymin>
			<xmax>239</xmax>
			<ymax>388</ymax>
		</bndbox>
	</object>
	<object>
		<name>blood</name>
		<pose>Unspecified</pose>
		<truncated>0</truncated>
		<difficult>0</difficult>
		<bndbox>
			<xmin>156</xmin>
			<ymin>415</ymin>
			<xmax>346</xmax>
			<ymax>578</ymax>
		</bndbox>
	</object>
</annotation>