<annotation>
	<folder>my-project-name</folder>
	<filename>pexels-photo-11900238.jpeg</filename>
	<path>/my-project-name/pexels-photo-11900238.jpeg</path>
	<source>
		<database>Unspecified</database>
	</source>
	<size>
		<width>500</width>
		<height>333</height>
		<depth>3</depth>
	</size>
	<object>
		<name>blood</name>
		<pose>Unspecified</pose>
		<truncated>0</truncated>
		<difficult>0</difficult>
		<bndbox>
			<xmin>434</xmin>
			<ymin>257</ymin>
			<xmax>447</xmax>
			<ymax>269</ymax>
		</bndbox>
	</object>
	<object>
		<name>blood</name>
		<pose>Unspecified</pose>
		<truncated>0</truncated>
		<difficult>0</difficult>
		<bndbox>
			<xmin>93</xmin>
			<ymin>219</ymin>
			<xmax>131</xmax>
			<ymax>252</ymax>
		</bndbox>
	</object>
</annotation>