<annotation>
	<folder>my-project-name</folder>
	<filename>pexels-photo-6629392.jpeg</filename>
	<path>/my-project-name/pexels-photo-6629392.jpeg</path>
	<source>
		<database>Unspecified</database>
	</source>
	<size>
		<width>500</width>
		<height>333</height>
		<depth>3</depth>
	</size>
	<object>
		<name>blood</name>
		<pose>Unspecified</pose>
		<truncated>0</truncated>
		<difficult>0</difficult>
		<bndbox>
			<xmin>134</xmin>
			<ymin>144</ymin>
			<xmax>153</xmax>
			<ymax>200</ymax>
		</bndbox>
	</object>
	<object>
		<name>blood</name>
		<pose>Unspecified</pose>
		<truncated>0</truncated>
		<difficult>0</difficult>
		<bndbox>
			<xmin>113</xmin>
			<ymin>144</ymin>
			<xmax>134</xmax>
			<ymax>203</ymax>
		</bndbox>
	</object>
</annotation>