<annotation>
	<folder>my-project-name</folder>
	<filename>pexels-photo-7691779.jpeg</filename>
	<path>/my-project-name/pexels-photo-7691779.jpeg</path>
	<source>
		<database>Unspecified</database>
	</source>
	<size>
		<width>500</width>
		<height>750</height>
		<depth>3</depth>
	</size>
	<object>
		<name>blood</name>
		<pose>Unspecified</pose>
		<truncated>0</truncated>
		<difficult>0</difficult>
		<bndbox>
			<xmin>64</xmin>
			<ymin>393</ymin>
			<xmax>259</xmax>
			<ymax>557</ymax>
		</bndbox>
	</object>
	<object>
		<name>blood</name>
		<pose>Unspecified</pose>
		<truncated>0</truncated>
		<difficult>0</difficult>
		<bndbox>
			<xmin>284</xmin>
			<ymin>422</ymin>
			<xmax>407</xmax>
			<ymax>524</ymax>
		</bndbox>
	</object>
	<object>
		<name>blood</name>
		<pose>Unspecified</pose>
		<truncated>0</truncated>
		<difficult>0</difficult>
		<bndbox>
			<xmin>137</xmin>
			<ymin>572</ymin>
			<xmax>245</xmax>
			<ymax>676</ymax>
		</bndbox>
	</object>
</annotation>