<annotation>
	<folder>my-project-name</folder>
	<filename>pexels-photo-2902966.jpeg</filename>
	<path>/my-project-name/pexels-photo-2902966.jpeg</path>
	<source>
		<database>Unspecified</database>
	</source>
	<size>
		<width>500</width>
		<height>750</height>
		<depth>3</depth>
	</size>
	<object>
		<name>blood</name>
		<pose>Unspecified</pose>
		<truncated>0</truncated>
		<difficult>0</difficult>
		<bndbox>
			<xmin>79</xmin>
			<ymin>275</ymin>
			<xmax>305</xmax>
			<ymax>446</ymax>
		</bndbox>
	</object>
	<object>
		<name>blood</name>
		<pose>Unspecified</pose>
		<truncated>0</truncated>
		<difficult>0</difficult>
		<bndbox>
			<xmin>156</xmin>
			<ymin>376</ymin>
			<xmax>392</xmax>
			<ymax>546</ymax>
		</bndbox>
	</object>
</annotation>