<annotation>
	<folder>my-project-name</folder>
	<filename>pexels-photo-7691891.jpeg</filename>
	<path>/my-project-name/pexels-photo-7691891.jpeg</path>
	<source>
		<database>Unspecified</database>
	</source>
	<size>
		<width>500</width>
		<height>750</height>
		<depth>3</depth>
	</size>
	<object>
		<name>blood</name>
		<pose>Unspecified</pose>
		<truncated>0</truncated>
		<difficult>0</difficult>
		<bndbox>
			<xmin>84</xmin>
			<ymin>314</ymin>
			<xmax>183</xmax>
			<ymax>438</ymax>
		</bndbox>
	</object>
	<object>
		<name>blood</name>
		<pose>Unspecified</pose>
		<truncated>0</truncated>
		<difficult>0</difficult>
		<bndbox>
			<xmin>384</xmin>
			<ymin>14</ymin>
			<xmax>486</xmax>
			<ymax>184</ymax>
		</bndbox>
	</object>
</annotation>