<annotation>
	<folder>my-project-name</folder>
	<filename>pexels-photo-5605494.jpeg</filename>
	<path>/my-project-name/pexels-photo-5605494.jpeg</path>
	<source>
		<database>Unspecified</database>
	</source>
	<size>
		<width>500</width>
		<height>750</height>
		<depth>3</depth>
	</size>
	<object>
		<name>blood</name>
		<pose>Unspecified</pose>
		<truncated>0</truncated>
		<difficult>0</difficult>
		<bndbox>
			<xmin>0</xmin>
			<ymin>473</ymin>
			<xmax>71</xmax>
			<ymax>570</ymax>
		</bndbox>
	</object>
	<object>
		<name>blood</name>
		<pose>Unspecified</pose>
		<truncated>0</truncated>
		<difficult>0</difficult>
		<bndbox>
			<xmin>122</xmin>
			<ymin>308</ymin>
			<xmax>317</xmax>
			<ymax>430</ymax>
		</bndbox>
	</object>
	<object>
		<name>blood</name>
		<pose>Unspecified</pose>
		<truncated>0</truncated>
		<difficult>0</difficult>
		<bndbox>
			<xmin>204</xmin>
			<ymin>419</ymin>
			<xmax>486</xmax>
			<ymax>569</ymax>
		</bndbox>
	</object>
</annotation>