<annotation>
	<folder>my-project-name</folder>
	<filename>pexels-photo-4230623.jpeg</filename>
	<path>/my-project-name/pexels-photo-4230623.jpeg</path>
	<source>
		<database>Unspecified</database>
	</source>
	<size>
		<width>500</width>
		<height>333</height>
		<depth>3</depth>
	</size>
	<object>
		<name>blood</name>
		<pose>Unspecified</pose>
		<truncated>0</truncated>
		<difficult>0</difficult>
		<bndbox>
			<xmin>54</xmin>
			<ymin>162</ymin>
			<xmax>422</xmax>
			<ymax>232</ymax>
		</bndbox>
	</object>
	<object>
		<name>blood</name>
		<pose>Unspecified</pose>
		<truncated>0</truncated>
		<difficult>0</difficult>
		<bndbox>
			<xmin>173</xmin>
			<ymin>52</ymin>
			<xmax>500</xmax>
			<ymax>156</ymax>
		</bndbox>
	</object>
</annotation>