<annotation>
	<folder>my-project-name</folder>
	<filename>pexels-photo-13921707.jpeg</filename>
	<path>/my-project-name/pexels-photo-13921707.jpeg</path>
	<source>
		<database>Unspecified</database>
	</source>
	<size>
		<width>500</width>
		<height>700</height>
		<depth>3</depth>
	</size>
	<object>
		<name>blood</name>
		<pose>Unspecified</pose>
		<truncated>0</truncated>
		<difficult>0</difficult>
		<bndbox>
			<xmin>249</xmin>
			<ymin>205</ymin>
			<xmax>291</xmax>
			<ymax>271</ymax>
		</bndbox>
	</object>
	<object>
		<name>blood</name>
		<pose>Unspecified</pose>
		<truncated>0</truncated>
		<difficult>0</difficult>
		<bndbox>
			<xmin>304</xmin>
			<ymin>245</ymin>
			<xmax>340</xmax>
			<ymax>271</ymax>
		</bndbox>
	</object>
	<object>
		<name>blood</name>
		<pose>Unspecified</pose>
		<truncated>0</truncated>
		<difficult>0</difficult>
		<bndbox>
			<xmin>300</xmin>
			<ymin>281</ymin>
			<xmax>334</xmax>
			<ymax>303</ymax>
		</bndbox>
	</object>
</annotation>