<annotation>
	<folder>my-project-name</folder>
	<filename>pexels-photo-7692238.jpeg</filename>
	<path>/my-project-name/pexels-photo-7692238.jpeg</path>
	<source>
		<database>Unspecified</database>
	</source>
	<size>
		<width>500</width>
		<height>750</height>
		<depth>3</depth>
	</size>
	<object>
		<name>blood</name>
		<pose>Unspecified</pose>
		<truncated>0</truncated>
		<difficult>0</difficult>
		<bndbox>
			<xmin>116</xmin>
			<ymin>102</ymin>
			<xmax>217</xmax>
			<ymax>236</ymax>
		</bndbox>
	</object>
	<object>
		<name>blood</name>
		<pose>Unspecified</pose>
		<truncated>0</truncated>
		<difficult>0</difficult>
		<bndbox>
			<xmin>306</xmin>
			<ymin>249</ymin>
			<xmax>333</xmax>
			<ymax>281</ymax>
		</bndbox>
	</object>
	<object>
		<name>blood</name>
		<pose>Unspecified</pose>
		<truncated>0</truncated>
		<difficult>0</difficult>
		<bndbox>
			<xmin>195</xmin>
			<ymin>313</ymin>
			<xmax>317</xmax>
			<ymax>461</ymax>
		</bndbox>
	</object>
	<object>
		<name>blood</name>
		<pose>Unspecified</pose>
		<truncated>0</truncated>
		<difficult>0</difficult>
		<bndbox>
			<xmin>368</xmin>
			<ymin>653</ymin>
			<xmax>488</xmax>
			<ymax>750</ymax>
		</bndbox>
	</object>
</annotation>