<annotation>
	<folder>my-project-name</folder>
	<filename>pexels-photo-7692048.jpeg</filename>
	<path>/my-project-name/pexels-photo-7692048.jpeg</path>
	<source>
		<database>Unspecified</database>
	</source>
	<size>
		<width>500</width>
		<height>333</height>
		<depth>3</depth>
	</size>
	<object>
		<name>blood</name>
		<pose>Unspecified</pose>
		<truncated>0</truncated>
		<difficult>0</difficult>
		<bndbox>
			<xmin>313</xmin>
			<ymin>105</ymin>
			<xmax>393</xmax>
			<ymax>167</ymax>
		</bndbox>
	</object>
	<object>
		<name>blood</name>
		<pose>Unspecified</pose>
		<truncated>0</truncated>
		<difficult>0</difficult>
		<bndbox>
			<xmin>248</xmin>
			<ymin>79</ymin>
			<xmax>441</xmax>
			<ymax>276</ymax>
		</bndbox>
	</object>
</annotation>